symbol,name,lastsale,netchange,pctchange,volume,marketCap,country,ipoyear,industry,sector,url,exchange
AACG,ATA Creativity Global American Depositary Shares,$0.93,0.0099,1.076%,5979,63671539.00,China,2008,Other Consumer Services,Real Estate,/market-activity/stocks/aacg,NASDAQ
AACI,Armada Acquisition Corp. III Class A Ordinary Share,$10.04,-0.01,-0.10%,615,0.00,United States,2026,Blank Checks,Finance,/market-activity/stocks/aaci,NASDAQ
AACIU,Armada Acquisition Corp. III Units,$10.14,0.00,0.00%,50,0.00,United States,2026,Blank Checks,Finance,/market-activity/stocks/aaciu,NASDAQ
AACIW,Armada Acquisition Corp. III Warrant,$0.2103,0.00,0.00%,65,0.00,United States,2026,Blank Checks,Finance,/market-activity/stocks/aaciw,NASDAQ
AACO,Abony Acquisition Corp. I Class A Ordinary Share,$9.97,-0.01,-0.10%,153506,0.00,United States,2026,,,/market-activity/stocks/aaco,NASDAQ
AACOU,Abony Acquisition Corp. I Units,$10.07,-0.18,-1.756%,109,0.00,United States,2026,,,/market-activity/stocks/aacou,NASDAQ
AACOW,Abony Acquisition Corp. I Warrants,$0.37,0.00,0.00%,200,0.00,United States,2026,,,/market-activity/stocks/aacow,NASDAQ
AACP,Apogee Acquisition Corp Class A Ordinary Shares,$10.07,0.00,0.00%,80177,0.00,United States,2026,Blank Checks,Finance,/market-activity/stocks/aacp,NASDAQ
AACPR,Apogee Acquisition Corp Rights,$0.1881,0.0479,34.165%,807,0.00,United States,2026,Blank Checks,Finance,/market-activity/stocks/aacpr,NASDAQ
AACPU,Apogee Acquisition Corp Units,$10.30,-0.42,-3.918%,691,0.00,United States,2026,Blank Checks,Finance,/market-activity/stocks/aacpu,NASDAQ
AACPW,Apogee Acquisition Corp Warrant,$0.1075,0.00,0.00%,80,0.00,United States,2026,Blank Checks,Finance,/market-activity/stocks/aacpw,NASDAQ
AAL,American Airlines Group Inc. Common Stock,$13.43,-0.21,-1.54%,68809575,8890256442.00,United States,,Air Freight/Delivery Services,Consumer Discretionary,/market-activity/stocks/aal,NASDAQ
AAME,Atlantic American Corporation Common Stock,$1.39,-0.02,-1.418%,79822,28352147.00,United States,,Life Insurance,Finance,/market-activity/stocks/aame,NASDAQ
AAOI,Applied Optoelectronics Inc. Common Stock,$107.69,1.46,1.374%,4599743,9143558262.00,United States,2013,Semiconductors,Technology,/market-activity/stocks/aaoi,NASDAQ
AAON,AAON Inc. Common Stock,$75.97,0.10,0.132%,870337,6264002955.00,United States,,Industrial Machinery/Components,Industrials,/market-activity/stocks/aaon,NASDAQ
AAPG,Ascentage Pharma Group International American Depository Shares,$17.10,-1.1761,-6.435%,6068,1595952371.00,China,2025,Biotechnology: Pharmaceutical Preparations,Health Care,/market-activity/stocks/aapg,NASDAQ
AAPL,Apple Inc. Common Stock,$316.85,-2.85,-0.891%,41211306,4624165933000.00,United States,1980,Computer Manufacturing,Technology,/market-activity/stocks/aapl,NASDAQ
AARD,Aardvark Therapeutics Inc. Common Stock,$6.10,0.31,5.354%,125451,133497561.00,United States,2025,Biotechnology: Pharmaceutical Preparations,Health Care,/market-activity/stocks/aard,NASDAQ
ABAT,American Battery Technology Company Common Stock,$2.70,0.13,5.058%,3338353,368318904.00,United States,,Mining & Quarrying of Nonmetallic Minerals (No Fuels),Industrials,/market-activity/stocks/abat,NASDAQ
ABCL,AbCellera Biologics Inc. Common Shares,$11.48,0.13,1.145%,4928515,3382760307.00,Canada,2020,Biotechnology: Pharmaceutical Preparations,Health Care,/market-activity/stocks/abcl,NASDAQ
ABEO,Abeona Therapeutics Inc. Common Stock,$5.85,-0.07,-1.182%,993592,334526499.00,United States,,Biotechnology: Pharmaceutical Preparations,Health Care,/market-activity/stocks/abeo,NASDAQ
ABLV,Able View Global Inc. Class B Ordinary Shares,$1.07,-0.1094,-9.276%,92430,52847217.00,China,,Other Consumer Services,Consumer Discretionary,/market-activity/stocks/ablv,NASDAQ
ABLVW,Able View Global Inc. Warrant,$0.015,-0.0001,-0.662%,14672,740849.00,China,,Other Consumer Services,Consumer Discretionary,/market-activity/stocks/ablvw,NASDAQ
ABNB,Airbnb Inc. Class A Common Stock,$183.22,-6.21,-3.278%,7598350,109709512656.00,United States,2020,Diversified Commercial Services,Consumer Discretionary,/market-activity/stocks/abnb,NASDAQ
ABOS,Acumen Pharmaceuticals Inc. Common Stock,$2.85,-0.07,-2.397%,244228,206104262.00,United States,2021,Biotechnology: Biological Products (No Diagnostic Substances),Health Care,/market-activity/stocks/abos,NASDAQ
ABSI,Absci Corporation Common Stock,$9.04,0.33,3.789%,5259709,1551390650.00,United States,2021,Biotechnology: Commercial Physical & Biological Resarch,Health Care,/market-activity/stocks/absi,NASDAQ
ABTC,American Bitcoin Corp. Class A Common Stock,$8.07,0.38,4.941%,1316389,587655084.00,United States,2018,Finance: Consumer Services,Finance,/market-activity/stocks/abtc,NASDAQ
ABTS,Abits Group Inc Ordinary Shares,$1.49,0.1201,8.767%,132575,4789523.00,China,,Finance: Consumer Services,Finance,/market-activity/stocks/abts,NASDAQ
ABUS,Arbutus Biopharma Corporation Common Stock,$5.08,0.01,0.197%,3562023,1005067002.00,Canada,,Biotechnology: Pharmaceutical Preparations,Health Care,/market-activity/stocks/abus,NASDAQ
ABVC,ABVC BioPharma Inc. Common Stock,$0.8575,0.0275,3.313%,113484,22856118.00,United States,,Biotechnology: Pharmaceutical Preparations,Health Care,/market-activity/stocks/abvc,NASDAQ
ABVX,Abivax SA American Depositary Shares,$111.73,-1.62,-1.429%,1056784,9619342396.00,France,2023,Biotechnology: Pharmaceutical Preparations,Health Care,/market-activity/stocks/abvx,NASDAQ
ACAA,Averin Capital Acquisition Corp. Class A Ordinary Shares,$9.97,-0.05,-0.499%,449995,0.00,United States,2026,Blank Checks,Finance,/market-activity/stocks/acaa,NASDAQ
ACAD,ACADIA Pharmaceuticals Inc. Common Stock,$28.91,-0.20,-0.687%,1035962,4981352525.00,United States,1985,Biotechnology: Pharmaceutical Preparations,Health Care,/market-activity/stocks/acad,NASDAQ
ACB,Aurora Cannabis Inc. Common Shares,$4.05,0.04,0.998%,872811,250925542.00,Canada,, Medicinal Chemicals and Botanical Products ,Health Care,/market-activity/stocks/acb,NASDAQ
ACCL,Acco Group Holdings Limited Class A Ordinary Shares,$2.93,0.005,0.171%,384,40727000.00,Hong Kong,2025,Professional Services,Consumer Discretionary,/market-activity/stocks/accl,NASDAQ
ACDC,ProFrac Holding Corp. Class A Common Stock,$5.10,0.11,2.204%,872872,928826086.00,United States,2022,Oilfield Services/Equipment,Energy,/market-activity/stocks/acdc,NASDAQ
ACET,Adicet Bio Inc. Common Stock,$8.70,-0.36,-3.974%,111963,81444963.00,United States,2018,Biotechnology: Pharmaceutical Preparations,Health Care,/market-activity/stocks/acet,NASDAQ
ACFN,Acorn Energy Inc. Common Stock,$19.14,-0.59,-2.99%,39185,48034089.00,United States,,Military/Government/Technical,Consumer Discretionary,/market-activity/stocks/acfn,NASDAQ
ACGC,ACP Holdings Acquisition Corp. Class A Ordinary Shares,$10.0046,0.00,0.00%,6,0.00,United States,2026,Blank Checks,Finance,/market-activity/stocks/acgc,NASDAQ
ACGCW,ACP Holdings Acquisition Corp. Warrants,$0.31,0.00,0.00%,4,0.00,United States,2026,Blank Checks,Finance,/market-activity/stocks/acgcw,NASDAQ
ACGL,Arch Capital Group Ltd. Common Stock,$98.07,-0.77,-0.779%,3796926,33464340387.00,Bermuda,,Property-Casualty Insurers,Finance,/market-activity/stocks/acgl,NASDAQ
ACGLN,Arch Capital Group Ltd. Depositary Shares each Representing a 1/1000th Interest in a 4.550% Non-Cumulative Preferred Share Series G,$15.81,-0.13,-0.816%,49916,5394832482.00,Bermuda,,Property-Casualty Insurers,Finance,/market-activity/stocks/acgln,NASDAQ
ACGLO,Arch Capital Group Ltd. Depositary Shares Each Representing 1/1000th Interest in a Share of 5.45% Non-Cumulative Preferred Shares Series F,$18.95,-0.02,-0.105%,39227,6466291938.00,Bermuda,,Property-Casualty Insurers,Finance,/market-activity/stocks/acglo,NASDAQ
ACHC,Acadia Healthcare Company Inc. Common Stock,$27.56,-0.99,-3.468%,2076064,2565843579.00,United States,,Medical Specialities,Health Care,/market-activity/stocks/achc,NASDAQ
ACHV,Achieve Life Sciences Inc. Common Shares,$7.94,-0.16,-1.975%,1058988,817045771.00,United States,,Biotechnology: In Vitro & In Vivo Diagnostic Substances,Health Care,/market-activity/stocks/achv,NASDAQ
ACIC,American Coastal Insurance Corporation Common Stock,$9.47,-0.03,-0.316%,323969,447664211.00,United States,,Property-Casualty Insurers,Finance,/market-activity/stocks/acic,NASDAQ
ACIU,AC Immune SA Common Stock,$2.64,-0.01,-0.377%,132973,268682233.00,Switzerland,2016,Biotechnology: Pharmaceutical Preparations,Health Care,/market-activity/stocks/aciu,NASDAQ
ACIW,ACI Worldwide Inc. Common Stock,$53.28,-0.55,-1.022%,1050021,5378895240.00,United States,,Computer Software: Prepackaged Software,Technology,/market-activity/stocks/aciw,NASDAQ
ACLS,Axcelis Technologies Inc. Common Stock,$115.33,-0.24,-0.208%,307806,3561562126.00,United States,2000,Industrial Machinery/Components,Technology,/market-activity/stocks/acls,NASDAQ
ACMR,ACM Research Inc. Class A Common Stock,$72.82,-1.60,-2.15%,861413,5071854453.00,United States,2017,Industrial Machinery/Components,Technology,/market-activity/stocks/acmr,NASDAQ
ACNB,ACNB Corporation Common Stock,$64.99,0.48,0.744%,81168,660943751.00,United States,,Major Banks,Finance,/market-activity/stocks/acnb,NASDAQ
ACNT,Ascent Industries Co. Common Stock,$15.17,-0.26,-1.685%,30940,136673402.00,United States,,Major Chemicals,Industrials,/market-activity/stocks/acnt,NASDAQ
ACOG,Alpha Cognition Inc. Common Stock,$9.27,0.11,1.201%,215630,201845944.00,Canada,,,,/market-activity/stocks/acog,NASDAQ
ACON,Aclarion Inc. Common Stock,$2.35,-0.05,-2.083%,37128,6773572.00,United States,2022,Medical Specialities,Health Care,/market-activity/stocks/acon,NASDAQ
ACONW,Aclarion Inc. Warrant,$0.0254,-0.0001,-0.392%,2466,73212.00,United States,2022,Medical Specialities,Health Care,/market-activity/stocks/aconw,NASDAQ
ACRS,Aclaris Therapeutics Inc. Common Stock,$6.05,0.04,0.666%,1633184,890553303.00,United States,2015,Biotechnology: Pharmaceutical Preparations,Health Care,/market-activity/stocks/acrs,NASDAQ
ACRV,Acrivon Therapeutics Inc. Common Stock,$2.09,0.03,1.456%,160129,89563527.00,United States,2022,Biotechnology: Pharmaceutical Preparations,Health Care,/market-activity/stocks/acrv,NASDAQ
ACT,Enact Holdings Inc. Common Stock,$48.20,-0.87,-1.773%,246003,6626712942.00,United States,2021,Specialty Insurers,Finance,/market-activity/stocks/act,NASDAQ
ACTG,Acacia Research Corporation (Acacia Tech) Common Stock,$4.44,-0.03,-0.671%,197245,433285414.00,United States,,Multi-Sector Companies,Miscellaneous,/market-activity/stocks/actg,NASDAQ
ACTU,Actuate Therapeutics Inc. Common stock,$1.52,-0.135,-8.157%,274764,36501587.00,United States,2024,Biotechnology: Pharmaceutical Preparations,Health Care,/market-activity/stocks/actu,NASDAQ
ACXP,Acurx Pharmaceuticals Inc. Common Stock,$1.45,0.01,0.694%,111537,7641385.00,United States,2021,Biotechnology: Pharmaceutical Preparations,Health Care,/market-activity/stocks/acxp,NASDAQ
ADAC,American Drive Acquisition Company Class A Ordinary Shares,$10.09,0.00,0.00%,30,0.00,United States,2026,,,/market-activity/stocks/adac,NASDAQ
ADACW,American Drive Acquisition Company Warrant,$0.41,-0.09,-18.00%,295,0.00,United States,2026,,,/market-activity/stocks/adacw,NASDAQ
ADAG,Adagene Inc. American Depositary Shares,$3.51,-0.17,-4.62%,131620,231841095.00,China,2021,Biotechnology: Pharmaceutical Preparations,Health Care,/market-activity/stocks/adag,NASDAQ
ADAM,Adamas Trust Inc. Common Stock,$9.74,-0.06,-0.612%,796816,875429116.00,United States,,Real Estate Investment Trusts,Real Estate,/market-activity/stocks/adam,NASDAQ
ADAMG,Adamas Trust Inc. 9.125% Senior Notes Due 2030,$25.2499,0.0998,0.397%,9323,0.00,United States,,Real Estate Investment Trusts,Real Estate,/market-activity/stocks/adamg,NASDAQ
ADAMH,Adamas Trust Inc. 9.875% Senior Notes Due 2030,$25.49,-0.02,-0.078%,25049,0.00,United States,,Real Estate Investment Trusts,Real Estate,/market-activity/stocks/adamh,NASDAQ
ADAMI,Adamas Trust Inc. 9.125% Senior Notes Due 2029,$25.35,0.01,0.039%,1436,2296189032.00,United States,,Real Estate Investment Trusts,Real Estate,/market-activity/stocks/adami,NASDAQ
ADAMK,Adamas Trust Inc. 9.600% Senior Notes Due 2031 ,$25.14,0.06,0.239%,21949,0.00,United States,,Real Estate Investment Trusts,Real Estate,/market-activity/stocks/adamk,NASDAQ
ADAML,Adamas Trust Inc. 6.875% Series F Fixed-to-Floating Rate Cumulative Redeemable Preferred Stock $0.01 par value per share,$24.93,0.08,0.322%,32630,2240703065.00,United States,,Real Estate Investment Trusts,Real Estate,/market-activity/stocks/adaml,NASDAQ
ADAMM,Adamas Trust Inc. 7.875% Series E Fixed-to-Floating Rate Cumulative Redeemable Preferred Stock,$25.68,0.035,0.136%,10646,2308112904.00,United States,,Real Estate Investment Trusts,Real Estate,/market-activity/stocks/adamm,NASDAQ
ADAMN,Adamas Trust Inc. 8.00% Series D Fixed-to-Floating Rate Cumulative Redeemable Preferred Stock,$24.93,-0.18,-0.717%,19243,2240703065.00,United States,,Real Estate Investment Trusts,Real Estate,/market-activity/stocks/adamn,NASDAQ
ADAMO,Adamas Trust Inc. 9.250% Senior Notes Due 2031,$25.195,0.035,0.139%,22632,0.00,United States,,Real Estate Investment Trusts,Real Estate,/market-activity/stocks/adamo,NASDAQ
ADAMZ,Adamas Trust Inc. 7.000% Series G Cumulative Redeemable Preferred Stock $0.01 par value per share,$18.04,-0.19,-1.042%,19128,1621431339.00,United States,,Real Estate Investment Trusts,Real Estate,/market-activity/stocks/adamz,NASDAQ
ADBE,Adobe Inc. Common Stock,$292.79,1.27,0.436%,5207611,116384025000.00,United States,1986,Computer Software: Prepackaged Software,Technology,/market-activity/stocks/adbe,NASDAQ
ADBT,Advasa Holdings Inc. Common Stock,$4.54,-0.45,-9.018%,242990,2211278287.00,Japan,,Computer Software: Prepackaged Software,Technology,/market-activity/stocks/adbt,NASDAQ
ADEA,Adeia Inc. Common Stock,$25.23,-0.49,-1.905%,998550,2782368185.00,United States,2003,Cable & Other Pay Television Services,Telecommunications,/market-activity/stocks/adea,NASDAQ
ADGM,Adagio Medical Holdings Inc Common Stock,$0.5284,0.0174,3.405%,279707,11736007.00,United States,,Medical/Dental Instruments,Health Care,/market-activity/stocks/adgm,NASDAQ
ADI,Analog Devices Inc. Common Stock,$362.14,0.36,0.10%,2754157,175480537495.00,United States,,Semiconductors,Technology,/market-activity/stocks/adi,NASDAQ
ADIL,Adial Pharmaceuticals Inc Common Stock,$5.75,0.15,2.679%,69919,15098868.00,United States,2018,Biotechnology: Pharmaceutical Preparations,Health Care,/market-activity/stocks/adil,NASDAQ
ADMA,ADMA Biologics Inc Common Stock,$9.39,0.05,0.535%,1756342,2103216145.00,United States,,Biotechnology: Biological Products (No Diagnostic Substances),Health Care,/market-activity/stocks/adma,NASDAQ
ADP,Automatic Data Processing Inc. Common Stock,$286.16,-1.32,-0.459%,1569166,113680704820.00,United States,,EDP Services,Technology,/market-activity/stocks/adp,NASDAQ
ADPT,Adaptive Biotechnologies Corporation Common Stock,$24.92,-0.27,-1.072%,2237537,3977128383.00,United States,2019,Biotechnology: Biological Products (No Diagnostic Substances),Health Care,/market-activity/stocks/adpt,NASDAQ
ADSE,ADS-TEC ENERGY PLC Ordinary Shares,$11.74,0.44,3.894%,70885,882023030.00,Ireland,,Industrial Specialties,Consumer Discretionary,/market-activity/stocks/adse,NASDAQ
ADSEW,ADS-TEC ENERGY PLC Warrant,$0.5335,0.1812,51.433%,54041,40081711.00,Ireland,,Industrial Specialties,Consumer Discretionary,/market-activity/stocks/adsew,NASDAQ
ADSK,Autodesk Inc. Common Stock,$258.53,-2.13,-0.817%,1823299,54549830000.00,United States,,Computer Software: Prepackaged Software,Technology,/market-activity/stocks/adsk,NASDAQ
ADTN,ADTRAN Holdings Inc. Common Stock,$7.75,0.03,0.389%,1711815,631480904.00,United States,1994,Telecommunications Equipment,Utilities,/market-activity/stocks/adtn,NASDAQ
ADUR,Aduro Clean Technologies Inc. Common Stock,$13.82,-0.35,-2.47%,576558,488028825.00,Canada,,Major Chemicals,Industrials,/market-activity/stocks/adur,NASDAQ
ADUS,Addus HomeCare Corporation Common Stock,$114.67,-0.88,-0.762%,195333,2141381981.00,United States,2009,Medical/Nursing Services,Health Care,/market-activity/stocks/adus,NASDAQ
ADV,Advantage Solutions Inc. Class A Common Stock,$32.97,-1.535,-4.449%,64719,422748923.00,United States,2019,Business Services,Consumer Discretionary,/market-activity/stocks/adv,NASDAQ
ADVB,Advanced Biomed Inc. Common Stock,$9.45,-0.25,-2.577%,146988,15612657.00,Taiwan,2025,Medical Specialities,Health Care,/market-activity/stocks/advb,NASDAQ
ADXN,Addex Therapeutics Ltd American Depositary Shares,$3.92,0.08,2.083%,16212,6678555.00,Switzerland,,Biotechnology: Pharmaceutical Preparations,Health Care,/market-activity/stocks/adxn,NASDAQ
AEAQ,Activate Energy Acquisition Corp. Class A Ordinary Share,$10.10,0.00,0.00%,9,0.00,Cayman Islands,2026,,,/market-activity/stocks/aeaq,NASDAQ
AEAQU,Activate Energy Acquisition Corp. Unit,$10.19,-0.07,-0.682%,109,0.00,Cayman Islands,2025,,,/market-activity/stocks/aeaqu,NASDAQ
AEAQW,Activate Energy Acquisition Corp. Warrant,$0.32,-0.0154,-4.592%,7260,0.00,Cayman Islands,2026,,,/market-activity/stocks/aeaqw,NASDAQ
AEBI,Aebi Schmidt Holding AG Common Stock ,$12.65,0.30,2.429%,482845,981632208.00,Switzerland,,Auto Manufacturing,Industrials,/market-activity/stocks/aebi,NASDAQ
AEC,Anfield Energy Inc. Common Shares,$4.42,0.07,1.609%,29957,88178894.00,Canada,,Metal Mining,Basic Materials,/market-activity/stocks/aec,NASDAQ
AEHL,Antelope Enterprise Holdings Limited Class A Ordinary Shares,$6.49,2.95,83.333%,47164842,9533258.00,China,,Telecommunications Equipment,Consumer Discretionary,/market-activity/stocks/aehl,NASDAQ
AEHR,Aehr Test Systems Common Stock,$79.27,-1.54,-1.906%,2261212,2585823072.00,United States,1997,Electrical Products,Industrials,/market-activity/stocks/aehr,NASDAQ
AEI,Alset Inc. Common Stock (TX),$1.42,0.00,0.00%,11854,55232079.00,United States,2020,Real Estate,Finance,/market-activity/stocks/aei,NASDAQ
AEIS,Advanced Energy Industries Inc. Common Stock,$276.86,4.04,1.481%,636555,11088365372.00,United States,1995,Industrial Machinery/Components,Technology,/market-activity/stocks/aeis,NASDAQ
AEMD,Aethlon Medical Inc. Common Stock,$2.06,-0.43,-17.269%,844845,1464940.00,United States,,Medical/Dental Instruments,Health Care,/market-activity/stocks/aemd,NASDAQ
AENT,Alliance Entertainment Holding Corporation Class A Common Stock,$4.90,-0.59,-10.747%,130651,249800187.00,United States,,Durable Goods,Consumer Discretionary,/market-activity/stocks/aent,NASDAQ
AENTW,Alliance Entertainment Holding Corporation Warrant,$0.3625,0.00,0.00%,417,18480116.00,United States,,Durable Goods,Consumer Discretionary,/market-activity/stocks/aentw,NASDAQ
AEP,American Electric Power Company Inc. Common Stock,$122.43,0.12,0.098%,4149075,66650567805.00,United States,,Electric Utilities: Central,Utilities,/market-activity/stocks/aep,NASDAQ
AERT,Aeries Technology Inc. Class A Ordinary Share,$7.12,0.06,0.85%,25682,37364706.00,United States,2021,Professional Services,Consumer Discretionary,/market-activity/stocks/aert,NASDAQ
AERTW,Aeries Technology Inc. Warrant,$0.0198,0.00,0.00%,4,103907.00,United States,2021,Professional Services,Consumer Discretionary,/market-activity/stocks/aertw,NASDAQ
AESP,Aeon Acquisition I Corp. Class A Ordinary Shares,$9.98,0.005,0.05%,7374,0.00,United States,2026,Blank Checks,Finance,/market-activity/stocks/aesp,NASDAQ
AESPR,Aeon Acquisition I Corp. Rights,$0.2041,0.0089,4.559%,300,0.00,United States,2026,Blank Checks,Finance,/market-activity/stocks/aespr,NASDAQ
AESPU,Aeon Acquisition I Corp. Units,$10.2299,0.00,0.00%,700,0.00,United States,2026,,,/market-activity/stocks/aespu,NASDAQ
AESPW,Aeon Acquisition I Corp. Warrants,$0.06,0.00,0.00%,7,0.00,United States,2026,Blank Checks,Finance,/market-activity/stocks/aespw,NASDAQ
AEVA,Aeva Technologies Inc. Common Stock,$15.66,0.03,0.192%,1554139,1091592170.00,United States,,Auto Parts:O.E.M.,Consumer Discretionary,/market-activity/stocks/aeva,NASDAQ
AEYE,AudioEye Inc. Common Stock,$7.37,0.21,2.933%,152024,92638497.00,United States,,Computer Software: Prepackaged Software,Technology,/market-activity/stocks/aeye,NASDAQ
AFCG,Advanced Flower Capital Inc. Common Stock,$3.60,0.00,0.00%,193927,81618908.00,United States,2021,Real Estate,Finance,/market-activity/stocks/afcg,NASDAQ
AFJK,Aimei Health Technology Co. Ltd Ordinary Share,$12.01,-0.09,-0.744%,3694,0.00,United States,2024,,,/market-activity/stocks/afjk,NASDAQ
AFJKR,Aimei Health Technology Co. Ltd Right,$0.1001,0.00,0.00%,4815,0.00,United States,2024,,,/market-activity/stocks/afjkr,NASDAQ
AFJKU,Aimei Health Technology Co. Ltd Unit,$11.81,0.00,0.00%,13,0.00,United States,2023,,,/market-activity/stocks/afjku,NASDAQ
AFRI,Forafric Global PLC Ordinary Shares,$10.89,0.12,1.114%,35610,293635945.00,Gibraltar,,Packaged Foods,Consumer Staples,/market-activity/stocks/afri,NASDAQ
AFRIW,Forafric Global PLC Warrants,$1.05,0.04,3.96%,600,28312006.00,Gibraltar,,Packaged Foods,Consumer Staples,/market-activity/stocks/afriw,NASDAQ
AFRM,Affirm Holdings Inc. Class A Common Stock,$74.45,-3.31,-4.257%,11680469,25121012509.00,United States,2021,Finance: Consumer Services,Finance,/market-activity/stocks/afrm,NASDAQ
AFYA,Afya Limited Class A Common Shares,$14.60,0.01,0.069%,728130,1368353333.00,Brazil,2019,Other Consumer Services,Real Estate,/market-activity/stocks/afya,NASDAQ
AGCC,Agencia Comercial Spirits Ltd Class A Ordinary Shares,$14.66,-0.19,-1.279%,6641,546620090.00,Taiwan,2025,Beverages (Production/Distribution),Consumer Staples,/market-activity/stocks/agcc,NASDAQ
AGEN,Agenus Inc. Common Stock,$7.61,-0.05,-0.653%,719464,342605297.00,United States,2000,Biotechnology: Biological Products (No Diagnostic Substances),Health Care,/market-activity/stocks/agen,NASDAQ
AGIO,Agios Pharmaceuticals Inc. Common Stock,$33.68,0.36,1.08%,1109643,2010759386.00,United States,2013,Biotechnology: Pharmaceutical Preparations,Health Care,/market-activity/stocks/agio,NASDAQ
AGMB,AgomAb Therapeutics NV American Depositary Shares,$13.17,0.00,0.00%,105447,648595831.00,Belgium,2026,Biotechnology: Biological Products (No Diagnostic Substances),Health Care,/market-activity/stocks/agmb,NASDAQ
AGMH,AGM Group Holdings Inc. Class A Ordinary Shares,$0.9252,-0.0149,-1.585%,21279,4437606.00,Hong Kong,2018,EDP Services,Technology,/market-activity/stocks/agmh,NASDAQ
AGNC,AGNC Investment Corp. Common Stock,$10.73,-0.05,-0.464%,16696166,12720215926.00,United States,2008,Real Estate Investment Trusts,Real Estate,/market-activity/stocks/agnc,NASDAQ
AGNCL,AGNC Investment Corp. Depositary Shares Each Representing a 1/1000th Interest in a Share of 7.75% Series G Fixed-Rate Reset Cumulative Redeemable Preferred Stock,$25.47,0.078,0.307%,9409,30194212455.00,United States,,Real Estate Investment Trusts,Real Estate,/market-activity/stocks/agncl,NASDAQ
AGNCM,AGNC Investment Corp. Depositary Shares rep 6.875% Series D Fixed-to-Floating Cumulative Redeemable Preferred Stock,$25.20,0.04,0.159%,14454,29874132464.00,United States,,Real Estate Investment Trusts,Real Estate,/market-activity/stocks/agncm,NASDAQ
AGNCN,AGNC Investment Corp. Depositary Shares Each Representing a 1/1000th Interest in a Share of 7.00% Series C Fixed-To-Floating Rate Cumulative Redeemable Preferred Stock,$25.865,-0.015,-0.058%,12090,30662477627.00,United States,,Real Estate Investment Trusts,Real Estate,/market-activity/stocks/agncn,NASDAQ
AGNCO,AGNC Investment Corp. Depositary Shares each representing a 1/1000th interest in a share of 6.50% Series E Fixed-to-Floating Cumulative Redeemable Preferred Stock,$25.72,0.05,0.195%,31937,30490582817.00,United States,,Real Estate Investment Trusts,Real Estate,/market-activity/stocks/agnco,NASDAQ
AGNCP,AGNC Investment Corp. Depositary Shares Each Representing a 1/1000th Interest in a Share of 6.125% Series F Fixed-to-Floating Rate Cumulative Redeemable Preferred Stock,$25.44,0.01,0.039%,52534,30158648012.00,United States,,Real Estate Investment Trusts,Real Estate,/market-activity/stocks/agncp,NASDAQ
AGNCZ,AGNC Investment Corp. Depositary Shares Each Representing a 1/1000th Interest in a Share of 8.75% Series H Fixed-Rate Cumulative Redeemable Preferred Stock,$25.66,0.0401,0.157%,30348,30419453930.00,United States,,Real Estate Investment Trusts,Real Estate,/market-activity/stocks/agncz,NASDAQ
AGNT,AGNT Inc. Common Stock,$4.12,-0.12,-2.83%,2449065,688525900.00,United States,,Real Estate,Finance,/market-activity/stocks/agnt,NASDAQ
AGPU,Axe Compute Inc. Common Stock,$9.96,0.04,0.403%,173088,115447595.00,United States,,Industrial Specialties,Health Care,/market-activity/stocks/agpu,NASDAQ
AGRZ,Agroz Inc. Class A Ordinary Shares,$0.2196,-0.0204,-8.50%,323961,4484997.00,Malaysia,2025,Farming/Seeds/Milling,Consumer Staples,/market-activity/stocks/agrz,NASDAQ
AGYS,Agilysys Inc. Common Stock (DE),$116.41,-1.47,-1.247%,211624,3283435781.00,United States,,EDP Services,Technology,/market-activity/stocks/agys,NASDAQ
AHCO,AdaptHealth Corp. Common Stock,$5.59,-0.20,-3.454%,2615768,762164056.00,United States,2018,Medical/Nursing Services,Health Care,/market-activity/stocks/ahco,NASDAQ
AHG,Akso Health Group ADS,$0.90,0.0432,5.042%,6205,771033759.00,China,2017,Business Services,Consumer Discretionary,/market-activity/stocks/ahg,NASDAQ
AHMA,Ambitions Enterprise Management Co. L.L.C Class A Ordinary Shares,$1.38,-0.035,-2.473%,28211,41020500.00,United Arab Emirates,2025,Services-Misc. Amusement & Recreation,Consumer Discretionary,/market-activity/stocks/ahma,NASDAQ
AIAI,AIAI Holdings Corporation Class A Common Stock,$3.73,-0.33,-8.128%,274649,263572099.00,United States,,EDP Services,Technology,/market-activity/stocks/aiai,NASDAQ
AIBZ,Bitzero Holdings Inc. Common Shares,$5.17,-0.20,-3.724%,299526,291493131.00,Canada,,Services-Misc. Amusement & Recreation,Consumer Discretionary,/market-activity/stocks/aibz,NASDAQ
AIDX,20/20 Biolabs Inc. Common Stock,$0.6162,-0.0078,-1.25%,38364,7869061.00,United States,,Precision Instruments,Health Care,/market-activity/stocks/aidx,NASDAQ
AIFA,All In FutureTech Alliance Inc. Common Stock,$3.02,0.20,7.092%,53463,19389354.00,United States,2017,Services-Misc. Amusement & Recreation,Consumer Discretionary,/market-activity/stocks/aifa,NASDAQ
AIFC,AI Financial Corporation Common Stock,$0.55,-0.0444,-7.47%,746548,76910081.00,United States,,Investment Bankers/Brokers/Service,Finance,/market-activity/stocks/aifc,NASDAQ
AIFF,Firefly Neuroscience Inc. Common Stock,$1.12,0.04,3.704%,95553,17573154.00,United States,,Computer Software: Prepackaged Software,Technology,/market-activity/stocks/aiff,NASDAQ
AIFU,AIFU Inc. Class A Ordinary Share,$21.49,0.14,0.656%,27175,132715922.00,China,2007,Specialty Insurers,Finance,/market-activity/stocks/aifu,NASDAQ
AIIO,Robo.ai Inc. Class B Ordinary Shares,$2.21,-0.06,-2.643%,444140,373634183.00,United Arab Emirates,,Auto Manufacturing,Industrials,/market-activity/stocks/aiio,NASDAQ
AIIOW,Robo.ai Inc. Warrant,$0.0234,-0.0004,-1.681%,1710,3956127.00,United Arab Emirates,,Auto Manufacturing,Industrials,/market-activity/stocks/aiiow,NASDAQ
AIIR,Air Global PLC Ordinary Shares,$7.48,0.01,0.134%,8510,1199691783.00,United Arab Emirates,,Tobacco,Consumer Discretionary,/market-activity/stocks/aiir,NASDAQ
AIMD,Ainos Inc. Common Stock,$1.40,-0.01,-0.709%,12389,11961702.00,United States,,Computer peripheral equipment,Technology,/market-activity/stocks/aimd,NASDAQ
AIOS,AIOS Tech Inc. Class A Common Shares,$15.55,-1.10,-6.607%,320409,50525915.00,China,2016,Metal Fabrications,Industrials,/market-activity/stocks/aios,NASDAQ
AIOT,PowerFleet Inc. Common Stock,$3.00,-0.05,-1.639%,1435683,402677754.00,United States,,Telecommunications Equipment,Telecommunications,/market-activity/stocks/aiot,NASDAQ
AIP,Arteris Inc. Common Stock,$21.88,-0.13,-0.591%,1137773,1075447992.00,United States,2021,Semiconductors,Technology,/market-activity/stocks/aip,NASDAQ
AIRE,reAlpha Tech Corp. Common Stock,$1.58,-0.03,-1.863%,25043,9297155.00,United States,,Real Estate,Finance,/market-activity/stocks/aire,NASDAQ
AIRG,Airgain Inc. Common Stock,$5.26,0.10,1.938%,125254,68907231.00,United States,2016,Radio And Television Broadcasting And Communications Equipment,Technology,/market-activity/stocks/airg,NASDAQ
AIRJ,AirJoule Technologies Corporation Class A Common Stock,$4.53,-0.03,-0.658%,1025513,332263695.00,United States,2022,Industrial Machinery/Components,Industrials,/market-activity/stocks/airj,NASDAQ
AIRJW,AirJoule Technologies Corporation Warrant,$1.24,0.08,6.897%,4345,90950769.00,United States,2022,Industrial Machinery/Components,Industrials,/market-activity/stocks/airjw,NASDAQ
AIRO,AIRO Group Holdings Inc. Common Stock,$7.62,-0.14,-1.804%,582211,240456088.00,United States,2025,Aerospace,Industrials,/market-activity/stocks/airo,NASDAQ
AIRS,AirSculpt Technologies Inc. Common Stock,$2.52,-0.08,-3.077%,679211,181679927.00,United States,2021,Medical/Nursing Services,Health Care,/market-activity/stocks/airs,NASDAQ
AIRT,Air T Inc. Common Stock,$31.77,-0.38,-1.182%,3611,85199134.00,United States,,Air Freight/Delivery Services,Consumer Discretionary,/market-activity/stocks/airt,NASDAQ
AIRTP,Air T Inc. Air T Funding Alpha Income Trust Preferred Securities,$18.8001,0.0551,0.294%,648,50417131.00,United States,,Air Freight/Delivery Services,Consumer Discretionary,/market-activity/stocks/airtp,NASDAQ
AISP,Airship AI Holdings Inc. Class A Common Stock,$2.13,0.04,1.914%,190579,73356267.00,United States,2021,Computer Software: Prepackaged Software,Technology,/market-activity/stocks/aisp,NASDAQ
AISPW,Airship AI Holdings Inc. Warrants,$0.5198,0.0198,3.96%,12978,17901684.00,United States,2021,Computer Software: Prepackaged Software,Technology,/market-activity/stocks/aispw,NASDAQ
AIXC,AIxCrypto Holdings Inc. Common Stock,$0.8135,0.0307,3.922%,613710,16461167.00,United States,2015,Finance: Consumer Services,Finance,/market-activity/stocks/aixc,NASDAQ
AIXI,XIAO-I Corporation American Depositary Shares,$0.503,-0.043,-7.875%,2033602,1376845.00,China,2023,Computer Software: Prepackaged Software,Technology,/market-activity/stocks/aixi,NASDAQ
AKAM,Akamai Technologies Inc. Common Stock,$108.62,1.15,1.07%,2403355,15610498070.00,United States,1999,Business Services,Consumer Discretionary,/market-activity/stocks/akam,NASDAQ
AKAN,Akanda Corp. Common Shares,$4.075,0.185,4.756%,103525,2203927.00,United Kingdom,2022, Medicinal Chemicals and Botanical Products ,Health Care,/market-activity/stocks/akan,NASDAQ
AKBA,Akebia Therapeutics Inc. Common Stock,$0.9188,0.0402,4.575%,15179966,254605218.00,United States,2014,Biotechnology: Pharmaceutical Preparations,Health Care,/market-activity/stocks/akba,NASDAQ
AKTS,Aktis Oncology Inc. Common stock,$25.91,0.13,0.504%,213617,1441101219.00,United States,2026,Biotechnology: Pharmaceutical Preparations,Health Care,/market-activity/stocks/akts,NASDAQ
AKTX,Akari Therapeutics plc ADS,$10.43,-0.27,-2.523%,81393,20307022.00,United Kingdom,,Biotechnology: Pharmaceutical Preparations,Health Care,/market-activity/stocks/aktx,NASDAQ
ALAB,Astera Labs Inc. Common Stock,$296.98,7.51,2.594%,2353368,51521606186.00,United States,2024,Semiconductors,Technology,/market-activity/stocks/alab,NASDAQ
ALAR,Alarum Technologies Ltd. American Depositary Share,$1.63,0.01,0.617%,36958,11818268.00,Israel,2018,Computer Software: Prepackaged Software,Technology,/market-activity/stocks/alar,NASDAQ
ALCO,Alico Inc. Common Stock,$39.73,-0.69,-1.707%,18468,294739429.00,United States,,Farming/Seeds/Milling,Consumer Staples,/market-activity/stocks/alco,NASDAQ
ALDF,Aldel Financial II Inc. Class A Ordinary Shares,$10.79,0.00,0.00%,1246,0.00,United States,2024,,,/market-activity/stocks/aldf,NASDAQ
ALDX,Aldeyra Therapeutics Inc. Common Stock,$1.48,-0.005,-0.337%,495083,89283103.00,United States,2014,Biotechnology: Pharmaceutical Preparations,Health Care,/market-activity/stocks/aldx,NASDAQ
ALEC,Alector Inc. Common Stock,$2.26,-0.08,-3.419%,610068,252344637.00,United States,2019,Biotechnology: Biological Products (No Diagnostic Substances),Health Care,/market-activity/stocks/alec,NASDAQ
ALF,Centurion Acquisition Corp. Class A Ordinary Shares,$10.88,0.00,0.00%,17,0.00,United States,2024,,,/market-activity/stocks/alf,NASDAQ
ALFUW,Centurion Acquisition Corp. Warrant,$0.2999,0.01,3.449%,300,0.00,United States,2024,Blank Checks,Finance,/market-activity/stocks/alfuw,NASDAQ
ALGM,Allegro MicroSystems Inc. Common Stock,$36.25,0.48,1.342%,2280814,6757074168.00,United States,2020,Semiconductors,Technology,/market-activity/stocks/algm,NASDAQ
ALGN,Align Technology Inc. Common Stock,$159.79,2.21,1.402%,1288271,11351457951.00,United States,2001,Industrial Specialties,Health Care,/market-activity/stocks/algn,NASDAQ
ALGS,Aligos Therapeutics Inc. Common Stock,$5.86,-1.05,-15.195%,98692,36593110.00,United States,2020,Biotechnology: Biological Products (No Diagnostic Substances),Health Care,/market-activity/stocks/algs,NASDAQ
ALGT,Allegiant Travel Company Common Stock,$76.05,-2.89,-3.661%,518656,2079036268.00,United States,2006,Air Freight/Delivery Services,Consumer Discretionary,/market-activity/stocks/algt,NASDAQ
ALHC,Alignment Healthcare Inc. Common Stock,$13.40,-0.22,-1.615%,2849324,2779630997.00,United States,2021,Medical Specialities,Health Care,/market-activity/stocks/alhc,NASDAQ
ALIS,Calisa Acquisition Corp Ordinary shares,$10.20,-0.01,-0.098%,13613,0.00,United States,2025,,,/market-activity/stocks/alis,NASDAQ
ALISR,Calisa Acquisition Corp Right,$0.79,0.00,0.00%,9,0.00,United States,2025,Blank Checks,Finance,/market-activity/stocks/alisr,NASDAQ
ALKS,Alkermes plc Ordinary Shares,$46.99,-0.42,-0.886%,1440882,7883196151.00,Ireland,1991,Biotechnology: Pharmaceutical Preparations,Health Care,/market-activity/stocks/alks,NASDAQ
ALKT,Alkami Technology Inc. Common Stock,$20.40,0.18,0.89%,1281683,2181616392.00,United States,2021,Computer Software: Prepackaged Software,Technology,/market-activity/stocks/alkt,NASDAQ
ALLO,Allogene Therapeutics Inc. Common Stock,$2.00,-0.02,-0.99%,4373868,690981762.00,United States,2018,Biotechnology: Biological Products (No Diagnostic Substances),Health Care,/market-activity/stocks/allo,NASDAQ
ALLR,Allarity Therapeutics Inc. Common Stock,$1.41,0.00,0.00%,106356,22434121.00,United States,,Biotechnology: Pharmaceutical Preparations,Health Care,/market-activity/stocks/allr,NASDAQ
ALLT,Allot Ltd. Ordinary Shares,$7.72,-0.07,-0.899%,194878,377686324.00,Israel,2006,Computer Communications Equipment,Telecommunications,/market-activity/stocks/allt,NASDAQ
ALM,Almonty Industries Inc. Common Shares,$17.80,-0.24,-1.33%,4856007,5128340271.00,Canada,,Other Metals and Minerals,Basic Materials,/market-activity/stocks/alm,NASDAQ
ALMR,Alamar Biosciences Inc. Common Stock,$30.54,-0.17,-0.554%,325737,2119255074.00,United States,2026,Biotechnology: Laboratory Analytical Instruments,Industrials,/market-activity/stocks/almr,NASDAQ
ALMS,Alumis Inc. Common Stock,$21.81,-0.57,-2.547%,1372935,2822982563.00,United States,2024,Biotechnology: Pharmaceutical Preparations,Health Care,/market-activity/stocks/alms,NASDAQ
ALMU,Aeluma Inc. Common Stock,$13.10,-0.04,-0.304%,394142,239799889.00,United States,,Semiconductors,Technology,/market-activity/stocks/almu,NASDAQ
ALNT,Allient Inc. Common Stock,$94.01,1.15,1.238%,236738,1598406059.00,United States,,Electrical Products,Industrials,/market-activity/stocks/alnt,NASDAQ
ALNY,Alnylam Pharmaceuticals Inc. Common Stock,$240.69,3.59,1.514%,1636235,32206516611.00,United States,2004,Biotechnology: Pharmaceutical Preparations,Health Care,/market-activity/stocks/alny,NASDAQ
ALOV,Aldabra 4 Liquidity Opportunity Vehicle Inc. Class A Ordinary Shares,$9.99,-0.01,-0.10%,845783,0.00,United States,2026,,,/market-activity/stocks/alov,NASDAQ
ALOVU,Aldabra 4 Liquidity Opportunity Vehicle Inc. Units,$10.06,0.00,0.00%,90,0.00,United States,2026,Blank Checks,Finance,/market-activity/stocks/alovu,NASDAQ
ALOY,REalloys Inc. Common Stock,$10.35,-0.05,-0.481%,1200243,714022095.00,United States,,Metal Mining,Basic Materials,/market-activity/stocks/aloy,NASDAQ
ALP,Alpha Compute Corp Common Stock,$0.1698,0.0006,0.355%,1874882,13158208.00,Canada,,Finance: Consumer Services,Finance,/market-activity/stocks/alp,NASDAQ
ALPS,ALPS Group Inc Ordinary Share,$0.3899,0.005,1.299%,36059,64879482.00,Malaysia,,Medical/Nursing Services,Health Care,/market-activity/stocks/alps,NASDAQ
ALPX,Alpex Acquisition Corporation Class A Ordinary Shares,$9.94,0.02,0.202%,250040,0.00,United States,2026,Blank Checks,Finance,/market-activity/stocks/alpx,NASDAQ
ALPXU,Alpex Acquisition Corporation Unit,$10.1592,0.0592,0.586%,12171,0.00,United States,2026,Blank Checks,Finance,/market-activity/stocks/alpxu,NASDAQ
ALPXW,Alpex Acquisition Corporation Warrants,$0.0639,0.001,1.59%,11384,0.00,United States,2026,Blank Checks,Finance,/market-activity/stocks/alpxw,NASDAQ
ALRM,Alarm.com Holdings Inc. Common Stock,$57.56,0.09,0.157%,453482,2825633524.00,United States,2015,Computer Software: Prepackaged Software,Technology,/market-activity/stocks/alrm,NASDAQ
ALRS,Alerus Financial Corporation Common Stock,$32.90,-0.22,-0.664%,114831,819316530.00,United States,2019,Major Banks,Finance,/market-activity/stocks/alrs,NASDAQ
ALT,Altimmune Inc. Common Stock,$3.11,0.00,0.00%,2216473,604950050.00,United States,,Biotechnology: Pharmaceutical Preparations,Health Care,/market-activity/stocks/alt,NASDAQ
ALTI,AlTi Global Inc. Class A Common Stock,$3.90,-0.11,-2.743%,103563,608179385.00,United States,2021,Investment Managers,Finance,/market-activity/stocks/alti,NASDAQ
ALTO,Alto Ingredients Inc. Common Stock,$3.96,-0.11,-2.703%,2586811,307167553.00,United States,,Major Chemicals,Industrials,/market-activity/stocks/alto,NASDAQ
ALVO,Alvotech Ordinary Shares,$5.19,0.24,4.848%,1250774,2026339381.00,Luxembourg,,Biotechnology: Biological Products (No Diagnostic Substances),Health Care,/market-activity/stocks/alvo,NASDAQ
ALXO,ALX Oncology Holdings Inc. Common Stock,$1.93,-0.07,-3.50%,349418,266874604.00,United States,2020,Biotechnology: Pharmaceutical Preparations,Health Care,/market-activity/stocks/alxo,NASDAQ
ALZN,Alzamend Neuro Inc. Common Stock,$1.60,-0.06,-3.614%,37687,7721157.00,United States,2021,Biotechnology: Pharmaceutical Preparations,Health Care,/market-activity/stocks/alzn,NASDAQ
AMACU,AMR Resources Acquisition Corp Units,$9.95,0.00,0.00%,10,0.00,Cayman Islands,2026,,,/market-activity/stocks/amacu,NASDAQ
AMAL,Amalgamated Financial Corp. Common Stock (DE),$48.07,-0.62,-1.273%,224150,1437300066.00,United States,2018,Major Banks,Finance,/market-activity/stocks/amal,NASDAQ
AMAN,Amanat Acquisition Corp Class A Ordinary Shares,$10.69,-0.05,-0.466%,43142,0.00,United States,2026,Blank Checks,Finance,/market-activity/stocks/aman,NASDAQ
AMAT,Applied Materials Inc. Common Stock,$458.39,-3.28,-0.71%,6173905,363777131897.00,United States,1972,Semiconductors,Technology,/market-activity/stocks/amat,NASDAQ
AMBA,Ambarella Inc. Ordinary Shares,$69.38,-1.25,-1.77%,876762,3043574675.00,United States,2012,Semiconductors,Technology,/market-activity/stocks/amba,NASDAQ
AMBR,Amber International Holding Limited American Depositary Shares,$1.16,0.11,10.476%,50848,109359291.00,Hong Kong,2017,Finance: Consumer Services,Finance,/market-activity/stocks/ambr,NASDAQ
AMCI,AMC Robotics Corporation Common Stock,$4.00,0.12,3.093%,62462,92825692.00,United States,2023,Home Furnishings,Consumer Discretionary,/market-activity/stocks/amci,NASDAQ
AMCX,AMC Global Media Inc. Class A Common Stock,$12.59,-0.07,-0.553%,517582,519337135.00,United States,,Cable & Other Pay Television Services,Telecommunications,/market-activity/stocks/amcx,NASDAQ
AMD,Advanced Micro Devices Inc. Common Stock,$470.72,5.14,1.104%,12441219,768438651770.00,United States,,Semiconductors,Technology,/market-activity/stocks/amd,NASDAQ
AMGN,Amgen Inc. Common Stock,$429.88,-2.54,-0.587%,2339461,232406886309.00,United States,1983,Biotechnology: Biological Products (No Diagnostic Substances),Health Care,/market-activity/stocks/amgn,NASDAQ
AMIX,Autonomix Medical Inc. Common Stock,$4.83,-0.49,-9.211%,360705,4690138.00,United States,2024,Medical/Dental Instruments,Health Care,/market-activity/stocks/amix,NASDAQ
AMKR,Amkor Technology Inc. Common Stock,$47.30,-0.58,-1.211%,4431510,11751801926.00,United States,1998,Semiconductors,Technology,/market-activity/stocks/amkr,NASDAQ
AMLX,Amylyx Pharmaceuticals Inc. Common Stock,$33.75,-0.99,-2.85%,2728917,4234217051.00,United States,2022,Biotechnology: Pharmaceutical Preparations,Health Care,/market-activity/stocks/amlx,NASDAQ
AMOD,Alpha Modus Holdings Inc. Class A Common Stock,$2.45,-0.05,-2.00%,30310,12216347.00,United States,,Multi-Sector Companies,Miscellaneous,/market-activity/stocks/amod,NASDAQ
AMODW,Alpha Modus Holdings Inc. Warrant,$0.0152,0.0001,0.662%,2000,75791.00,United States,,Multi-Sector Companies,Miscellaneous,/market-activity/stocks/amodw,NASDAQ
AMPG,Amplitech Group Inc. Common Stock,$3.37,0.01,0.298%,1031743,101247899.00,United States,,Telecommunications Equipment,Telecommunications,/market-activity/stocks/ampg,NASDAQ
AMPGZ,Amplitech Group Inc. Series B Right,$0.2136,-0.0313,-12.781%,8982,6417374.00,United States,,Telecommunications Equipment,Telecommunications,/market-activity/stocks/ampgz,NASDAQ
AMPH,Amphastar Pharmaceuticals Inc. Common Stock,$22.53,0.52,2.363%,274083,958379878.00,United States,2014,Biotechnology: Pharmaceutical Preparations,Health Care,/market-activity/stocks/amph,NASDAQ
AMPL,Amplitude Inc. Class A Common Stock,$14.10,-0.20,-1.399%,1993381,1761316531.00,United States,,Computer Software: Prepackaged Software,Technology,/market-activity/stocks/ampl,NASDAQ
AMRN,Amarin Corporation plc,$13.88,-0.09,-0.644%,40884,293184936.00,Ireland,,Biotechnology: Pharmaceutical Preparations,Health Care,/market-activity/stocks/amrn,NASDAQ
AMRX,Amneal Pharmaceuticals Inc. Class A Common Stock,$17.47,-0.07,-0.399%,1741990,6084731417.00,United States,,Biotechnology: Pharmaceutical Preparations,Health Care,/market-activity/stocks/amrx,NASDAQ
AMSC,American Superconductor Corporation Common Stock,$28.71,0.22,0.772%,755019,1390773926.00,United States,1991,Metal Fabrications,Consumer Discretionary,/market-activity/stocks/amsc,NASDAQ
AMSF,AMERISAFE Inc. Common Stock,$26.04,-0.21,-0.80%,444587,482678950.00,United States,2005,Property-Casualty Insurers,Finance,/market-activity/stocks/amsf,NASDAQ
AMSS,AMASS Brands Inc. Common Stock,$0.799,0.0381,5.007%,73400,9272460.00,United States,,Beverages (Production/Distribution),Consumer Staples,/market-activity/stocks/amss,NASDAQ
AMST,Amesite Inc. Common Stock,$1.05,-0.01,-0.943%,59482,6877344.00,United States,2020,Computer Software: Prepackaged Software,Technology,/market-activity/stocks/amst,NASDAQ
AMTX,Aemetis Inc. (DE) Common Stock,$1.87,0.01,0.538%,680193,134957141.00,United States,,Major Chemicals,Industrials,/market-activity/stocks/amtx,NASDAQ
AMZN,Amazon.com Inc. Common Stock,$259.77,-6.66,-2.50%,46005347,2801960676598.00,United States,1997,Catalog/Specialty Distribution,Consumer Discretionary,/market-activity/stocks/amzn,NASDAQ
ANAB,AnaptysBio Inc. Common Stock,$57.03,0.75,1.333%,332069,1688571671.00,United States,2017,Biotechnology: Pharmaceutical Preparations,Health Care,/market-activity/stocks/anab,NASDAQ
ANDE,Andersons Inc. (The) Common Stock,$64.87,0.31,0.48%,537450,2203995226.00,United States,,Farming/Seeds/Milling,Industrials,/market-activity/stocks/ande,NASDAQ
ANGH,Anghami Inc. Ordinary Shares,$3.34,-0.03,-0.89%,3302,30276459.00,United Arab Emirates,,Telecommunications Equipment,Consumer Discretionary,/market-activity/stocks/angh,NASDAQ
ANGHW,Anghami Inc. Warrants,$0.0099,0.0012,13.793%,10155,89742.00,United Arab Emirates,,Telecommunications Equipment,Consumer Discretionary,/market-activity/stocks/anghw,NASDAQ
ANGI,Angi Inc. Class A Common Stock,$4.65,-0.39,-7.738%,765187,188586567.00,United States,,Advertising,Consumer Discretionary,/market-activity/stocks/angi,NASDAQ
ANGO,AngioDynamics Inc. Common Stock,$16.13,0.28,1.767%,358556,666691435.00,United States,2004,Medical/Dental Instruments,Health Care,/market-activity/stocks/ango,NASDAQ
ANIK,Anika Therapeutics Inc. Common Stock,$20.87,-0.23,-1.09%,144629,279302500.00,United States,,Medical/Dental Instruments,Health Care,/market-activity/stocks/anik,NASDAQ
ANIP,ANI Pharmaceuticals Inc.,$73.25,0.42,0.577%,340550,1681782496.00,United States,,Biotechnology: Pharmaceutical Preparations,Health Care,/market-activity/stocks/anip,NASDAQ
ANIX,Anixa Biosciences Inc. Common Stock,$3.35,-0.13,-3.736%,353293,113977261.00,United States,,Biotechnology: Pharmaceutical Preparations,Health Care,/market-activity/stocks/anix,NASDAQ
ANL,Adlai Nortye Group Ltd. American Depositary Shares,$14.19,0.37,2.677%,139197,913806740.00,Cayman Islands,2023,Biotechnology: Pharmaceutical Preparations,Health Care,/market-activity/stocks/anl,NASDAQ
ANNA,AleAnna Inc. Class A Common Stock,$2.93,0.17,6.159%,184645,196117792.00,United States,,Oil & Gas Production,Energy,/market-activity/stocks/anna,NASDAQ
ANNAW,AleAnna Inc. Warrant,$0.165,0.00,0.00%,109731,11044176.00,United States,,Oil & Gas Production,Energy,/market-activity/stocks/annaw,NASDAQ
ANNX,Annexon Inc. Common Stock,$4.94,-0.03,-0.604%,2436822,936520922.00,United States,2020,Biotechnology: Pharmaceutical Preparations,Health Care,/market-activity/stocks/annx,NASDAQ
ANPA,Rich Sparkle Holdings Limited Ordinary Shares,$4.075,0.095,2.387%,1371,61539652.00,Hong Kong,2025,Other Consumer Services,Consumer Discretionary,/market-activity/stocks/anpa,NASDAQ
ANTA,Antalpha Platform Holding Company Class A Ordinary Shares,$3.71,0.05,1.366%,3099,139496000.00,Singapore,2025,Investment Bankers/Brokers/Service,Finance,/market-activity/stocks/anta,NASDAQ
ANTX,AN2 Therapeutics Inc. Common Stock,$5.55,-0.03,-0.538%,124027,209436115.00,United States,2022,Biotechnology: Pharmaceutical Preparations,Health Care,/market-activity/stocks/antx,NASDAQ
ANY,Sphere 3D Corp. Common Shares,$2.29,0.09,4.091%,189160,19934029.00,Canada,,Finance: Consumer Services,Finance,/market-activity/stocks/any,NASDAQ
AOSL,Alpha and Omega Semiconductor Limited Common Shares,$24.66,0.03,0.122%,688783,746193228.00,Bermuda,2010,Semiconductors,Technology,/market-activity/stocks/aosl,NASDAQ
AOUT,American Outdoor Brands Inc. Common Stock ,$10.57,0.19,1.83%,57656,132200258.00,United States,,Recreational Games/Products/Toys,Consumer Discretionary,/market-activity/stocks/aout,NASDAQ
APA,APA Corporation Common Stock,$43.15,0.61,1.434%,4251525,15117667657.00,United States,,Oil & Gas Production,Energy,/market-activity/stocks/apa,NASDAQ
APAC,StoneBridge Acquisition II Corporation Class A Ordinary Shares,$10.24,0.00,0.00%,177,0.00,United States,2025,Blank Checks,Finance,/market-activity/stocks/apac,NASDAQ
APACR,StoneBridge Acquisition II Corporation Rights,$0.13,0.0398,44.124%,100,0.00,United States,2025,,,/market-activity/stocks/apacr,NASDAQ
APC,ARKO Petroleum Corp. Class A Common Stock,$18.15,-0.35,-1.892%,123803,228149547.00,United States,2026,Oil Refining/Marketing,Energy,/market-activity/stocks/apc,NASDAQ
APEI,American Public Education Inc. Common Stock,$45.65,-0.36,-0.782%,212932,835465438.00,United States,2007,Other Consumer Services,Real Estate,/market-activity/stocks/apei,NASDAQ
APGE,Apogee Therapeutics Inc. Common Stock,$135.08,0.11,0.081%,1811685,10223899244.00,United States,2023,Biotechnology: Biological Products (No Diagnostic Substances),Health Care,/market-activity/stocks/apge,NASDAQ
API,Agora Inc. American Depositary Shares,$4.19,0.09,2.195%,162284,351017250.00,China,2020,Computer Software: Prepackaged Software,Technology,/market-activity/stocks/api,NASDAQ
APLD,Applied Digital Corporation Common Stock,$25.41,0.07,0.276%,11974362,7406230136.00,United States,2022,EDP Services,Technology,/market-activity/stocks/apld,NASDAQ
APLM,Apollomics Inc. Class A Ordinary Shares,$27.09,0.49,1.842%,3218,78454076.00,United States,,Biotechnology: Pharmaceutical Preparations,Health Care,/market-activity/stocks/aplm,NASDAQ
APLMW,Apollomics Inc. Warrant,$0.0139,-0.0001,-0.714%,4569,40255.00,United States,,Biotechnology: Pharmaceutical Preparations,Health Care,/market-activity/stocks/aplmw,NASDAQ
APMC,AmperCap Acquisition Company Ordinary Shares,$9.98,0.00,0.00%,60,0.00,United States,2026,Blank Checks,Finance,/market-activity/stocks/apmc,NASDAQ
APMD,Apnimed Inc. Common Stock,$26.25,-3.46,-11.646%,475702,997490550.00,United States,2026,Biotechnology: Pharmaceutical Preparations,Health Care,/market-activity/stocks/apmd,NASDAQ
APOG,Apogee Enterprises Inc. Common Stock,$39.06,-1.27,-3.149%,300975,815115564.00,United States,,Auto Parts:O.E.M.,Consumer Discretionary,/market-activity/stocks/apog,NASDAQ
APP,Applovin Corporation Class A Common Stock,$312.06,-5.70,-1.794%,5059481,104431191060.00,United States,2021,Computer Software: Programming Data Processing,Technology,/market-activity/stocks/app,NASDAQ
APPF,AppFolio Inc. Class A Common Stock,$234.21,-0.28,-0.119%,472120,8295013696.00,United States,2015,Computer Software: Prepackaged Software,Technology,/market-activity/stocks/appf,NASDAQ
APPN,Appian Corporation Class A Common Stock,$42.95,0.44,1.035%,925532,3076405291.00,United States,2017,Computer Software: Prepackaged Software,Technology,/market-activity/stocks/appn,NASDAQ
APPS,Digital Turbine Inc. Common Stock,$10.76,-0.33,-2.976%,4041871,1302134850.00,United States,,Multi-Sector Companies,Miscellaneous,/market-activity/stocks/apps,NASDAQ
APRE,Aprea Therapeutics Inc. Common stock,$0.80,-0.0386,-4.603%,476910,10072909.00,United States,2019,Biotechnology: Pharmaceutical Preparations,Health Care,/market-activity/stocks/apre,NASDAQ
APUR,Aperture AC Class A Ordinary Shares,$10.01,0.00,0.00%,58547,0.00,United States,2026,Blank Checks,Finance,/market-activity/stocks/apur,NASDAQ
APVO,Aptevo Therapeutics Inc. Common Stock,$2.44,0.075,3.171%,29701,4396807.00,United States,,Biotechnology: Pharmaceutical Preparations,Health Care,/market-activity/stocks/apvo,NASDAQ
APWC,Asia Pacific Wire & Cable Corporation Ltd. Ordinary Shares (Bermuda),$1.40,-0.01,-0.709%,7106,57725436.00,Taiwan,,Telecommunications Equipment,Industrials,/market-activity/stocks/apwc,NASDAQ
APXT,Apex Treasury Corporation Class A Ordinary Share,$10.12,0.00,0.00%,8522,0.00,United States,2025,Blank Checks,Finance,/market-activity/stocks/apxt,NASDAQ
APXTU,Apex Treasury Corporation Units,$10.2605,0.00,0.00%,2,0.00,United States,2025,Blank Checks,Finance,/market-activity/stocks/apxtu,NASDAQ
APXTW,Apex Treasury Corporation Warrants,$0.29,0.00,0.00%,60954,0.00,United States,2025,Blank Checks,Finance,/market-activity/stocks/apxtw,NASDAQ
APYX,Apyx Medical Corporation Common Stock,$3.05,-0.03,-0.974%,46737,128478270.00,United States,,Medical/Dental Instruments,Health Care,/market-activity/stocks/apyx,NASDAQ
AQB,AquaBounty Technologies Inc. Common Stock,$1.275,0.025,2.00%,36630,6562685.00,United States,,Meat/Poultry/Fish,Consumer Staples,/market-activity/stocks/aqb,NASDAQ
AQMS,Aqua Metals Inc. Common Stock,$2.99,0.26,9.524%,51989,10654958.00,United States,2015,Metal Fabrications,Industrials,/market-activity/stocks/aqms,NASDAQ
AQST,Aquestive Therapeutics Inc. Common Stock,$5.11,0.09,1.793%,1907630,641364521.00,United States,2018,Biotechnology: Pharmaceutical Preparations,Health Care,/market-activity/stocks/aqst,NASDAQ
ARAI,Arrive AI Inc. Common Stock,$0.2449,0.0198,8.796%,204600,12704484.00,United States,,Diversified Commercial Services,Consumer Discretionary,/market-activity/stocks/arai,NASDAQ
ARAY,Accuray Incorporated Common Stock,$0.263,-0.0109,-3.98%,242490,31412538.00,United States,2007,Medical/Dental Instruments,Health Care,/market-activity/stocks/aray,NASDAQ
ARBB,ARB IOT Group Limited Ordinary Shares,$4.35,0.00,0.00%,1414,7678864.00,Malaysia,2023,EDP Services,Technology,/market-activity/stocks/arbb,NASDAQ
ARBE,Arbe Robotics Ltd. Ordinary Shares,$0.6534,-0.0025,-0.381%,547586,83245813.00,Israel,,EDP Services,Technology,/market-activity/stocks/arbe,NASDAQ
ARBEW,Arbe Robotics Ltd. Warrant,$0.025,0.0001,0.402%,16642,3185102.00,Israel,,EDP Services,Technology,/market-activity/stocks/arbew,NASDAQ
ARBK,Argo Blockchain plc American Depositary Shares,$2.915,0.045,1.568%,8056,38943444.00,United Kingdom,2021,Finance: Consumer Services,Finance,/market-activity/stocks/arbk,NASDAQ
ARCB,ArcBest Corporation Common Stock,$137.97,1.43,1.047%,312827,3083816311.00,United States,,Trucking Freight/Courier Services,Industrials,/market-activity/stocks/arcb,NASDAQ
ARCC,Ares Capital Corporation Common Stock,$20.07,0.12,0.602%,4825281,14410718499.00,United States,2004,Finance: Consumer Services,Finance,/market-activity/stocks/arcc,NASDAQ
ARCI,Archimedes Tech SPAC Partners III Co. Ordinary Share,$10.14,0.00,0.00%,130,0.00,United States,2026,,,/market-activity/stocks/arci,NASDAQ
ARCIU,Archimedes Tech SPAC Partners III Co. Units,$10.41,0.00,0.00%,308,0.00,United States,2026,Blank Checks,Finance,/market-activity/stocks/arciu,NASDAQ
ARCIW,Archimedes Tech SPAC Partners III Co. Warrant,$0.525,0.00,0.00%,21,0.00,United States,2026,,,/market-activity/stocks/arciw,NASDAQ
ARCL,ARC Group Acquisition I Corp Class A Ordinary Shares,$9.995,0.025,0.251%,5165,0.00,United States,2026,Blank Checks,Finance,/market-activity/stocks/arcl,NASDAQ
ARCLR,ARC Group Acquisition I Corp Right,$0.195,0.00,0.00%,800,0.00,United States,2026,Blank Checks,Finance,/market-activity/stocks/arclr,NASDAQ
ARCLU,ARC Group Acquisition I Corp Unit,$10.23,0.00,0.00%,2,0.00,United States,2026,Blank Checks,Finance,/market-activity/stocks/arclu,NASDAQ
ARCLW,ARC Group Acquisition I Corp Warrants,$0.0513,0.0063,14.00%,4920,0.00,United States,2026,Blank Checks,Finance,/market-activity/stocks/arclw,NASDAQ
ARCT,Arcturus Therapeutics Holdings Inc. Common Stock,$14.76,-0.43,-2.831%,1260754,419524498.00,Israel,2013,Biotechnology: Pharmaceutical Preparations,Health Care,/market-activity/stocks/arct,NASDAQ
ARDX,Ardelyx Inc. Common Stock,$3.78,-0.03,-0.787%,3789908,941929022.00,United States,2014,Biotechnology: Pharmaceutical Preparations,Health Care,/market-activity/stocks/ardx,NASDAQ
AREC,American Resources Corporation Class A Common Stock,$2.36,-0.04,-1.667%,1226491,252452202.00,United States,,Coal Mining,Energy,/market-activity/stocks/arec,NASDAQ
ARGX,argenx SE American Depositary Shares,$1031.66,8.45,0.826%,228162,64027799034.00,Netherlands,2017,Biotechnology: Biological Products (No Diagnostic Substances),Health Care,/market-activity/stocks/argx,NASDAQ
ARHS,Arhaus Inc. Class A Common Stock,$8.71,-0.27,-3.007%,1051710,1234657594.00,United States,2021,Other Specialty Stores,Consumer Discretionary,/market-activity/stocks/arhs,NASDAQ
ARKO,ARKO Corp. Common Stock,$4.56,0.19,4.348%,1322383,511566888.00,United States,,Food Chains,Consumer Staples,/market-activity/stocks/arko,NASDAQ
ARKR,Ark Restaurants Corp. Common Stock,$5.49,0.00,0.00%,880,19797802.00,United States,,Restaurants,Consumer Discretionary,/market-activity/stocks/arkr,NASDAQ
ARLP,Alliance Resource Partners L.P. Common Units representing Limited Partners Interests,$26.50,0.32,1.222%,204284,3409458227.00,United States,1999,Coal Mining,Energy,/market-activity/stocks/arlp,NASDAQ
ARM,Arm Holdings plc American Depositary Shares,$241.91,2.86,1.196%,2149859,257405606011.00,United Kingdom,2023,Semiconductors,Technology,/market-activity/stocks/arm,NASDAQ
AROW,Arrow Financial Corporation Common Stock,$37.74,-0.42,-1.101%,57809,699085306.00,United States,,Major Banks,Finance,/market-activity/stocks/arow,NASDAQ
ARQ,Arq Inc. Common Stock,$2.12,-0.04,-1.852%,199376,92577184.00,United States,,Major Chemicals,Industrials,/market-activity/stocks/arq,NASDAQ
ARQQ,Arqit Quantum Inc. Ordinary Shares,$19.88,-0.16,-0.798%,121752,478920830.00,United Kingdom,,Computer Software: Prepackaged Software,Technology,/market-activity/stocks/arqq,NASDAQ
ARQQW,Arqit Quantum Inc. Warrants,$0.0047,-0.0027,-36.486%,801726,113226.00,United Kingdom,,Computer Software: Prepackaged Software,Technology,/market-activity/stocks/arqqw,NASDAQ
ARQT,Arcutis Biotherapeutics Inc. Common Stock,$23.97,0.19,0.799%,1522510,3012836305.00,United States,2020,Biotechnology: Pharmaceutical Preparations,Health Care,/market-activity/stocks/arqt,NASDAQ
ARRY,Array Technologies Inc. Common Stock,$4.42,-0.17,-3.704%,6831389,680713999.00,United States,2020,Semiconductors,Technology,/market-activity/stocks/arry,NASDAQ
ARTC,Art Technology Acquisition Corp. Class A Ordinary Shares,$9.97,-0.03,-0.30%,2502,0.00,United States,2026,Blank Checks,Finance,/market-activity/stocks/artc,NASDAQ
ARTCU,Art Technology Acquisition Corp. Units,$10.09,-0.04,-0.395%,1348,0.00,United States,2026,,,/market-activity/stocks/artcu,NASDAQ
ARTL,Artelo Biosciences Inc. Common Stock,$6.36,0.3957,6.634%,587957,31354584.00,United States,,Biotechnology: Pharmaceutical Preparations,Health Care,/market-activity/stocks/artl,NASDAQ
ARTNA,Artesian Resources Corporation Class A Common Stock,$35.57,-0.06,-0.168%,52668,367335694.00,United States,,Water Supply,Utilities,/market-activity/stocks/artna,NASDAQ
ARTV,Artiva Biotherapeutics Inc. Common Stock,$11.30,0.21,1.894%,249864,552458367.00,United States,2024,Biotechnology: Biological Products (No Diagnostic Substances),Health Care,/market-activity/stocks/artv,NASDAQ
ARTW,Art's-Way Manufacturing Co. Inc. Common Stock,$2.76,-0.12,-4.167%,34820,14355825.00,United States,,Industrial Machinery/Components,Industrials,/market-activity/stocks/artw,NASDAQ
ARVN,Arvinas Inc. Common Stock,$9.20,0.02,0.218%,659723,601552957.00,United States,2018,Biotechnology: Pharmaceutical Preparations,Health Care,/market-activity/stocks/arvn,NASDAQ
ARWR,Arrowhead Pharmaceuticals Inc. Common Stock,$82.39,-2.52,-2.968%,1595491,11637955536.00,United States,,Biotechnology: Pharmaceutical Preparations,Health Care,/market-activity/stocks/arwr,NASDAQ
ARXS,Arxis Inc. Class A Common Stock,$51.77,-0.70,-1.334%,425007,21612648135.00,United States,2026,Military/Government/Technical,Industrials,/market-activity/stocks/arxs,NASDAQ
ASBP,Aspire Biopharma Holdings Inc. Common Stock,$8.98,0.47,5.523%,25014,12594962.00,United States,2022,Biotechnology: Pharmaceutical Preparations,Health Care,/market-activity/stocks/asbp,NASDAQ
ASBPW,Aspire Biopharma Holdings Inc. Warrant,$0.015,0.001,7.143%,8653,21038.00,United States,2022,Biotechnology: Pharmaceutical Preparations,Health Care,/market-activity/stocks/asbpw,NASDAQ
ASLE,AerSale Corporation Common Stock,$5.49,-0.14,-2.487%,562636,262019929.00,United States,2019,Industrial Specialties,Consumer Discretionary,/market-activity/stocks/asle,NASDAQ
ASMB,Assembly Biosciences Inc. Common Stock,$33.63,-0.44,-1.291%,235982,684726843.00,United States,2010,Biotechnology: Pharmaceutical Preparations,Health Care,/market-activity/stocks/asmb,NASDAQ
ASML,ASML Holding N.V. New York Registry Shares,$1696.01,-0.15,-0.009%,1212179,653672214017.00,Netherlands,1995,Industrial Machinery/Components,Technology,/market-activity/stocks/asml,NASDAQ
ASND,Ascendis Pharma A/S Ordinary Share,$263.04,15.13,6.103%,1026146,17274700623.00,Denmark,2015,Biotechnology: Pharmaceutical Preparations,Health Care,/market-activity/stocks/asnd,NASDAQ
ASO,Academy Sports and Outdoors Inc. Common Stock,$42.96,-0.54,-1.241%,1878437,2664309218.00,United States,2020,Other Specialty Stores,Consumer Discretionary,/market-activity/stocks/aso,NASDAQ
ASPC,A SPAC III Acquisition Corp. Class A Ordinary Shares,$10.85,-0.12,-1.094%,1185,0.00,China,2025,Blank Checks,Finance,/market-activity/stocks/aspc,NASDAQ
ASPCR,A SPAC III Acquisition Corp. Right,$0.0705,-0.0595,-45.769%,872,0.00,China,2025,Blank Checks,Finance,/market-activity/stocks/aspcr,NASDAQ
ASPCU,A SPAC III Acquisition Corp. Unit,$11.99,0.00,0.00%,32,0.00,China,2024,Blank Checks,Finance,/market-activity/stocks/aspcu,NASDAQ
ASPI,ASP Isotopes Inc. Common Stock,$4.02,0.14,3.608%,2753005,616303708.00,United States,2022,Major Chemicals,Industrials,/market-activity/stocks/aspi,NASDAQ
ASPS,Altisource Portfolio Solutions S.A. Common Stock,$5.54,0.04,0.727%,3215,63267941.00,Luxembourg,,Other Consumer Services,Consumer Discretionary,/market-activity/stocks/asps,NASDAQ
ASPSW,Altisource Portfolio Solutions S.A. Net Settle Stakeholder Warrants,$0.285,0.0029,1.028%,5895,3254759.00,Luxembourg,,Other Consumer Services,Consumer Discretionary,/market-activity/stocks/aspsw,NASDAQ
ASPSZ,Altisource Portfolio Solutions S.A. Cash Exercise Stakeholder Warrants,$0.2208,0.0306,16.088%,33522,2521581.00,Luxembourg,,Other Consumer Services,Consumer Discretionary,/market-activity/stocks/aspsz,NASDAQ
ASRV,AmeriServ Financial Inc. Common Stock,$4.83,0.03,0.625%,15133,82009860.00,United States,,Major Banks,Finance,/market-activity/stocks/asrv,NASDAQ
ASST,Strive Inc. Class A Common Stock,$24.22,2.48,11.408%,15054887,2172132505.00,United States,2023,Computer Software: Prepackaged Software,Technology,/market-activity/stocks/asst,NASDAQ
ASTC,Astrotech Corporation (DE) Common Stock,$7.17,0.02,0.28%,32487,15111463.00,United States,,Biotechnology: Laboratory Analytical Instruments,Industrials,/market-activity/stocks/astc,NASDAQ
ASTE,Astec Industries Inc. Common Stock,$42.55,-0.84,-1.936%,276810,979729366.00,United States,1986,Construction/Ag Equipment/Trucks,Industrials,/market-activity/stocks/aste,NASDAQ
ASTH,Astrana Health Inc. Common Stock,$38.11,0.15,0.395%,235225,1890422388.00,United States,,Professional Services,Consumer Discretionary,/market-activity/stocks/asth,NASDAQ
ASTI,Ascent Solar Technologies Inc. Common Stock,$2.88,-0.04,-1.37%,136451,28271321.00,United States,,Semiconductors,Technology,/market-activity/stocks/asti,NASDAQ
ASTL,Algoma Steel Group Inc. Common Shares,$4.205,0.025,0.598%,691599,443159143.00,Canada,,Steel/Iron Ore,Industrials,/market-activity/stocks/astl,NASDAQ
ASTLW,Algoma Steel Group Inc. Warrant,$0.0035,0.0002,6.061%,10677,368860.00,Canada,,Steel/Iron Ore,Industrials,/market-activity/stocks/astlw,NASDAQ
ASTS,AST SpaceMobile Inc. Class A Common Stock,$59.10,1.05,1.809%,8449696,22999798895.00,United States,2019,Telecommunications Equipment,Consumer Discretionary,/market-activity/stocks/asts,NASDAQ
ASUR,Asure Software Inc Common Stock,$9.12,0.05,0.551%,94109,263379471.00,United States,,EDP Services,Technology,/market-activity/stocks/asur,NASDAQ
ASYS,Amtech Systems Inc. Common Stock,$14.62,-0.44,-2.922%,363518,255968437.00,United States,,Industrial Machinery/Components,Technology,/market-activity/stocks/asys,NASDAQ
ATAI,AtaiBeckley Inc. Common Stock,$7.34,0.05,0.686%,5221169,2722146670.00,Germany,2008,Biotechnology: Pharmaceutical Preparations,Health Care,/market-activity/stocks/atai,NASDAQ
ATAT,Atour Lifestyle Holdings Limited American Depositary Shares,$34.98,-0.52,-1.465%,1830353,4758790996.00,China,2022,Hotels/Resorts,Consumer Discretionary,/market-activity/stocks/atat,NASDAQ
ATCX,Atlas Critical Minerals Corporation Common Stock,$3.47,-0.05,-1.42%,3016,17639176.00,Brazil,,Precious Metals,Basic Materials,/market-activity/stocks/atcx,NASDAQ
ATEC,Alphatec Holdings Inc. Common Stock,$9.37,-0.07,-0.742%,1381743,1447206582.00,United States,2006,Medical/Dental Instruments,Health Care,/market-activity/stocks/atec,NASDAQ
ATER,Aterian Inc. Common Stock,$0.40,0.0087,2.223%,84851,7186764.00,United States,2019,Home Furnishings,Consumer Discretionary,/market-activity/stocks/ater,NASDAQ
ATEX,Anterix Inc. Common Stock,$90.89,-1.44,-1.56%,390602,1782333450.00,United States,2015,Telecommunications Equipment,Telecommunications,/market-activity/stocks/atex,NASDAQ
ATGL,Alpha Technology Group Limited Class A Ordinary Shares,$6.88,-0.52,-7.027%,2759,113262000.00,China,2023,EDP Services,Technology,/market-activity/stocks/atgl,NASDAQ
ATHE,Alterity Therapeutics Limited American Depositary Shares,$4.49,-0.02,-0.443%,8712,81384568.00,Australia,,Biotechnology: Pharmaceutical Preparations,Health Care,/market-activity/stocks/athe,NASDAQ
ATHR,Aether Holdings Inc. Common Stock,$3.04,0.16,5.556%,18537,37203699.00,United States,2025,Computer Software: Prepackaged Software,Technology,/market-activity/stocks/athr,NASDAQ
ATII,Archimedes Tech SPAC Partners II Co. Ordinary Shares,$10.69,0.02,0.187%,178790,0.00,United States,2025,,,/market-activity/stocks/atii,NASDAQ
ATIIU,Archimedes Tech SPAC Partners II Co. Unit,$11.30,0.00,0.00%,119,0.00,United States,2025,Blank Checks,Finance,/market-activity/stocks/atiiu,NASDAQ
ATIIW,Archimedes Tech SPAC Partners II Co. Warrant,$1.40,-0.05,-3.448%,31492,0.00,United States,2025,Blank Checks,Finance,/market-activity/stocks/atiiw,NASDAQ
ATLC,Atlanticus Holdings Corporation Common Stock,$90.47,-0.61,-0.67%,117824,1372433338.00,United States,1995,Finance: Consumer Services,Finance,/market-activity/stocks/atlc,NASDAQ
ATLCL,Atlanticus Holdings Corporation 6.125% Senior Notes due 2026,$25.18,-0.015,-0.06%,3843,380858806.00,United States,,Finance: Consumer Services,Finance,/market-activity/stocks/atlcl,NASDAQ
ATLCP,Atlanticus Holdings Corporation 7.625% Series B Cumulative Perpetual Preferred Stock no par value per share,$24.20,0.015,0.062%,3730,367114920.00,United States,,Finance: Consumer Services,Finance,/market-activity/stocks/atlcp,NASDAQ
ATLCZ,Atlanticus Holdings Corporation 9.25% Senior Notes due 2029,$25.37,-0.0199,-0.078%,12134,383732641.00,United States,,Finance: Consumer Services,Finance,/market-activity/stocks/atlcz,NASDAQ
ATLO,Ames National Corporation Common Stock,$31.49,-0.11,-0.348%,32926,278913858.00,United States,,Major Banks,Finance,/market-activity/stocks/atlo,NASDAQ
ATLQ,JAB Acquisition Corp I Class A Ordinary Shares,$9.955,9.955,,7251,0.00,United States,2026,,,/market-activity/stocks/atlq,NASDAQ
ATLQR,JAB Acquisition Corp I Rights,$0.15,0.15,,16708,0.00,United States,2026,,,/market-activity/stocks/atlqr,NASDAQ
ATLX,Atlas Lithium Corporation Common Stock,$3.20,0.05,1.587%,169716,96319376.00,United States,,Mining & Quarrying of Nonmetallic Minerals (No Fuels),Industrials,/market-activity/stocks/atlx,NASDAQ
ATNI,ATN International Inc. Common Stock,$30.17,0.11,0.366%,78943,464719281.00,United States,,Telecommunications Equipment,Telecommunications,/market-activity/stocks/atni,NASDAQ
ATOM,Atomera Incorporated Common Stock,$4.16,-0.04,-0.952%,484337,162340015.00,United States,2016,Semiconductors,Technology,/market-activity/stocks/atom,NASDAQ
ATOS,Atossa Therapeutics Inc. Common Stock,$2.50,-0.08,-3.101%,53206,24948245.00,United States,2012,Biotechnology: Pharmaceutical Preparations,Health Care,/market-activity/stocks/atos,NASDAQ
ATPC,Agape ATP Corporation Common Stock,$2.36,-0.02,-0.84%,6636,2361477.00,Malaysia,,Medical/Nursing Services,Health Care,/market-activity/stocks/atpc,NASDAQ
ATRA,Atara Biotherapeutics Inc. Common Stock,$8.90,-0.30,-3.261%,30249,89335619.00,United States,2014,Biotechnology: Biological Products (No Diagnostic Substances),Health Care,/market-activity/stocks/atra,NASDAQ
ATRC,AtriCure Inc. Common Stock,$48.35,-0.19,-0.391%,529117,2459385315.00,United States,2005,Medical/Dental Instruments,Health Care,/market-activity/stocks/atrc,NASDAQ
ATRO,Astronics Corporation Common Stock,$73.67,-2.04,-2.694%,371746,3168477745.00,United States,,Military/Government/Technical,Industrials,/market-activity/stocks/atro,NASDAQ
ATTO,Attovia Therapeutics Inc. Common Stock,$21.40,0.70,3.382%,179938,975390964.00,United States,2026,Biotechnology: Biological Products (No Diagnostic Substances),Health Care,/market-activity/stocks/atto,NASDAQ
ATXG,Addentax Group Corp. Common Stock,$3.545,-0.155,-4.189%,1761,4175918.00,China,,Professional Services,Consumer Discretionary,/market-activity/stocks/atxg,NASDAQ
ATYR,aTyr Pharma Inc. Common Stock,$0.5317,-0.0083,-1.537%,1023502,52153084.00,United States,2015,Biotechnology: Biological Products (No Diagnostic Substances),Health Care,/market-activity/stocks/atyr,NASDAQ
AUBN,Auburn National Bancorporation Inc. Common Stock,$26.30,-0.02,-0.076%,833,91636880.00,United States,,Major Banks,Finance,/market-activity/stocks/aubn,NASDAQ
AUC,ATIF Holdings Limited Ordinary Shares,$6.701,-0.099,-1.456%,5394,129418912.00,United States,2019,Professional Services,Consumer Discretionary,/market-activity/stocks/auc,NASDAQ
AUDC,AudioCodes Ltd. Common Stock,$10.00,-0.04,-0.398%,78487,245908490.00,Israel,1999,Telecommunications Equipment,Utilities,/market-activity/stocks/audc,NASDAQ
AUGO,Aura Minerals Inc. Common Shares,$83.58,-0.95,-1.124%,1478047,7003103258.00,United States,,Metal Mining,Basic Materials,/market-activity/stocks/augo,NASDAQ
AUID,authID Inc. Common Stock,$0.4505,-0.0419,-8.509%,7278906,7532513.00,United States,,Computer Software: Prepackaged Software,Technology,/market-activity/stocks/auid,NASDAQ
AUPH,Aurinia Pharmaceuticals Inc Ordinary Shares,$16.11,-0.18,-1.105%,744259,2143454316.00,Canada,,Biotechnology: Pharmaceutical Preparations,Health Care,/market-activity/stocks/auph,NASDAQ
AUR,Aurora Innovation Inc. Class A Common Stock,$5.63,-0.20,-3.431%,29973844,11283394159.00,United States,2021,EDP Services,Technology,/market-activity/stocks/aur,NASDAQ
AURA,Aura Biosciences Inc. Common Stock,$7.18,-0.22,-2.973%,602521,744600529.00,United States,2021,Biotechnology: Biological Products (No Diagnostic Substances),Health Care,/market-activity/stocks/aura,NASDAQ
AURE,Aurelion Inc. Class A Ordinary Shares,$1.48,-0.1055,-6.654%,16993,55648000.00,Hong Kong,2023,Finance: Consumer Services,Finance,/market-activity/stocks/aure,NASDAQ
AUROW,Aurora Innovation Inc. Warrant,$0.08,-0.001,-1.235%,43395,160332421.00,United States,2021,EDP Services,Technology,/market-activity/stocks/aurow,NASDAQ
AUTL,Autolus Therapeutics plc American Depositary Share,$2.35,0.01,0.427%,1194452,625481969.00,United Kingdom,2018,Biotechnology: Biological Products (No Diagnostic Substances),Health Care,/market-activity/stocks/autl,NASDAQ
AUUD,Auddia Inc. Common Stock,$0.9872,0.0215,2.226%,84777,5728771.00,United States,2021,EDP Services,Technology,/market-activity/stocks/auud,NASDAQ
AVAH,Aveanna Healthcare Holdings Inc. Common Stock,$13.42,0.10,0.751%,4033526,2928508320.00,United States,2021,Medical/Nursing Services,Health Care,/market-activity/stocks/avah,NASDAQ
AVAT,Avalanche Treasury Corporation Class A Common Stock,$0.7239,0.0717,10.994%,613989,31649229.00,United States,,Finance: Consumer Services,Finance,/market-activity/stocks/avat,NASDAQ
AVAV,AeroVironment Inc. Common Stock,$148.35,0.41,0.277%,857684,7539534935.00,United States,2007,Aerospace,Industrials,/market-activity/stocks/avav,NASDAQ
AVBH,Avidbank Holdings Inc. Common stock,$31.44,-0.22,-0.695%,61862,345320611.00,United States,,Commercial Banks,Finance,/market-activity/stocks/avbh,NASDAQ
AVBP,ArriVent BioPharma Inc. Common Stock,$30.05,-0.12,-0.398%,369570,1481697256.00,United States,2024,Biotechnology: Pharmaceutical Preparations,Health Care,/market-activity/stocks/avbp,NASDAQ
AVGO,Broadcom Inc. Common Stock,$370.34,1.55,0.42%,21914327,1761922250527.00,United States,2009,Semiconductors,Technology,/market-activity/stocks/avgo,NASDAQ
AVIR,Atea Pharmaceuticals Inc. Common Stock,$5.35,-0.01,-0.187%,198440,429095140.00,United States,2020,Biotechnology: Pharmaceutical Preparations,Health Care,/market-activity/stocks/avir,NASDAQ
AVLN,Avalyn Pharma Inc. Common Stock,$34.73,0.04,0.115%,333138,1539688389.00,United States,2026,Biotechnology: Pharmaceutical Preparations,Health Care,/market-activity/stocks/avln,NASDAQ
AVNW,Aviat Networks Inc. Common Stock,$19.93,-0.07,-0.35%,277138,255134672.00,United States,,Radio And Television Broadcasting And Communications Equipment,Technology,/market-activity/stocks/avnw,NASDAQ
AVO,Mission Produce Inc. Common Stock,$12.72,-0.05,-0.392%,705699,1123427945.00,United States,2020,Farming/Seeds/Milling,Consumer Staples,/market-activity/stocks/avo,NASDAQ
AVPT,AvePoint Inc. Class A Common Stock,$13.92,-0.08,-0.571%,1332151,2944990730.00,United States,2019,Computer Software: Prepackaged Software,Technology,/market-activity/stocks/avpt,NASDAQ
AVR,Anteris Technologies Global Corp. Common Stock,$8.61,-0.13,-1.487%,755627,839117461.00,United States,2024,Industrial Specialties,Health Care,/market-activity/stocks/avr,NASDAQ
AVT,Avnet Inc. Common Stock,$89.56,0.93,1.049%,1954062,7350455999.00,United States,,Electronic Components,Technology,/market-activity/stocks/avt,NASDAQ
AVTX,Avalo Therapeutics Inc. Common Stock,$19.34,-0.25,-1.276%,1377249,1037203987.00,United States,2015,Biotechnology: Pharmaceutical Preparations,Health Care,/market-activity/stocks/avtx,NASDAQ
AVX,Avax One Technology Ltd. Common Shares,$3.52,0.11,3.226%,25978,26038788.00,Canada,2021,Finance: Consumer Services,Finance,/market-activity/stocks/avx,NASDAQ
AVXL,Anavex Life Sciences Corp. Common Stock,$2.80,-0.19,-6.355%,1033722,259480922.00,United States,,Biotechnology: Biological Products (No Diagnostic Substances),Health Care,/market-activity/stocks/avxl,NASDAQ
AWRE,Aware Inc. Common Stock,$1.22,-0.04,-3.175%,41921,26611417.00,United States,1996,Computer Software: Prepackaged Software,Technology,/market-activity/stocks/awre,NASDAQ
AXG,Solowin Holdings Class A Ordinary Share,$2.24,0.01,0.448%,121205,432552572.00,Hong Kong,2023,Investment Bankers/Brokers/Service,Finance,/market-activity/stocks/axg,NASDAQ
AXGN,Axogen Inc. Common Stock,$50.76,-0.71,-1.379%,878136,2728934400.00,United States,,Biotechnology: Electromedical & Electrotherapeutic Apparatus,Health Care,/market-activity/stocks/axgn,NASDAQ
AXIN,Axiom Intelligence Acquisition Corp 1 Class A Ordinary Shares,$10.32,-0.01,-0.097%,14554,0.00,United Kingdom,2025,Blank Checks,Finance,/market-activity/stocks/axin,NASDAQ
AXINR,Axiom Intelligence Acquisition Corp 1 Right,$0.347,-0.0155,-4.276%,5645,0.00,United Kingdom,2025,Blank Checks,Finance,/market-activity/stocks/axinr,NASDAQ
AXINU,Axiom Intelligence Acquisition Corp 1 Units,$10.725,0.075,0.704%,271,0.00,United Kingdom,2025,Blank Checks,Finance,/market-activity/stocks/axinu,NASDAQ
AXON,Axon Enterprise Inc. Common Stock,$566.56,-34.17,-5.688%,1102299,46025869842.00,United States,2001,Ordnance And Accessories,Industrials,/market-activity/stocks/axon,NASDAQ
AXSM,Axsome Therapeutics Inc. Common Stock,$198.52,-0.50,-0.251%,503681,10398639989.00,United States,2015,Biotechnology: Pharmaceutical Preparations,Health Care,/market-activity/stocks/axsm,NASDAQ
AXTI,AXT Inc Common Stock,$60.61,1.98,3.377%,6369869,3974392379.00,United States,1998,Semiconductors,Technology,/market-activity/stocks/axti,NASDAQ
AYA,Aya Gold & Silver Inc. Common Shares,$27.92,-0.05,-0.179%,732829,4021489811.00,Canada,,Precious Metals,Basic Materials,/market-activity/stocks/aya,NASDAQ
AYTU,Aytu BioPharma Inc.  Common Stock,$2.29,0.04,1.778%,13586,24579046.00,United States,,Biotechnology: Pharmaceutical Preparations,Health Care,/market-activity/stocks/aytu,NASDAQ
AZ,A2Z Cust2Mate Solutions Corp. Common Shares,$6.38,0.03,0.472%,486129,280888859.00,Canada,,Industrial Machinery/Components,Industrials,/market-activity/stocks/az,NASDAQ
AZI,Autozi Internet Technology (Global) Ltd. Class A Ordinary Shares,$1.32,0.00,0.00%,72830,6006570.00,China,2024,Automotive Aftermarket,Consumer Discretionary,/market-activity/stocks/azi,NASDAQ
AZIO,Azio AI Holdings Inc. Common Stock,$1.26,-0.05,-3.817%,346076,20749488.00,United States,,Auto Parts:O.E.M.,Consumer Discretionary,/market-activity/stocks/azio,NASDAQ
AZTA,Azenta Inc.,$32.65,-0.30,-0.91%,475580,1430344031.00,United States,,Industrial Machinery/Components,Technology,/market-activity/stocks/azta,NASDAQ
BACC,Blue Acquisition Corp. Class A Ordinary Shares,$10.48,0.00,0.00%,11502,0.00,United States,2025,Blank Checks,Finance,/market-activity/stocks/bacc,NASDAQ
BACCR,Blue Acquisition Corp. Right ,$0.42,-0.0001,-0.024%,8592,0.00,United States,2025,Blank Checks,Finance,/market-activity/stocks/baccr,NASDAQ
BACCU,Blue Acquisition Corp. Unit,$10.88,-0.35,-3.117%,19697,0.00,United States,2025,Blank Checks,Finance,/market-activity/stocks/baccu,NASDAQ
BAER,Bridger Aerospace Group Holdings Inc. Common Stock,$1.09,-0.01,-0.909%,689390,64120493.00,United States,,Aerospace,Industrials,/market-activity/stocks/baer,NASDAQ
BAERW,Bridger Aerospace Group Holdings Inc. Warrant,$0.18,-0.01,-5.263%,3721,10588705.00,United States,,Aerospace,Industrials,/market-activity/stocks/baerw,NASDAQ
BAFN,BayFirst Financial Corp. Common Stock,$6.50,-0.11,-1.664%,32967,175258298.00,United States,,Major Banks,Finance,/market-activity/stocks/bafn,NASDAQ
BAND,Bandwidth Inc. Class A Common Stock,$48.43,-0.57,-1.163%,1858100,1558515563.00,United States,2017,Computer Software: Prepackaged Software,Technology,/market-activity/stocks/band,NASDAQ
BANF,BancFirst Corporation Common Stock,$109.22,-1.33,-1.203%,99470,3669654929.00,United States,1993,Major Banks,Finance,/market-activity/stocks/banf,NASDAQ
BANFP,BancFirst Corporation - BFC Capital Trust II Cumulative Trust Preferred Securities,$27.50,-1.50,-5.172%,613,923965488.00,United States,,Major Banks,Finance,/market-activity/stocks/banfp,NASDAQ
BANL,CBL International Limited Class B Ordinary Shares,$15.24,-0.86,-5.342%,27301,32238848.00,Malaysia,2023,Oil Refining/Marketing,Energy,/market-activity/stocks/banl,NASDAQ
BANR,Banner Corporation Common Stock,$70.14,-0.36,-0.511%,356263,2383701517.00,United States,,Major Banks,Finance,/market-activity/stocks/banr,NASDAQ
BANX,ArrowMark Financial Corp. Common Stock,$20.89,0.24,1.162%,79640,148373857.00,United States,,Trusts Except Educational Religious and Charitable,Finance,/market-activity/stocks/banx,NASDAQ
BAOS,Baosheng Media Group Holdings Limited Ordinary shares,$0.3534,0.0053,1.523%,1056144,11250308.00,China,2021,Business Services,Consumer Discretionary,/market-activity/stocks/baos,NASDAQ
BATRA,Atlanta Braves Holdings Inc. Series A Common Stock,$55.01,-0.71,-1.274%,76031,3529876014.00,United States,,Services-Misc. Amusement & Recreation,Consumer Discretionary,/market-activity/stocks/batra,NASDAQ
BATRK,Atlanta Braves Holdings Inc. Series C Common Stock,$49.58,-0.97,-1.919%,373880,3181444333.00,United States,,Services-Misc. Amusement & Recreation,Consumer Discretionary,/market-activity/stocks/batrk,NASDAQ
BBBYW,Neighborhood Intelligence Inc. Warrants,$0.6294,0.0094,1.516%,125098,60106242.00,United States,,Catalog/Specialty Distribution,Consumer Discretionary,/market-activity/stocks/bbbyw,NASDAQ
BBCP,Concrete Pumping Holdings Inc. Common Stock,$9.03,-0.18,-1.954%,172922,455052583.00,United States,2017,Engineering & Construction,Consumer Discretionary,/market-activity/stocks/bbcp,NASDAQ
BBGI,Beasley Broadcast Group Inc. Class A Common Stock,$19.37,-0.08,-0.411%,181846,35887787.00,United States,2000,Broadcasting,Consumer Discretionary,/market-activity/stocks/bbgi,NASDAQ
BBIO,BridgeBio Pharma Inc. Common Stock,$76.59,-0.01,-0.013%,2063572,14972385634.00,United States,2019,Biotechnology: Pharmaceutical Preparations,Health Care,/market-activity/stocks/bbio,NASDAQ
BBLG,Bone Biologics Corp Common Stock,$0.577,-0.038,-6.179%,89951,1590245.00,United States,,Industrial Specialties,Health Care,/market-activity/stocks/bblg,NASDAQ
BBLGW,Bone Biologics Corp Warrants,$6.00,0.30,5.263%,169,16536342.00,United States,,Industrial Specialties,Health Care,/market-activity/stocks/bblgw,NASDAQ
BBNX,Beta Bionics Inc. Common Stock,$19.95,0.23,1.166%,434900,897544276.00,United States,2025,Medical/Dental Instruments,Health Care,/market-activity/stocks/bbnx,NASDAQ
BBOT,BridgeBio Oncology Therapeutics Inc. Common Stock  ,$8.80,0.06,0.686%,476046,705533550.00,United States,2024,Biotechnology: Pharmaceutical Preparations,Health Care,/market-activity/stocks/bbot,NASDAQ
BBSI,Barrett Business Services Inc. Common Stock,$34.40,0.03,0.087%,155539,833690192.00,United States,1993,Professional Services,Consumer Discretionary,/market-activity/stocks/bbsi,NASDAQ
BCAL,California BanCorp Common Stock,$21.28,0.01,0.047%,158989,684163512.00,United States,,Major Banks,Finance,/market-activity/stocks/bcal,NASDAQ
BCAX,Bicara Therapeutics Inc. Common Stock,$23.12,-0.31,-1.323%,511965,1529918234.00,United States,2024,Biotechnology: Pharmaceutical Preparations,Health Care,/market-activity/stocks/bcax,NASDAQ
BCBP,BCB Bancorp Inc. (NJ) Common Stock,$8.55,-0.05,-0.581%,97329,154770578.00,United States,2005,Savings Institutions,Finance,/market-activity/stocks/bcbp,NASDAQ
BCCQ,Bleichroeder Acquisition Corp. III Class A Ordinary Shares,$10.04,0.00,0.00%,348851,0.00,United States,2026,Blank Checks,Finance,/market-activity/stocks/bccq,NASDAQ
BCCQU,Bleichroeder Acquisition Corp. III Units,$10.40,0.01,0.096%,5164,0.00,United States,2026,Blank Checks,Finance,/market-activity/stocks/bccqu,NASDAQ
BCCQW,Bleichroeder Acquisition Corp. III Warrant,$1.05,-0.005,-0.474%,2650,0.00,United States,2026,Blank Checks,Finance,/market-activity/stocks/bccqw,NASDAQ
BCDA,BioCardia Inc. Common Stock,$1.14,-0.01,-0.87%,141690,17258211.00,United States,,Biotechnology: Biological Products (No Diagnostic Substances),Health Care,/market-activity/stocks/bcda,NASDAQ
BCG,Binah Capital Group Inc. Common Stock,$1.405,0.01,0.717%,14566,23969484.00,United States,,Finance: Consumer Services,Finance,/market-activity/stocks/bcg,NASDAQ
BCIC,BCP Investment Corporation Common Stock,$7.775,-0.005,-0.064%,89873,96282894.00,United States,2006,Finance: Consumer Services,Finance,/market-activity/stocks/bcic,NASDAQ
BCML,BayCom Corp Common Stock,$29.83,-0.46,-1.519%,35365,325747090.00,United States,2018,Major Banks,Finance,/market-activity/stocks/bcml,NASDAQ
BCPC,Balchem Corporation Common Stock,$175.89,-2.55,-1.429%,198245,5607025114.00,United States,,Major Chemicals,Industrials,/market-activity/stocks/bcpc,NASDAQ
BCRX,BioCryst Pharmaceuticals Inc. Common Stock,$9.70,-0.12,-1.222%,2756124,2478690519.00,United States,1994,Biotechnology: Biological Products (No Diagnostic Substances),Health Care,/market-activity/stocks/bcrx,NASDAQ
BCTX,BriaCell Therapeutics Corp. Common Shares,$3.59,-0.14,-3.753%,260700,31232235.00,Canada,,Biotechnology: Pharmaceutical Preparations,Health Care,/market-activity/stocks/bctx,NASDAQ
BCTXL,BriaCell Therapeutics Corp. Warrant expiring 2031,$0.925,-0.0308,-3.222%,15524,8047303.00,Canada,,Biotechnology: Pharmaceutical Preparations,Health Care,/market-activity/stocks/bctxl,NASDAQ
BCTXZ,BriaCell Therapeutics Corp. Warrant expiring 2030,$0.15,0.015,11.111%,20823,1304968.00,Canada,,Biotechnology: Pharmaceutical Preparations,Health Care,/market-activity/stocks/bctxz,NASDAQ
BCYC,Bicycle Therapeutics plc American Depositary Shares,$4.13,-0.07,-1.667%,235619,289070557.00,United Kingdom,2019,Biotechnology: Pharmaceutical Preparations,Health Care,/market-activity/stocks/bcyc,NASDAQ
BDCI,BTC Development Corp. Class A Ordinary Shares,$10.14,0.00,0.00%,1785,0.00,United States,2025,Blank Checks,Finance,/market-activity/stocks/bdci,NASDAQ
BDCIU,BTC Development Corp. Unit,$10.25,0.00,0.00%,2,0.00,United States,2025,Blank Checks,Finance,/market-activity/stocks/bdciu,NASDAQ
BDCIW,BTC Development Corp. Warrant,$0.4471,-0.0029,-0.644%,100,0.00,United States,2025,Blank Checks,Finance,/market-activity/stocks/bdciw,NASDAQ
BDMD,Baird Medical Investment Holdings Ltd Ordinary Share,$1.10,-0.02,-1.786%,38974,46429639.00,China,,Medical/Dental Instruments,Health Care,/market-activity/stocks/bdmd,NASDAQ
BDMDW,Baird Medical Investment Holdings Ltd Warrant,$0.0391,-0.0009,-2.25%,1400,1650363.00,China,,Medical/Dental Instruments,Health Care,/market-activity/stocks/bdmdw,NASDAQ
BDRX,Biodexa Pharmaceuticals plc American Depositary Shs,$0.8117,-0.0564,-6.497%,110973,835293.00,United Kingdom,,Biotechnology: Pharmaceutical Preparations,Health Care,/market-activity/stocks/bdrx,NASDAQ
BDSX,Biodesix Inc. Common Stock,$26.345,-0.485,-1.808%,58081,277969204.00,United States,2020,Medical Specialities,Health Care,/market-activity/stocks/bdsx,NASDAQ
BDTX,Black Diamond Therapeutics Inc. Common Stock,$2.10,-0.13,-5.83%,506999,120652869.00,United States,2020,Biotechnology: Biological Products (No Diagnostic Substances),Health Care,/market-activity/stocks/bdtx,NASDAQ
BEAG,Bold Eagle Acquisition Corp. Class A Ordinary Shares,$10.7415,-0.0585,-0.542%,338,0.00,United States,2024,,,/market-activity/stocks/beag,NASDAQ
BEAGR,Bold Eagle Acquisition Corp. Right,$0.25,0.00,0.00%,5014,0.00,United States,2024,,,/market-activity/stocks/beagr,NASDAQ
BEAGU,Bold Eagle Acquisition Corp. Units,$11.22,0.00,0.00%,301,0.00,United States,2024,,,/market-activity/stocks/beagu,NASDAQ
BEAM,Beam Therapeutics Inc. Common Stock,$29.43,0.11,0.375%,1308327,3039755981.00,United States,2020,Biotechnology: Biological Products (No Diagnostic Substances),Health Care,/market-activity/stocks/beam,NASDAQ
BEAT,Heartbeam Inc. Common Stock,$0.47,0.0031,0.664%,176512,26484110.00,United States,2021,Medical/Dental Instruments,Health Care,/market-activity/stocks/beat,NASDAQ
BEATW,Heartbeam Inc. Warrant,$0.009,-0.001,-10.00%,15912,507143.00,United States,2021,Medical/Dental Instruments,Health Care,/market-activity/stocks/beatw,NASDAQ
BEEM,Beam Global Common Stock,$1.42,-0.05,-3.401%,653809,32139307.00,United States,,Industrial Machinery/Components,Miscellaneous,/market-activity/stocks/beem,NASDAQ
BEEP,Mobile Infrastructure Corporation Common Stock,$3.04,0.07,2.357%,33083,125552000.00,United States,,Real Estate,Finance,/market-activity/stocks/beep,NASDAQ
BELFA,Bel Fuse Inc. Class A Common Stock,$204.77,-2.58,-1.244%,165266,2956766177.00,United States,,,,/market-activity/stocks/belfa,NASDAQ
BELFB,Bel Fuse Inc. Class B Common Stock,$249.275,0.585,0.235%,231697,3599393899.00,United States,,,,/market-activity/stocks/belfb,NASDAQ
BENF,Beneficient Class A Common Stock,$2.08,-0.186,-8.208%,6791,32147902.00,United States,,Finance: Consumer Services,Finance,/market-activity/stocks/benf,NASDAQ
BENFW,Beneficient Warrant,$0.0097,0.00,0.00%,65162,149921.00,United States,,Finance: Consumer Services,Finance,/market-activity/stocks/benfw,NASDAQ
BETR,Better Home & Finance Holding Company Class A Common Stock,$13.84,-0.01,-0.072%,564468,262940333.00,United Kingdom,2021,Finance: Consumer Services,Finance,/market-activity/stocks/betr,NASDAQ
BETRW,Better Home & Finance Holding Company Warrant,$0.106,0.00,0.00%,252,2013849.00,United Kingdom,2021,Finance: Consumer Services,Finance,/market-activity/stocks/betrw,NASDAQ
BFC,Bank First Corporation Common Stock,$150.66,-2.15,-1.407%,68984,1670157551.00,United States,,Major Banks,Finance,/market-activity/stocks/bfc,NASDAQ
BFRG,Bullfrog AI Holdings Inc. Common Stock,$0.5351,-0.005,-0.926%,92922,9921637.00,United States,2023,Biotechnology: Pharmaceutical Preparations,Health Care,/market-activity/stocks/bfrg,NASDAQ
BFRGW,Bullfrog AI Holdings Inc. Warrants,$0.1124,0.00,0.00%,11,2084082.00,United States,2023,Biotechnology: Pharmaceutical Preparations,Health Care,/market-activity/stocks/bfrgw,NASDAQ
BFRI,Biofrontera Inc. Common Stock,$1.53,-0.06,-3.774%,744278,22724109.00,United States,2021,Biotechnology: Pharmaceutical Preparations,Health Care,/market-activity/stocks/bfri,NASDAQ
BFRIW,Biofrontera Inc. Warrants,$0.025,0.00,0.00%,56,371309.00,United States,2021,Biotechnology: Pharmaceutical Preparations,Health Care,/market-activity/stocks/bfriw,NASDAQ
BFST,Business First Bancshares Inc. Common Stock,$31.02,-0.19,-0.609%,166110,1009697371.00,United States,,Major Banks,Finance,/market-activity/stocks/bfst,NASDAQ
BGC,BGC Group Inc. Class A Common Stock,$12.01,-0.11,-0.908%,2908563,5710352929.00,United States,,Investment Bankers/Brokers/Service,Finance,/market-activity/stocks/bgc,NASDAQ
BGDE,Big Digital Energy Inc. Common Stock,$6.61,0.18,2.799%,53206,37441281.00,Australia,,Finance: Consumer Services,Finance,/market-activity/stocks/bgde,NASDAQ
BGIN,Bgin Blockchain Limited Class A Ordinary Shares,$1.91,-0.06,-3.046%,2845,216089647.00,China,2025,Finance: Consumer Services,Finance,/market-activity/stocks/bgin,NASDAQ
BGL,Blue Gold Limited Class A Ordinary Shares,$0.2048,0.0048,2.40%,76260,8363576.00,United Kingdom,,Metal Mining,Basic Materials,/market-activity/stocks/bgl,NASDAQ
BGLC,BioNexus Gene Lab Corp Common stock,$1.49,-0.06,-3.871%,585,4370829.00,Malaysia,,Medical Specialities,Health Care,/market-activity/stocks/bglc,NASDAQ
BGLWW,Blue Gold Limited Warrant,$0.0201,-0.0069,-25.556%,44274,820839.00,United Kingdom,,Metal Mining,Basic Materials,/market-activity/stocks/bglww,NASDAQ
BGM,BGM Group Ltd. Class A Ordinary Shares,$0.2719,-0.0556,-16.977%,245529,108929491.00,China,2021,Biotechnology: Pharmaceutical Preparations,Health Care,/market-activity/stocks/bgm,NASDAQ
BGMS,Bio Green Med Solution Inc. Common Stock,$0.865,0.005,0.581%,7611,5728717.00,United States,,Biotechnology: Pharmaceutical Preparations,Health Care,/market-activity/stocks/bgms,NASDAQ
BHAV,BHAV Acquisition Corp Class A Ordinary Shares,$10.03,0.00,0.00%,6490,0.00,United States,2026,Blank Checks,Finance,/market-activity/stocks/bhav,NASDAQ
BHAVR,BHAV Acquisition Corp Rights,$0.2001,-0.0001,-0.05%,19546,0.00,United States,2026,Blank Checks,Finance,/market-activity/stocks/bhavr,NASDAQ
BHAVU,BHAV Acquisition Corp Units,$10.17,0.00,0.00%,1001,0.00,United States,2026,Blank Checks,Finance,/market-activity/stocks/bhavu,NASDAQ
BHF,Brighthouse Financial Inc. Common Stock,$53.02,-0.02,-0.038%,705359,3049263070.00,United States,,Life Insurance,Finance,/market-activity/stocks/bhf,NASDAQ
BHFAL,Brighthouse Financial Inc. 6.25% Junior Subordinated Debentures due 2058,$15.76,0.207,1.331%,38821,906382233.00,United States,,Life Insurance,Finance,/market-activity/stocks/bhfal,NASDAQ
BHFAM,Brighthouse Financial Inc. Depositary shares each representing a 1/1000th Interest in a Share of 4.625% Non-Cumulative Preferred Stock Series D,$10.19,-0.02,-0.196%,34268,586042827.00,United States,,Life Insurance,Finance,/market-activity/stocks/bhfam,NASDAQ
BHFAN,Brighthouse Financial Inc. Depositary shares each representing a 1/1000th interest in a share of 5.375% Non-Cumulative Preferred Stock Series C,$11.79,0.00,0.00%,91066,678061328.00,United States,,Life Insurance,Finance,/market-activity/stocks/bhfan,NASDAQ
BHFAO,Brighthouse Financial Inc. Depositary Shares 6.75% Non-Cumulative Preferred Stock Series B,$14.71,0.01,0.068%,29908,845995092.00,United States,,Life Insurance,Finance,/market-activity/stocks/bhfao,NASDAQ
BHFAP,Brighthouse Financial Inc. Depositary Shares 6.6% Non-Cumulative Preferred Stock Series A,$14.39,-0.01,-0.069%,60493,827591392.00,United States,,Life Insurance,Finance,/market-activity/stocks/bhfap,NASDAQ
BHRB,Burke & Herbert Financial Services Corp. Common Stock,$71.31,-0.40,-0.558%,100302,1439537323.00,United States,,Major Banks,Finance,/market-activity/stocks/bhrb,NASDAQ
BHST,BioHarvest Sciences Inc. Common Stock,$1.91,0.07,3.804%,9623,43295578.00,Canada,,,,/market-activity/stocks/bhst,NASDAQ
BIAF,bioAffinity Technologies Inc. Common Stock,$4.56,-0.31,-6.366%,36134,2701221.00,United States,2022,Biotechnology: Commercial Physical & Biological Resarch,Health Care,/market-activity/stocks/biaf,NASDAQ
BIAFW,bioAffinity Technologies Inc. Warrant,$0.0751,0.00,0.00%,8,44487.00,United States,2022,Biotechnology: Commercial Physical & Biological Resarch,Health Care,/market-activity/stocks/biafw,NASDAQ
BID,Tribeca Strategic Acquisition Corp. Class A Ordinary Shares,$9.89,-0.01,-0.101%,250229,0.00,United States,2026,Blank Checks,Finance,/market-activity/stocks/bid,NASDAQ
BIDU,Baidu Inc. ADS,$95.28,-1.84,-1.895%,3385773,32419273350.00,China,2005,Computer Software: Programming Data Processing,Technology,/market-activity/stocks/bidu,NASDAQ
BIDWU,Tribeca Strategic Acquisition Corp. Unit,$9.95,-0.07,-0.699%,544,0.00,United States,2026,Blank Checks,Finance,/market-activity/stocks/bidwu,NASDAQ
BIIB,Biogen Inc. Common Stock,$216.65,-1.85,-0.847%,830989,32010903667.00,United States,,Biotechnology: Biological Products (No Diagnostic Substances),Health Care,/market-activity/stocks/biib,NASDAQ
BILI,Bilibili Inc. American Depositary Shares,$16.16,-0.44,-2.651%,2009655,6732638136.00,China,2018,EDP Services,Technology,/market-activity/stocks/bili,NASDAQ
BIOA,BioAge Labs Inc. Common Stock,$9.50,-0.15,-1.554%,1032160,436020636.00,United States,2024,Biotechnology: Pharmaceutical Preparations,Health Care,/market-activity/stocks/bioa,NASDAQ
BIOT,Instinct Bio Technical Company Holdings Inc. Ordinary Shares,$0.42,-0.0072,-1.685%,86354,12076617.00,Japan,,Package Goods/Cosmetics,Consumer Discretionary,/market-activity/stocks/biot,NASDAQ
BIOTW,Instinct Bio Technical Company Holdings Inc. Warrants,$0.0175,-0.0001,-0.568%,615,503192.00,Japan,,Package Goods/Cosmetics,Consumer Discretionary,/market-activity/stocks/biotw,NASDAQ
BIOX,Bioceres Crop Solutions Corp. Ordinary Shares,$0.43,0.02,4.878%,5719313,27188143.00,Argentina,,Agricultural Chemicals,Industrials,/market-activity/stocks/biox,NASDAQ
BIRD,Smartbird Inc. Class A Common Stock,$2.455,-0.085,-3.346%,288561,28991569.00,United States,2021,Apparel,Consumer Discretionary,/market-activity/stocks/bird,NASDAQ
BIVI,BioVie Inc. Class A Common Stock,$2.28,0.12,5.556%,1536546,19268617.00,United States,,Biotechnology: Pharmaceutical Preparations,Health Care,/market-activity/stocks/bivi,NASDAQ
BIVIW,BioVie Inc. Warrant,$0.39,0.07,21.875%,140152,3295948.00,United States,,Biotechnology: Pharmaceutical Preparations,Health Care,/market-activity/stocks/biviw,NASDAQ
BIXI,Bitcoin Infrastructure Acquisition Corp Ltd. Class A Ordinary Shares,$10.10,0.01,0.099%,963,0.00,United States,2025,,,/market-activity/stocks/bixi,NASDAQ
BIXIU,Bitcoin Infrastructure Acquisition Corp Ltd. Unit ,$10.26,0.00,0.00%,55,0.00,United States,2025,Blank Checks,Finance,/market-activity/stocks/bixiu,NASDAQ
BIXIW,Bitcoin Infrastructure Acquisition Corp Ltd. Warrant,$0.3999,0.0699,21.182%,1972,0.00,United States,2025,,,/market-activity/stocks/bixiw,NASDAQ
BIYA,Baiya International Group Inc Class A Ordinary Shares,$2.25,0.02,0.897%,40167,14356692.00,China,2025,Diversified Commercial Services,Consumer Discretionary,/market-activity/stocks/biya,NASDAQ
BJDX,Bluejay Diagnostics Inc. Common Stock,$0.87,-0.03,-3.333%,527392,3887204.00,United States,2021,Medical/Dental Instruments,Health Care,/market-activity/stocks/bjdx,NASDAQ
BJRI,BJ's Restaurants Inc. Common Stock,$63.59,-1.53,-2.35%,473907,1352798716.00,United States,,Restaurants,Consumer Discretionary,/market-activity/stocks/bjri,NASDAQ
BKHA,Black Hawk Acquisition Corporation Class A Ordinary Shares,$11.97,0.1229,1.037%,244,0.00,United States,2024,Biotechnology: Biological Products (No Diagnostic Substances),Health Care,/market-activity/stocks/bkha,NASDAQ
BKHAR,Black Hawk Acquisition Corporation Rights,$1.28,0.585,84.173%,371,0.00,United States,2024,Biotechnology: Biological Products (No Diagnostic Substances),Health Care,/market-activity/stocks/bkhar,NASDAQ
BKHAU,Black Hawk Acquisition Corporation Units,$12.00,0.00,0.00%,39,0.00,United States,2024,,,/market-activity/stocks/bkhau,NASDAQ
BKNG,Booking Holdings Inc. Common Stock,$199.09,-6.54,-3.18%,5055444,149592343745.00,United States,,Transportation Services,Consumer Discretionary,/market-activity/stocks/bkng,NASDAQ
BKR,Baker Hughes Company Class A Common Stock,$63.55,1.14,1.827%,11223699,63084437212.00,United States,,Oil and Gas Field Machinery,Consumer Discretionary,/market-activity/stocks/bkr,NASDAQ
BKYI,BIO-key International Inc. Common Stock,$3.10,0.025,0.813%,11950,4452666.00,United States,,Computer Software: Prepackaged Software,Technology,/market-activity/stocks/bkyi,NASDAQ
BL,BlackLine Inc. Common Stock,$33.22,0.24,0.728%,1122241,1930921469.00,United States,2016,Computer Software: Prepackaged Software,Technology,/market-activity/stocks/bl,NASDAQ
BLBD,Blue Bird Corporation Common Stock,$58.15,-1.08,-1.823%,601354,1841961668.00,United States,2014,Construction/Ag Equipment/Trucks,Consumer Discretionary,/market-activity/stocks/blbd,NASDAQ
BLDP,Ballard Power Systems Inc. Common Shares,$2.31,0.06,2.667%,2720886,696480001.00,Canada,,Industrial Machinery/Components,Energy,/market-activity/stocks/bldp,NASDAQ
BLFS,BioLife Solutions Inc. Common Stock,$37.07,0.69,1.897%,1250414,1812971517.00,United States,,Biotechnology: Electromedical & Electrotherapeutic Apparatus,Health Care,/market-activity/stocks/blfs,NASDAQ
BLIN,Bridgeline Digital Inc. Common Stock,$1.00,0.0195,1.989%,32345,12599879.00,United States,2007,Computer Software: Prepackaged Software,Technology,/market-activity/stocks/blin,NASDAQ
BLIV,BeLive Holdings Ordinary Share,$2.15,0.00,0.00%,157,23359324.00,Singapore,2025,EDP Services,Technology,/market-activity/stocks/bliv,NASDAQ
BLKB,Blackbaud Inc. Common Stock,$48.06,-0.56,-1.152%,349142,2181448062.00,United States,2004,Computer Software: Prepackaged Software,Technology,/market-activity/stocks/blkb,NASDAQ
BLLN,BillionToOne Inc. Class A Common Stock,$90.67,-2.57,-2.756%,450835,4278448735.00,United States,2025,Medical Specialities,Health Care,/market-activity/stocks/blln,NASDAQ
BLMN,Bloomin' Brands Inc. Common Stock,$10.30,-0.28,-2.647%,2064992,881895445.00,United States,2012,Restaurants,Consumer Discretionary,/market-activity/stocks/blmn,NASDAQ
BLNE,Beeline Holdings Inc. Common Stock,$0.995,0.0106,1.077%,1665974,32763507.00,United States,,Finance: Consumer Services,Finance,/market-activity/stocks/blne,NASDAQ
BLNK,Blink Charging Co. Common Stock,$0.5198,-0.0127,-2.385%,1450671,75339145.00,United States,,Industrial Machinery/Components,Miscellaneous,/market-activity/stocks/blnk,NASDAQ
BLRK,Bluerock Acquisition Corp. Class A Ordinary Shares,$10.08,0.01,0.099%,127198,0.00,United States,2026,,,/market-activity/stocks/blrk,NASDAQ
BLRKU,Bluerock Acquisition Corp. Unit,$10.23,0.00,0.00%,2,0.00,United States,2025,,,/market-activity/stocks/blrku,NASDAQ
BLRKW,Bluerock Acquisition Corp. Warrants,$0.4269,0.1269,42.30%,14524,0.00,United States,2026,,,/market-activity/stocks/blrkw,NASDAQ
BLRX,BioLineRx Ltd. American Depositary Shares,$2.80,0.20,7.692%,214445,12231226.00,Israel,,Biotechnology: Pharmaceutical Preparations,Health Care,/market-activity/stocks/blrx,NASDAQ
BLSM,BlossomHill Therapeutics Inc. Common Stock,$18.30,-1.26,-6.442%,101579,553630541.00,United States,2026,Biotechnology: Pharmaceutical Preparations,Health Care,/market-activity/stocks/blsm,NASDAQ
BLTE,Belite Bio Inc American Depositary Shares,$155.71,3.99,2.63%,146188,6270775542.00,United States,2022,Biotechnology: Pharmaceutical Preparations,Health Care,/market-activity/stocks/blte,NASDAQ
BLUW,Blue Water Acquisition Corp. III Class A Ordinary Shares,$10.38,0.0063,0.061%,19133,75203100.00,United States,2025,,,/market-activity/stocks/bluw,NASDAQ
BLUWU,Blue Water Acquisition Corp. III Unit.,$10.50,0.00,0.00%,2,0.00,United States,2025,Biotechnology: Biological Products (No Diagnostic Substances),Health Care,/market-activity/stocks/bluwu,NASDAQ
BLUWW,Blue Water Acquisition Corp. III Warrant.,$0.2805,-0.0195,-6.50%,1518,0.00,United States,2025,,,/market-activity/stocks/bluww,NASDAQ
BLZE,Backblaze Inc. Class A Common Stock,$14.13,-0.20,-1.396%,1259494,874647000.00,United States,2021,Computer Software: Prepackaged Software,Technology,/market-activity/stocks/blze,NASDAQ
BLZR,Trailblazer Acquisition Corp. Class A Ordinary Shares,$10.21,0.01,0.098%,924377,0.00,United States,2025,Blank Checks,Finance,/market-activity/stocks/blzr,NASDAQ
BLZRU,Trailblazer Acquisition Corp. Unit,$10.33,0.00,0.00%,1225,0.00,United States,2025,,,/market-activity/stocks/blzru,NASDAQ
BLZRW,Trailblazer Acquisition Corp. Warrant,$0.372,-0.0079,-2.079%,150,0.00,United States,2025,Blank Checks,Finance,/market-activity/stocks/blzrw,NASDAQ
BMBL,Bumble Inc. Class A Common Stock,$2.74,0.01,0.366%,1614135,361593180.00,United States,2021,Computer Software: Programming Data Processing,Technology,/market-activity/stocks/bmbl,NASDAQ
BMEA,Biomea Fusion Inc. Common Stock,$1.68,-0.05,-2.89%,1018663,121772871.00,United States,2021,Biotechnology: Pharmaceutical Preparations,Health Care,/market-activity/stocks/bmea,NASDAQ
BMGL,Basel Medical Group Ltd Ordinary Shares,$5.56,0.32,6.107%,3700,8704069.00,Singapore,2025,Medical/Nursing Services,Health Care,/market-activity/stocks/bmgl,NASDAQ
BMHL,Bluemount Holdings Limited Class B Ordinary Shares,$5.9114,-0.0326,-0.548%,1192,150859797.00,Hong Kong,2025,Finance: Consumer Services,Finance,/market-activity/stocks/bmhl,NASDAQ
BMM,Blue Moon Metals Inc. Common Shares,$6.06,0.44,7.829%,353438,635469786.00,Canada,,,,/market-activity/stocks/bmm,NASDAQ
BMR,Beamr Imaging Ltd. Ordinary Share,$1.24,0.00,0.00%,15468,19257019.00,Israel,2023,Computer Software: Prepackaged Software,Technology,/market-activity/stocks/bmr,NASDAQ
BMRA,Biomerica Inc. Common Stock,$2.09,-0.05,-2.336%,51130,9371506.00,United States,,Biotechnology: In Vitro & In Vivo Diagnostic Substances,Health Care,/market-activity/stocks/bmra,NASDAQ
BMRC,Bank of Marin Bancorp Common Stock,$26.58,-0.05,-0.188%,158808,430443112.00,United States,,Major Banks,Finance,/market-activity/stocks/bmrc,NASDAQ
BMRN,BioMarin Pharmaceutical Inc. Common Stock,$65.23,0.565,0.874%,2299074,12626816300.00,United States,1999,Biotechnology: Pharmaceutical Preparations,Health Care,/market-activity/stocks/bmrn,NASDAQ
BNAI,Brand Engagement Network Inc. Common Stock,$11.26,-1.35,-10.706%,164291,84315398.00,United States,2021,EDP Services,Technology,/market-activity/stocks/bnai,NASDAQ
BNAIW,Brand Engagement Network Inc. Warrant,$0.0751,-0.0049,-6.125%,4672,562352.00,United States,2021,EDP Services,Technology,/market-activity/stocks/bnaiw,NASDAQ
BNC,CEA Industries Inc. Common Stock,$3.09,0.08,2.658%,209270,127505297.00,United States,,Farming/Seeds/Milling,Consumer Staples,/market-activity/stocks/bnc,NASDAQ
BNCWW,CEA Industries Inc. Warrant,$0.0149,0.00,0.00%,6,614831.00,United States,,Farming/Seeds/Milling,Consumer Staples,/market-activity/stocks/bncww,NASDAQ
BNCWZ,CEA Industries Inc. Warrant,$0.0699,0.0049,7.538%,5366,2884343.00,United States,,Farming/Seeds/Milling,Consumer Staples,/market-activity/stocks/bncwz,NASDAQ
BNGO,Bionano Genomics Inc. Common Stock,$1.22,0.05,4.274%,177406,14367940.00,United States,2018,Biotechnology: Laboratory Analytical Instruments,Industrials,/market-activity/stocks/bngo,NASDAQ
BNKK,Bonk Inc. Common Stock,$1.23,-0.07,-5.385%,146185,9841156.00,United States,2020,Package Goods/Cosmetics,Consumer Discretionary,/market-activity/stocks/bnkk,NASDAQ
BNR,Burning Rock Biotech Limited American Depositary Shares,$9.45,-0.74,-7.262%,5711,99662941.00,China,2020,Medical Specialities,Health Care,/market-activity/stocks/bnr,NASDAQ
BNTC,Benitec Biopharma Inc. Common Stock,$12.17,-0.30,-2.406%,60839,418092245.00,United States,2015,Biotechnology: Pharmaceutical Preparations,Health Care,/market-activity/stocks/bntc,NASDAQ
BNTX,BioNTech SE American Depositary Share,$101.61,-0.465,-0.456%,1089766,25524875629.00,Germany,2019,Biotechnology: Biological Products (No Diagnostic Substances),Health Care,/market-activity/stocks/bntx,NASDAQ
BODI,The Beachbody Company Inc. Class A Common Stock,$5.85,0.01,0.171%,41296,42476745.00,United States,,Other Consumer Services,Consumer Discretionary,/market-activity/stocks/bodi,NASDAQ
BOF,BranchOut Food Inc. Common Stock,$3.98,0.02,0.505%,44269,60957799.00,United States,2023,Packaged Foods,Consumer Staples,/market-activity/stocks/bof,NASDAQ
BOKF,BOK Financial Corporation Common Stock,$136.08,-1.40,-1.018%,171975,8269155261.00,United States,,Major Banks,Finance,/market-activity/stocks/bokf,NASDAQ
BOLD,Boundless Bio Inc. Common Stock,$2.81,-0.02,-0.707%,103203,63921838.00,United States,2024,Biotechnology: Pharmaceutical Preparations,Health Care,/market-activity/stocks/bold,NASDAQ
BOLT,Bolt Biotherapeutics Inc. Common Stock,$3.98,0.165,4.325%,4964,7666853.00,United States,2021,Biotechnology: Pharmaceutical Preparations,Health Care,/market-activity/stocks/bolt,NASDAQ
BON,Bon Natural Life Limited Class A Ordinary Shares,$1.14,-0.0049,-0.428%,1738,9266843.00,China,2021, Medicinal Chemicals and Botanical Products ,Health Care,/market-activity/stocks/bon,NASDAQ
BOOM,DMC Global Inc. Common Stock,$7.07,0.21,3.061%,71431,145224509.00,United States,,Industrial Specialties,Industrials,/market-activity/stocks/boom,NASDAQ
BOSC,B.O.S. Better Online Solutions Common Stock,$4.68,0.05,1.08%,64067,32993111.00,Israel,,Computer Communications Equipment,Telecommunications,/market-activity/stocks/bosc,NASDAQ
BOT,RoboStrategy Inc. Common Stock,$26.07,-0.95,-3.516%,243537,0.00,Puerto Rico,,,,/market-activity/stocks/bot,NASDAQ
BOTJ,Bank of the James Financial Group Inc. Common Stock,$27.04,0.03,0.111%,35225,122851860.00,United States,,Major Banks,Finance,/market-activity/stocks/botj,NASDAQ
BOXL,Boxlight Corporation Class A Common Stock,$6.28,0.33,5.546%,30440,4191228.00,United States,2017,Other Consumer Services,Real Estate,/market-activity/stocks/boxl,NASDAQ
BPAC,Blueport Acquisition Ltd Class A Ordinary Shares,$10.185,-0.015,-0.147%,232,0.00,United States,2026,,,/market-activity/stocks/bpac,NASDAQ
BPACU,Blueport Acquisition Ltd Units,$10.3001,0.00,0.00%,97,0.00,United States,2025,Blank Checks,Finance,/market-activity/stocks/bpacu,NASDAQ
BPOP,Popular Inc. Common Stock,$168.19,-1.56,-0.919%,482247,10726906083.00,United States,,Major Banks,Finance,/market-activity/stocks/bpop,NASDAQ
BPOPM,Popular Inc. Popular Capital Trust II - 6.125% Cumulative Monthly Income Trust Preferred Securities,$25.50,0.2779,1.102%,22454,1626351776.00,United States,,Major Banks,Finance,/market-activity/stocks/bpopm,NASDAQ
BPRN,Princeton Bancorp Inc. Common Stock (PA),$42.22,-0.03,-0.071%,20224,287653346.00,United States,,Major Banks,Finance,/market-activity/stocks/bprn,NASDAQ
BPYPM,Brookfield Property Partners L.P. 6.25% Class A Cumulative Redeemable Preferred Units Series 1,$17.00,0.28,1.675%,45524,21058367534.00,Bermuda,,Real Estate,Finance,/market-activity/stocks/bpypm,NASDAQ
BPYPN,Brookfield Property Partners L.P. 5.750% Class A Cumulative Redeemable Perpetual Preferred Units Series 3,$14.09,0.06,0.428%,28656,17453670503.00,Bermuda,,Real Estate,Finance,/market-activity/stocks/bpypn,NASDAQ
BPYPO,Brookfield Property Partners L.P. 6.375% Class A Cumulative Redeemable Perpetual Preferred Units Series 2,$15.435,0.035,0.227%,39065,19119758993.00,Bermuda,,Real Estate,Finance,/market-activity/stocks/bpypo,NASDAQ
BPYPP,Brookfield Property Partners L.P. 6.50% Class A Cumulative Redeemable Perpetual Preferred Units,$16.45,0.08,0.489%,10217,20377067408.00,Bermuda,,Real Estate,Finance,/market-activity/stocks/bpypp,NASDAQ
BRAG,Bragg Gaming Group Inc. Common Shares,$1.38,-0.08,-5.479%,36542,42867498.00,Canada,,Office Equipment/Supplies/Services,Technology,/market-activity/stocks/brag,NASDAQ
BRAI,Braiin Limited Common Stock,$5.48,0.00,0.00%,33235,1129363489.00,Australia,,EDP Services,Technology,/market-activity/stocks/brai,NASDAQ
BRBI,BRBI BR Partners S.A. ADSs,$9.9235,0.00,0.00%,296,497530014.00,Brazil,,Finance: Consumer Services,Finance,/market-activity/stocks/brbi,NASDAQ
BRCB,Black Rock Coffee Bar Inc. Class A Common Stock,$9.55,0.42,4.60%,482708,478194084.00,United States,2025,Restaurants,Consumer Discretionary,/market-activity/stocks/brcb,NASDAQ
BREZ,Breeze Acquisition Corp. II Ordinary Shares,$10.00,0.00,0.00%,56,0.00,United States,2026,Blank Checks,Finance,/market-activity/stocks/brez,NASDAQ
BREZR,Breeze Acquisition Corp. II Right,$0.2579,0.0129,5.265%,48447,0.00,United States,2026,Blank Checks,Finance,/market-activity/stocks/brezr,NASDAQ
BRFH,Barfresh Food Group Inc. Common Stock,$1.28,0.03,2.40%,52750,20874460.00,United States,,Packaged Foods,Consumer Staples,/market-activity/stocks/brfh,NASDAQ
BRID,Bridgford Foods Corporation Common Stock,$6.09,-0.04,-0.653%,1112,55277907.00,United States,,Specialty Foods,Consumer Staples,/market-activity/stocks/brid,NASDAQ
BRKH,Burtech Acquisition Corp II Class A Ordinary Shares,$9.97,-0.02,-0.20%,2422,0.00,United States,2026,Blank Checks,Finance,/market-activity/stocks/brkh,NASDAQ
BRKHU,Burtech Acquisition Corp II Unit,$10.12,0.00,0.00%,20,0.00,United States,2026,Semiconductors,Technology,/market-activity/stocks/brkhu,NASDAQ
BRKHW,Burtech Acquisition Corp II Warrants,$0.15,0.00,0.00%,8,0.00,United States,2026,Blank Checks,Finance,/market-activity/stocks/brkhw,NASDAQ
BRKR,Bruker Corporation Common Stock,$58.01,0.93,1.629%,1859810,8838363921.00,United States,,Biotechnology: Laboratory Analytical Instruments,Industrials,/market-activity/stocks/brkr,NASDAQ
BRKRP,Bruker Corporation 6.375% Mandatory Convertible Preferred Stock Series A,$428.01,7.69,1.83%,7903,65211310841.00,United States,,Biotechnology: Laboratory Analytical Instruments,Industrials,/market-activity/stocks/brkrp,NASDAQ
BRLS,Borealis Foods Inc. Class A Common Shares,$1.18,0.12,11.321%,46783,25326701.00,Canada,2021,Packaged Foods,Consumer Staples,/market-activity/stocks/brls,NASDAQ
BRLSW,Borealis Foods Inc. Warrant,$0.0599,0.0295,97.039%,8511,1285652.00,Canada,2021,Packaged Foods,Consumer Staples,/market-activity/stocks/brlsw,NASDAQ
BRLT,Brilliant Earth Group Inc. Class A Common Stock,$1.41,0.08,6.015%,152109,143570141.00,United States,2021,Consumer Specialties,Consumer Discretionary,/market-activity/stocks/brlt,NASDAQ
BRNS,Barinthus Biotherapeutics plc American Depositary Shares,$0.697,-0.0493,-6.606%,193882,28471678.00,United Kingdom,2021,Biotechnology: Pharmaceutical Preparations,Health Care,/market-activity/stocks/brns,NASDAQ
BRNX,BrenX Ltd. Ordinary Shares,$4.28,0.39,10.026%,1915622,3085401.00,Israel,,Building Products,Industrials,/market-activity/stocks/brnx,NASDAQ
BRR,ProCap Financial Inc. Common Stock,$2.16,-0.06,-2.703%,1042116,190878282.00,United States,2025,Finance: Consumer Services,Finance,/market-activity/stocks/brr,NASDAQ
BRRWW,ProCap Financial Inc. Warrant,$0.27,-0.0293,-9.79%,10305,23859785.00,United States,2025,Finance: Consumer Services,Finance,/market-activity/stocks/brrww,NASDAQ
BRTMU,B&R Technology Merger Corp. Units,$9.965,-0.005,-0.05%,1196,0.00,United States,2026,,,/market-activity/stocks/brtmu,NASDAQ
BRTX,BioRestorative Therapies Inc. Common Stock (NV),$0.2024,0.0033,1.657%,216171,5156782.00,United States,,Managed Health Care,Health Care,/market-activity/stocks/brtx,NASDAQ
BRUN,Boost Run Inc. Class A Common Stock,$17.43,0.38,2.229%,2425463,1385466097.00,United States,,EDP Services,Technology,/market-activity/stocks/brun,NASDAQ
BRVE,Braveheart Bio Inc. Common Stock,$25.50,-1.94,-7.07%,806233,1873366119.00,United States,2026,Biotechnology: Pharmaceutical Preparations,Health Care,/market-activity/stocks/brve,NASDAQ
BRZE,Braze Inc. Class A Common Stock,$34.04,-0.49,-1.419%,2197086,4172616358.00,United States,2021,Computer Software: Prepackaged Software,Technology,/market-activity/stocks/brze,NASDAQ
BSAA,BEST SPAC I Acquisition Corp. Class A Ordinary Shares,$11.10,0.04,0.362%,2703,,Hong Kong,2025,Blank Checks,Finance,/market-activity/stocks/bsaa,NASDAQ
BSAAR,BEST SPAC I Acquisition Corp. Rights,$0.09,-0.035,-28.00%,4917,0.00,Hong Kong,2025,Blank Checks,Finance,/market-activity/stocks/bsaar,NASDAQ
BSAAU,BEST SPAC I Acquisition Corp. Unit ,$10.50,0.00,0.00%,12,0.00,Hong Kong,2025,Blank Checks,Finance,/market-activity/stocks/bsaau,NASDAQ
BSBK,Bogota Financial Corp. Common Stock,$9.16,-0.09,-0.973%,1824,116893627.00,United States,2020,Banks,Finance,/market-activity/stocks/bsbk,NASDAQ
BSEM,BioStem Technologies Inc. Common Stock,$3.68,0.15,4.249%,196456,65686053.00,United States,,Biotechnology: Biological Products (No Diagnostic Substances),Health Care,/market-activity/stocks/bsem,NASDAQ
BSET,Bassett Furniture Industries Incorporated Common Stock,$18.80,0.06,0.32%,20492,162775457.00,United States,,Home Furnishings,Consumer Discretionary,/market-activity/stocks/bset,NASDAQ
BSIN,Big Sky Industrial Inc. Common Stock,$1.52,0.06,4.11%,594877,79790011.00,United States,,Oil & Gas Production,Energy,/market-activity/stocks/bsin,NASDAQ
BSP,Bending Spoons S.p.A. Ordinary Shares,$41.35,-2.24,-5.139%,657534,28460349055.00,Italy,2026,Computer Software: Programming Data Processing,Technology,/market-activity/stocks/bsp,NASDAQ
BSRR,Sierra Bancorp Common Stock,$39.62,-0.22,-0.552%,42450,513609789.00,United States,,Major Banks,Finance,/market-activity/stocks/bsrr,NASDAQ
BSVN,Bank7 Corp. Common stock,$51.36,-0.85,-1.628%,37935,489247964.00,United States,2018,Major Banks,Finance,/market-activity/stocks/bsvn,NASDAQ
BSY,Bentley Systems Incorporated Class B Common Stock,$36.75,-0.55,-1.475%,2119518,11101913671.00,United States,2020,Computer Software: Prepackaged Software,Technology,/market-activity/stocks/bsy,NASDAQ
BTAI,BioXcel Therapeutics Inc. Common Stock,$0.1628,-0.0186,-10.254%,10647096,5096535.00,United States,2018,Biotechnology: Pharmaceutical Preparations,Health Care,/market-activity/stocks/btai,NASDAQ
BTBD,BT Brands Inc. Common Stock,$1.53,0.05,3.378%,71893,9462628.00,United States,2021,Restaurants,Consumer Discretionary,/market-activity/stocks/btbd,NASDAQ
BTBDW,BT Brands Inc. Warrant,$0.0316,0.0015,4.983%,7227,195437.00,United States,2021,Restaurants,Consumer Discretionary,/market-activity/stocks/btbdw,NASDAQ
BTBT,Bit Digital Inc. Ordinary Shares,$1.43,0.00,0.00%,14974593,515705909.00,United States,2018,Finance: Consumer Services,Finance,/market-activity/stocks/btbt,NASDAQ
BTCS,BTCS Inc. Common Stock,$1.36,0.01,0.741%,1196231,71361840.00,United States,,Finance: Consumer Services,Finance,/market-activity/stocks/btcs,NASDAQ
BTCT,BTC Digital Ltd. Ordinary Shares,$2.095,0.155,7.99%,3410122,24722188.00,China,,Finance: Consumer Services,Finance,/market-activity/stocks/btct,NASDAQ
BTDR,Bitdeer Technologies Group Class A Ordinary Shares,$10.85,0.53,5.136%,11647880,2948837358.00,Singapore,,Finance: Consumer Services,Finance,/market-activity/stocks/btdr,NASDAQ
BTLN,Brightline Interactive Inc. Common Stock,$0.9762,0.0417,4.462%,148956,21182380.00,United States,2021,EDP Services,Technology,/market-activity/stocks/btln,NASDAQ
BTMD,Biote Corp. Class A Common Stock,$1.64,0.07,4.459%,313969,58921048.00,United States,, Medicinal Chemicals and Botanical Products ,Health Care,/market-activity/stocks/btmd,NASDAQ
BTOC,Armlogi Holding Corp. Common Stock,$0.2936,-0.0114,-3.738%,29162,13342088.00,United States,2024,Office Equipment/Supplies/Services,Consumer Discretionary,/market-activity/stocks/btoc,NASDAQ
BTOG,Bit Origin Limited Class A Ordinary Shares,$2.77,-0.33,-10.645%,70057,2305172.00,United States,2019,Finance: Consumer Services,Finance,/market-activity/stocks/btog,NASDAQ
BTQ,BTQ Technologies Corp. Common Stock,$3.04,-0.29,-8.709%,2659294,447125258.00,Canada,,,,/market-activity/stocks/btq,NASDAQ
BTSG,BrightSpring Health Services Inc. Common Stock,$58.40,-0.73,-1.235%,1924573,11555271674.00,United States,2024,Medical/Nursing Services,Health Care,/market-activity/stocks/btsg,NASDAQ
BTSGU,BrightSpring Health Services Inc. Tangible Equity Unit,$192.60,-9.59,-4.743%,5010,38108652817.00,United States,2024,Medical/Nursing Services,Health Care,/market-activity/stocks/btsgu,NASDAQ
BTTC,Black Titan Corporation Ordinary Shares,$0.414,-0.0249,-5.673%,153291,4460693.00,Malaysia,,Biotechnology: Biological Products (No Diagnostic Substances),Health Care,/market-activity/stocks/bttc,NASDAQ
BULL,Webull Corporation Class A Ordinary Shares,$9.48,0.11,1.174%,16438631,5022166616.00,United States,,Investment Bankers/Brokers/Service,Finance,/market-activity/stocks/bull,NASDAQ
BULLW,Webull Corporation Warrants,$3.37,-0.145,-4.125%,3693,1785306065.00,United States,,Investment Bankers/Brokers/Service,Finance,/market-activity/stocks/bullw,NASDAQ
BUSE,First Busey Corporation Class A Common Stock,$30.10,-0.19,-0.627%,647891,2485566376.00,United States,,Major Banks,Finance,/market-activity/stocks/buse,NASDAQ
BUSEP,First Busey Corporation Depositary Shares Each Representing a 1/40thInterest in a Share of 8.25% Fixed-Rate Series B Non-Cumulative Perpetual Preferred Stock $0.001 par value,$25.84,-0.2352,-0.902%,5467,2133788543.00,United States,,Major Banks,Finance,/market-activity/stocks/busep,NASDAQ
BUUU,BUUU Group Limited Class A Ordinary Share,$30.64,1.94,6.76%,37010,510922000.00,Hong Kong,2025,Services-Misc. Amusement & Recreation,Consumer Discretionary,/market-activity/stocks/buuu,NASDAQ
BVC,BitVentures Limited Ordinary Shares,$13.58,0.58,4.462%,8311,2281440000.00,China,2021,Investment Managers,Finance,/market-activity/stocks/bvc,NASDAQ
BVFL,BV Financial Inc. Common Stock,$21.24,-0.11,-0.515%,8038,179915629.00,United States,2023,Savings Institutions,Finance,/market-activity/stocks/bvfl,NASDAQ
BVS,Bioventus Inc. Class A Common Stock,$13.65,-0.19,-1.373%,512551,1147854162.00,United States,2021,Medical/Dental Instruments,Health Care,/market-activity/stocks/bvs,NASDAQ
BWAY,BrainsWay Ltd. American Depositary Shares,$14.52,0.22,1.538%,80942,581279538.00,Israel,2019,Medical/Dental Instruments,Health Care,/market-activity/stocks/bway,NASDAQ
BWB,Bridgewater Bancshares Inc. Common Stock,$21.07,-0.25,-1.173%,80098,587512151.00,United States,2018,Major Banks,Finance,/market-activity/stocks/bwb,NASDAQ
BWBBP,Bridgewater Bancshares Inc. Depositary Shares Each Representing a 1/100th Interest in a Share of 5.875% Non-Cumulative Perpetual Preferred Stock Series A,$19.69,-0.10,-0.505%,6659,549032475.00,United States,,Major Banks,Finance,/market-activity/stocks/bwbbp,NASDAQ
BWEN,Broadwind Inc. Common Stock,$4.30,-0.07,-1.602%,493270,101726704.00,United States,,Metal Fabrications,Telecommunications,/market-activity/stocks/bwen,NASDAQ
BWFG,Bankwell Financial Group Inc. Common Stock,$65.74,-0.82,-1.232%,43393,524077439.00,United States,2014,Major Banks,Finance,/market-activity/stocks/bwfg,NASDAQ
BWIN,The Baldwin Insurance Group Inc. Class A Common Stock,$30.85,0.17,0.554%,1061155,4303523604.00,United States,2019,Specialty Insurers,Finance,/market-activity/stocks/bwin,NASDAQ
BWMN,Bowman Consulting Group Ltd. Common Stock,$42.59,0.01,0.023%,283339,738319456.00,United States,2021,Professional Services,Consumer Discretionary,/market-activity/stocks/bwmn,NASDAQ
BXBL,BOXABL Inc. Common stock,$3.89,-0.12,-2.993%,174229,939409104.00,United States,2025,Homebuilding,Consumer Discretionary,/market-activity/stocks/bxbl,NASDAQ
BYAH,Park Ha Biological Technology Co. Ltd. Class A Ordinary Shares,$2.82,0.07,2.545%,50055,6614386.00,China,2024,Package Goods/Cosmetics,Consumer Discretionary,/market-activity/stocks/byah,NASDAQ
BYFC,Broadway Financial Corporation Class A Common Stock,$11.88,-0.43,-3.493%,831,110229115.00,United States,,Savings Institutions,Finance,/market-activity/stocks/byfc,NASDAQ
BYND,Beyond Meat Inc. Common Stock,$13.30,-0.56,-4.04%,493058,228679748.00,United States,2019,Packaged Foods,Consumer Staples,/market-activity/stocks/bynd,NASDAQ
BYRN,Byrna Technologies Inc. Common Stock,$3.61,0.025,0.697%,304576,82298455.00,United States,,Industrial Machinery/Components,Miscellaneous,/market-activity/stocks/byrn,NASDAQ
BYSI,BeyondSpring Inc. Ordinary Shares,$0.6205,-0.0449,-6.748%,55847,25514848.00,United States,2017,Biotechnology: Pharmaceutical Preparations,Health Care,/market-activity/stocks/bysi,NASDAQ
BZ,KANZHUN LIMITED American Depository Shares,$17.36,-0.44,-2.472%,6629125,8034307004.00,China,2021,Computer Software: Programming Data Processing,Technology,/market-activity/stocks/bz,NASDAQ
BZAI,Blaize Holdings Inc. Common Stock,$0.4876,-0.0424,-8.00%,4175809,70620102.00,United States,2025,Semiconductors,Technology,/market-activity/stocks/bzai,NASDAQ
BZAIW,Blaize Holdings Inc. Warrants,$0.105,-0.0016,-1.501%,40001,15207364.00,United States,2025,Semiconductors,Technology,/market-activity/stocks/bzaiw,NASDAQ
BZFD,BuzzFeed Inc. Class A Common Stock,$1.19,-0.05,-4.032%,688864,99168332.00,United States,2021,Telecommunications Equipment,Consumer Discretionary,/market-activity/stocks/bzfd,NASDAQ
BZFDW,BuzzFeed Inc. Warrant,$0.0174,0.00,0.00%,5093,1450024.00,United States,2021,Telecommunications Equipment,Consumer Discretionary,/market-activity/stocks/bzfdw,NASDAQ
BZUN,Baozun Inc. American Depositary Shares,$2.84,-0.18,-5.96%,210564,165084625.00,China,2015,Catalog/Specialty Distribution,Consumer Discretionary,/market-activity/stocks/bzun,NASDAQ
CAAS,China Automotive Systems Inc. Ordinary Share,$5.51,0.52,10.421%,71024,166240568.00,China,,Auto Parts:O.E.M.,Consumer Discretionary,/market-activity/stocks/caas,NASDAQ
CABA,Cabaletta Bio Inc. Common Stock,$3.11,-0.01,-0.321%,3029702,527286334.00,United States,2019,Biotechnology: Biological Products (No Diagnostic Substances),Health Care,/market-activity/stocks/caba,NASDAQ
CABR,Caring Brands Inc. Common Stock,$1.34,-0.05,-3.597%,10210,13893423.00,United States,,Package Goods/Cosmetics,Consumer Discretionary,/market-activity/stocks/cabr,NASDAQ
CAC,Camden National Corporation Common Stock,$56.48,-0.18,-0.318%,106122,954345328.00,United States,,Major Banks,Finance,/market-activity/stocks/cac,NASDAQ
CACC,Credit Acceptance Corporation Common Stock,$599.74,4.85,0.815%,105891,6225649049.00,United States,1992,Finance: Consumer Services,Finance,/market-activity/stocks/cacc,NASDAQ
CADL,Candel Therapeutics Inc. Common Stock,$13.07,0.00,0.00%,895045,1000097645.00,United States,2021,Biotechnology: Biological Products (No Diagnostic Substances),Health Care,/market-activity/stocks/cadl,NASDAQ
CAE,CAE Inc. Common Shares,$24.16,-0.12,-0.494%,1042111,7767649226.00,Canada,,Industrial Machinery/Components,Miscellaneous,/market-activity/stocks/cae,NASDAQ
CAES,Cantor Equity Partners VII Inc. Class A Ordinary Shares,$10.09,-0.02,-0.198%,7690,0.00,United States,2026,Blank Checks,Finance,/market-activity/stocks/caes,NASDAQ
CAI,Caris Life Sciences Inc. Common Stock,$25.49,-0.14,-0.546%,5867500,7203351291.00,United States,2025,Medical Specialities,Health Care,/market-activity/stocks/cai,NASDAQ
CAII,Collective Acquisition Corp. II Class A Ordinary Shares,$9.99,0.01,0.10%,525,0.00,United States,2026,Blank Checks,Finance,/market-activity/stocks/caii,NASDAQ
CAIIU,Collective Acquisition Corp. II Units,$10.06,-0.04,-0.396%,646,0.00,United States,2026,Blank Checks,Finance,/market-activity/stocks/caiiu,NASDAQ
CAIIW,Collective Acquisition Corp. II Warrants,$0.23,0.005,2.222%,23908,0.00,United States,2026,Blank Checks,Finance,/market-activity/stocks/caiiw,NASDAQ
CAKE,Cheesecake Factory Incorporated (The) Common Stock,$109.49,-2.58,-2.302%,2598424,5448291817.00,United States,1992,Restaurants,Consumer Discretionary,/market-activity/stocks/cake,NASDAQ
CALC,CalciMedica Inc. Common Stock,$2.14,-0.182,-7.838%,165291,73062724.00,United States,2023,Biotechnology: Pharmaceutical Preparations,Health Care,/market-activity/stocks/calc,NASDAQ
CALM,Cal-Maine Foods Inc. Common Stock,$78.92,-1.29,-1.608%,1238262,3702602433.00,United States,1996,Farming/Seeds/Milling,Consumer Staples,/market-activity/stocks/calm,NASDAQ
CAMP,CAMP4 Therapeutics Corporation Common Stock,$3.96,-0.19,-4.578%,190276,248502672.00,United States,2024,Biotechnology: Pharmaceutical Preparations,Health Care,/market-activity/stocks/camp,NASDAQ
CAMT,Camtek Ltd. Ordinary Shares,$134.00,-1.57,-1.158%,333056,6237513338.00,Israel,2000,Electronic Components,Technology,/market-activity/stocks/camt,NASDAQ
CAN,Canaan Inc. American Depositary Shares,$0.3649,-0.0151,-3.974%,14201229,280961988.00,China,2019,Finance: Consumer Services,Finance,/market-activity/stocks/can,NASDAQ
CAPN,Cayson Acquisition Corp Ordinary shares,$11.25,0.00,0.00%,10,0.00,United States,2024,,,/market-activity/stocks/capn,NASDAQ
CAPNR,Cayson Acquisition Corp Right,$0.1868,0.00,0.00%,1,0.00,United States,2024,Blank Checks,Finance,/market-activity/stocks/capnr,NASDAQ
CAPNU,Cayson Acquisition Corp Unit,$11.17,0.00,0.00%,46,0.00,United States,2024,,,/market-activity/stocks/capnu,NASDAQ
CAPR,Capricor Therapeutics Inc. Common Stock,$9.91,0.32,3.337%,4540754,576157381.00,United States,,Biotechnology: Pharmaceutical Preparations,Health Care,/market-activity/stocks/capr,NASDAQ
CAPS,Capstone Holding Corp. Common Stock,$0.185,0.0019,1.038%,114159,4023750.00,United States,,Biotechnology: Pharmaceutical Preparations,Health Care,/market-activity/stocks/caps,NASDAQ
CAQ,Cambridge Acquisition Corp. Class A Ordinary Shares,$10.00,0.01,0.10%,5032,0.00,United States,2026,,,/market-activity/stocks/caq,NASDAQ
CAQUU,Cambridge Acquisition Corp. Unit,$10.05,-0.02,-0.199%,361,0.00,United States,2026,,,/market-activity/stocks/caquu,NASDAQ
CAR,Avis Budget Group Inc. Common Stock,$147.49,9.37,6.784%,845384,5210195457.00,United States,,Rental/Leasing Companies,Consumer Discretionary,/market-activity/stocks/car,NASDAQ
CARE,Carter Bankshares Inc. Common Stock,$31.24,-0.23,-0.731%,256637,692401204.00,United States,,Major Banks,Finance,/market-activity/stocks/care,NASDAQ
CARG,CarGurus Inc. Class A Common Stock ,$35.66,-0.90,-2.462%,1284303,3176360225.00,United States,2017,EDP Services,Technology,/market-activity/stocks/carg,NASDAQ
CARL,Carlsmed Inc. Common Stock,$16.29,-0.59,-3.495%,102670,444761683.00,United States,2025,Medical/Dental Instruments,Health Care,/market-activity/stocks/carl,NASDAQ
CART,Maplebear Inc. Common Stock,$50.52,-0.02,-0.04%,2976424,11695383385.00,United States,2023,Business Services,Consumer Discretionary,/market-activity/stocks/cart,NASDAQ
CASH,Pathward Financial Inc. Common Stock,$81.46,-0.04,-0.049%,225227,1692198069.00,United States,1993,Major Banks,Finance,/market-activity/stocks/cash,NASDAQ
CASS,Cass Information Systems Inc Common Stock,$56.11,-0.54,-0.953%,136672,718553020.00,United States,,Business Services,Consumer Discretionary,/market-activity/stocks/cass,NASDAQ
CAST,FreeCast Inc. Class A Common Stock,$1.28,-0.04,-3.03%,1240920,60903759.00,United States,,EDP Services,Technology,/market-activity/stocks/cast,NASDAQ
CASY,Casey's General Stores Inc. Common Stock,$752.21,-3.26,-0.432%,419762,27835466360.00,United States,1983,Retail-Auto Dealers and Gas Stations,Consumer Discretionary,/market-activity/stocks/casy,NASDAQ
CATLU,Catalyst Acquisition Corp. Units,$9.975,-0.005,-0.05%,28201,0.00,United States,2026,,,/market-activity/stocks/catlu,NASDAQ
CATY,Cathay General Bancorp Common Stock,$61.21,-0.66,-1.067%,513055,4083552922.00,United States,,Major Banks,Finance,/market-activity/stocks/caty,NASDAQ
CBAT,CBAK Energy Technology Limited Ordinary Shares,$1.01,0.0799,8.59%,2150328,89532294.00,China,,Industrial Machinery/Components,Miscellaneous,/market-activity/stocks/cbat,NASDAQ
CBC,Central Bancompany Inc. Class A Common Stock,$32.105,-0.495,-1.518%,669640,7689312295.00,United States,,Major Banks,Finance,/market-activity/stocks/cbc,NASDAQ
CBFV,CB Financial Services Inc. Common Stock,$37.37,-0.22,-0.585%,4661,189898794.00,United States,,Major Banks,Finance,/market-activity/stocks/cbfv,NASDAQ
CBIO,Crescent Biopharma Inc. Common Stock,$16.60,-1.15,-6.479%,163006,616589404.00,United States,2014,Biotechnology: Pharmaceutical Preparations,Health Care,/market-activity/stocks/cbio,NASDAQ
CBK,Commercial Bancgroup Inc. Common Stock,$33.78,-0.34,-0.996%,25258,462828901.00,United States,2025,Major Banks,Finance,/market-activity/stocks/cbk,NASDAQ
CBLL,CeriBell Inc. Common Stock,$23.98,0.25,1.054%,282754,920306862.00,United States,2024,Biotechnology: Electromedical & Electrotherapeutic Apparatus,Health Care,/market-activity/stocks/cbll,NASDAQ
CBNK,Capital Bancorp Inc. Common Stock,$36.14,-0.40,-1.095%,50902,588737080.00,United States,2018,Major Banks,Finance,/market-activity/stocks/cbnk,NASDAQ
CBRL,Cracker Barrel Old Country Store Inc Common Stock,$55.24,-0.42,-0.755%,1054605,1234694650.00,United States,1981,Restaurants,Consumer Discretionary,/market-activity/stocks/cbrl,NASDAQ
CBRS,Cerebras Systems Inc. Class A Common Stock,$184.24,5.16,2.881%,4609074,43768798914.00,United States,2026,Semiconductors,Technology,/market-activity/stocks/cbrs,NASDAQ
CBSH,Commerce Bancshares Inc. Common Stock,$57.71,-0.33,-0.569%,929203,8277470992.00,United States,,Major Banks,Finance,/market-activity/stocks/cbsh,NASDAQ
CBUS,Cibus Inc. Class A Common Stock,$1.62,-0.03,-1.818%,91768,123814922.00,United States,2017,Agricultural Chemicals,Industrials,/market-activity/stocks/cbus,NASDAQ
CCAP,Crescent Capital BDC Inc. Common stock,$10.62,0.11,1.047%,274170,391304010.00,United States,,Finance: Consumer Services,Finance,/market-activity/stocks/ccap,NASDAQ
CCAQ,Collective Acquisition Corp. Class A Ordinary Shares,$10.55,0.00,0.00%,6188,0.00,United States,2025,Blank Checks,Finance,/market-activity/stocks/ccaq,NASDAQ
CCAQW,Collective Acquisition Corp. Warrants,$0.24,0.04,20.00%,11915,0.00,United States,2025,Blank Checks,Finance,/market-activity/stocks/ccaqw,NASDAQ
CCB,Coastal Financial Corporation Common Stock,$47.11,-1.37,-2.826%,160031,720138865.00,United States,2018,Major Banks,Finance,/market-activity/stocks/ccb,NASDAQ
CCBG,Capital City Bank Group Common Stock,$50.48,-0.86,-1.675%,78849,863879233.00,United States,,Major Banks,Finance,/market-activity/stocks/ccbg,NASDAQ
CCC,CCC Intelligent Solutions Holdings Inc. Common Stock,$7.46,-0.03,-0.401%,5792222,4393900492.00,United States,,Computer Software: Prepackaged Software,Technology,/market-activity/stocks/ccc,NASDAQ
CCCC,C4 Therapeutics Inc. Common Stock,$3.71,-0.14,-3.636%,1857261,456423255.00,United States,2020,Biotechnology: Biological Products (No Diagnostic Substances),Health Care,/market-activity/stocks/cccc,NASDAQ
CCCT,Columbus Circle Capital Corp III Class A Ordinary Shares,$9.83,0.00,0.00%,363,0.00,United States,2026,,,/market-activity/stocks/ccct,NASDAQ
CCCTU,Columbus Circle Capital Corp III Units,$9.95,-0.01,-0.10%,122,0.00,United States,2026,,,/market-activity/stocks/ccctu,NASDAQ
CCCTW,Columbus Circle Capital Corp III Warrants,$0.355,0.005,1.429%,95043,0.00,United States,2026,,,/market-activity/stocks/ccctw,NASDAQ
CCD,Calamos Dynamic Convertible & Income Fund Common Stock,$24.635,-0.275,-1.104%,51712,0.00,United States,,Trusts Except Educational Religious and Charitable,Finance,/market-activity/stocks/ccd,NASDAQ
CCEC,Capital Clean Energy Carriers Corp. Common Share,$22.85,0.13,0.572%,8721,1377621427.00,Greece,2007,Marine Transportation,Consumer Discretionary,/market-activity/stocks/ccec,NASDAQ
CCEP,Coca-Cola Europacific Partners plc Ordinary Shares,$108.02,-1.08,-0.99%,1520937,49039182413.00,United Kingdom,,Beverages (Production/Distribution),Consumer Staples,/market-activity/stocks/ccep,NASDAQ
CCG,Cheche Group Inc. Class A Ordinary Shares,$15.50,0.11,0.715%,17989,38834103.00,China,,Specialty Insurers,Finance,/market-activity/stocks/ccg,NASDAQ
CCHH,CCH Holdings Ltd Class A Ordinary Shares,$1.22,0.01,0.826%,13993,24175187.00,Malaysia,2025,Restaurants,Consumer Discretionary,/market-activity/stocks/cchh,NASDAQ
CCII,Cohen Circle Acquisition Corp. II Class A Ordinary Shares,$10.3257,-0.0043,-0.042%,1736,0.00,United States,2025,,,/market-activity/stocks/ccii,NASDAQ
CCIIU,Cohen Circle Acquisition Corp. II Unit,$10.4701,0.00,0.00%,1,0.00,United States,2025,,,/market-activity/stocks/cciiu,NASDAQ
CCIIW,Cohen Circle Acquisition Corp. II Warrant,$0.7999,0.00,0.00%,281,0.00,United States,2025,,,/market-activity/stocks/cciiw,NASDAQ
CCLD,CareCloud Inc. Common Stock,$2.35,-0.14,-5.622%,724312,99860569.00,United States,2014,Computer Software: Prepackaged Software,Technology,/market-activity/stocks/ccld,NASDAQ
CCNE,CNB Financial Corporation Common Stock,$33.82,-0.19,-0.559%,116681,1001778331.00,United States,,Major Banks,Finance,/market-activity/stocks/ccne,NASDAQ
CCNEP,CNB Financial Corporation Depositary Shares each representing a 1/40th ownership interest in a share of 7.125% Series A Fixed-Rate Non-Cumulative Perpetual Preferred Stock,$24.80,0.00,0.00%,233,734597948.00,United States,,Major Banks,Finance,/market-activity/stocks/ccnep,NASDAQ
CCOI,Cogent Communications Holdings Inc.,$9.54,0.06,0.633%,1618808,488598121.00,United States,,Telecommunications Equipment,Consumer Discretionary,/market-activity/stocks/ccoi,NASDAQ
CCSI,Consensus Cloud Solutions Inc. Common Stock,$38.25,0.25,0.658%,177603,700928267.00,United States,,Computer Software: Prepackaged Software,Technology,/market-activity/stocks/ccsi,NASDAQ
CCTG,CCSC Technology International Holdings Limited Class A Ordinary Shares,$0.6582,-0.0054,-0.814%,107399,8938478.00,Hong Kong,2024,Building Products,Consumer Discretionary,/market-activity/stocks/cctg,NASDAQ
CCXI,Churchill Capital Corp XI Class A Ordinary Shares,$13.375,-0.595,-4.259%,1526800,0.00,United States,2026,Blank Checks,Finance,/market-activity/stocks/ccxi,NASDAQ
CCXIU,Churchill Capital Corp XI Units,$14.10,-0.40,-2.759%,653,0.00,United States,2025,Blank Checks,Finance,/market-activity/stocks/ccxiu,NASDAQ
CCXIW,Churchill Capital Corp XI Warrants,$6.695,-0.03,-0.446%,22531,0.00,United States,2026,,,/market-activity/stocks/ccxiw,NASDAQ
CD,Chaince Digital Holdings Inc. Ordinary Shares,$2.99,-0.27,-8.282%,166864,328911362.00,China,2015,Finance: Consumer Services,Finance,/market-activity/stocks/cd,NASDAQ
CDIO,Cardio Diagnostics Holdings Inc. Common stock,$1.87,0.02,1.081%,22558,5534207.00,United States,2022,Biotechnology: In Vitro & In Vivo Diagnostic Substances,Health Care,/market-activity/stocks/cdio,NASDAQ
CDIOW,Cardio Diagnostics Holdings Inc. Warrant,$0.0167,-0.001,-5.65%,27291,49423.00,United States,2022,Biotechnology: In Vitro & In Vivo Diagnostic Substances,Health Care,/market-activity/stocks/cdiow,NASDAQ
CDLX,Cardlytics Inc. Common Stock,$4.03,0.01,0.249%,63596,23731525.00,United States,2018,Computer Software: Programming Data Processing,Technology,/market-activity/stocks/cdlx,NASDAQ
CDNA,CareDx Inc. Common Stock,$50.11,0.32,0.643%,1533975,2592401915.00,United States,2014,Medical Specialities,Health Care,/market-activity/stocks/cdna,NASDAQ
CDNL,Cardinal Infrastructure Group Inc. Class A Common Stock,$36.98,-1.06,-2.787%,967682,1755553722.00,United States,2025,Military/Government/Technical,Industrials,/market-activity/stocks/cdnl,NASDAQ
CDNS,Cadence Design Systems Inc. Common Stock,$338.78,-1.61,-0.473%,1607058,93297640540.00,United States,,Computer Software: Prepackaged Software,Technology,/market-activity/stocks/cdns,NASDAQ
CDRO,Codere Online Luxembourg S.A. Ordinary Shares,$8.85,-0.15,-1.667%,24937,402408748.00,Luxembourg,,Services-Misc. Amusement & Recreation,Consumer Discretionary,/market-activity/stocks/cdro,NASDAQ
CDROW,Codere Online Luxembourg S.A. Warrants,$0.6822,-0.0158,-2.264%,3905,31019576.00,Luxembourg,,Services-Misc. Amusement & Recreation,Consumer Discretionary,/market-activity/stocks/cdrow,NASDAQ
CDT,CDT Equity Inc. Common Stock,$1.68,-0.01,-0.592%,137153,1321606.00,United States,2022,Biotechnology: Pharmaceutical Preparations,Health Care,/market-activity/stocks/cdt,NASDAQ
CDTG,CDT Environmental Technology Investment Holdings Limited ordinary shares,$1.01,-0.06,-5.607%,609736,3051210.00,China,2024,Miscellaneous,Industrials,/market-activity/stocks/cdtg,NASDAQ
CDTTW,CDT Equity Inc. Warrant,$0.0108,0.00,0.00%,200,8496.00,United States,2022,Biotechnology: Pharmaceutical Preparations,Health Care,/market-activity/stocks/cdttw,NASDAQ
CDW,CDW Corporation Common Stock,$151.58,3.89,2.634%,2230035,18950141433.00,United States,2013,Catalog/Specialty Distribution,Consumer Discretionary,/market-activity/stocks/cdw,NASDAQ
CDXS,Codexis Inc. Common Stock,$1.70,0.11,6.918%,1388956,186159801.00,United States,2010,Major Chemicals,Industrials,/market-activity/stocks/cdxs,NASDAQ
CDZI,CADIZ Inc. Common Stock,$3.97,-0.02,-0.501%,1150576,336167988.00,United States,,Water Supply,Utilities,/market-activity/stocks/cdzi,NASDAQ
CDZIP,Cadiz Inc. Depositary Shares,$22.00,-0.245,-1.101%,3559,1862895650.00,United States,,Water Supply,Utilities,/market-activity/stocks/cdzip,NASDAQ
CECO,CECO Environmental Corp. Common Stock,$71.20,1.53,2.196%,712786,4170171896.00,United States,1998,Pollution Control Equipment,Industrials,/market-activity/stocks/ceco,NASDAQ
CEG,Constellation Energy Corporation Common Stock ,$274.77,-1.98,-0.715%,2574287,97353038528.00,United States,,Electric Utilities: Central,Utilities,/market-activity/stocks/ceg,NASDAQ
CELC,Celcuity Inc. Common Stock,$89.06,0.62,0.701%,818974,4357875726.00,United States,2017,Medical Specialities,Health Care,/market-activity/stocks/celc,NASDAQ
CELH,Celsius Holdings Inc. Common Stock,$31.45,-1.53,-4.639%,7979532,7957952228.00,United States,,Beverages (Production/Distribution),Consumer Staples,/market-activity/stocks/celh,NASDAQ
CELU,Celularity Inc. Class A Common Stock,$1.85,0.27,17.089%,3375205,53550028.00,United States,2019,Biotechnology: Pharmaceutical Preparations,Health Care,/market-activity/stocks/celu,NASDAQ
CELZ,Creative Medical Technology Holdings Inc. Common Stock,$1.13,-0.01,-0.877%,244214,7449589.00,United States,,Biotechnology: Biological Products (No Diagnostic Substances),Health Care,/market-activity/stocks/celz,NASDAQ
CENN,Cenntro Inc. Common Stock,$4.0256,-0.1144,-2.763%,3916,9888693.00,New Zealand,,Auto Manufacturing,Industrials,/market-activity/stocks/cenn,NASDAQ
CENT,Central Garden & Pet Company Common Stock,$42.98,-0.82,-1.872%,138693,2690229862.00,United States,1993,Consumer Specialties,Consumer Discretionary,/market-activity/stocks/cent,NASDAQ
CENTA,Central Garden & Pet Company Class A Common Stock Nonvoting,$37.21,-0.60,-1.587%,413394,2329070572.00,United States,,Consumer Specialties,Consumer Discretionary,/market-activity/stocks/centa,NASDAQ
CENX,Century Aluminum Company Common Stock,$45.77,-0.82,-1.76%,1261195,4530923112.00,United States,1996,Aluminum,Industrials,/market-activity/stocks/cenx,NASDAQ
CEPF,Cantor Equity Partners IV Inc. Class A Ordinary Shares,$10.37,0.01,0.097%,1166,0.00,United States,2025,Blank Checks,Finance,/market-activity/stocks/cepf,NASDAQ
CEPL,Capstone Energy Plus Inc. Common Stock,$5.805,-0.175,-2.926%,519086,189310274.00,United States,,Industrial Machinery/Components,Industrials,/market-activity/stocks/cepl,NASDAQ
CEPO,Cantor Equity Partners I Inc. Class A Ordinary Shares,$10.75,-0.02,-0.186%,417959,0.00,United States,2025,Blank Checks,Finance,/market-activity/stocks/cepo,NASDAQ
CEPS,Cantor Equity Partners VI Inc. Class A Ordinary Shares,$10.35,-0.05,-0.481%,38327,0.00,United States,2026,Blank Checks,Finance,/market-activity/stocks/ceps,NASDAQ
CEPV,Cantor Equity Partners V Inc. Class A Ordinary Shares,$10.38,0.00,0.00%,188,0.00,United States,2025,,,/market-activity/stocks/cepv,NASDAQ
CERS,Cerus Corporation Common Stock,$2.64,-0.01,-0.377%,1321144,532025731.00,United States,1997,Medical/Dental Instruments,Health Care,/market-activity/stocks/cers,NASDAQ
CERT,Certara Inc. Common Stock,$8.29,-0.06,-0.719%,1712460,1264546486.00,United States,2020,Computer Software: Prepackaged Software,Technology,/market-activity/stocks/cert,NASDAQ
CETX,Cemtrex Inc. Common Stock,$2.60,0.01,0.386%,14478,4474967.00,United States,,Electrical Products,Technology,/market-activity/stocks/cetx,NASDAQ
CETY,Clean Energy Technologies Inc. Common Stock,$1.06,0.03,2.913%,30385,12896072.00,United States,,Oil/Gas Transmission,Utilities,/market-activity/stocks/cety,NASDAQ
CEVA,CEVA Inc. Common Stock,$27.05,-0.07,-0.258%,490844,761567648.00,United States,,Computer Software: Programming Data Processing,Technology,/market-activity/stocks/ceva,NASDAQ
CFBK,CF Bankshares Inc. Common Stock,$34.56,-0.16,-0.461%,21388,221720095.00,United States,,Major Banks,Finance,/market-activity/stocks/cfbk,NASDAQ
CFFI,C&F Financial Corporation Common Stock,$91.01,-0.74,-0.807%,75034,295936398.00,United States,,Major Banks,Finance,/market-activity/stocks/cffi,NASDAQ
CFFN,Capitol Federal Financial Inc. Common Stock,$8.61,-0.05,-0.577%,642215,1082262217.00,United States,,Savings Institutions,Finance,/market-activity/stocks/cffn,NASDAQ
CG,The Carlyle Group Inc. Common Stock,$48.39,-0.70,-1.426%,2513013,17242944095.00,United States,2012,Investment Managers,Finance,/market-activity/stocks/cg,NASDAQ
CGABL,The Carlyle Group Inc. 4.625% Subordinated Notes due 2061,$15.99,-0.08,-0.498%,20306,5783661463.00,United States,,Investment Managers,Finance,/market-activity/stocks/cgabl,NASDAQ
CGBD,Carlyle Secured Lending Inc. Common Stock,$11.98,0.20,1.698%,719963,824278880.00,United States,2017,Finance: Consumer Services,Finance,/market-activity/stocks/cgbd,NASDAQ
CGC,Canopy Growth Corporation Common Shares,$0.995,-0.0045,-0.45%,1842330,420922487.00,Canada,, Medicinal Chemicals and Botanical Products ,Health Care,/market-activity/stocks/cgc,NASDAQ
CGCF,Cartesian Growth Corporation IV Class A Ordinary Shares,$9.84,0.00,0.00%,556,0.00,United States,2026,Blank Checks,Finance,/market-activity/stocks/cgcf,NASDAQ
CGCFU,Cartesian Growth Corporation IV Unit,$9.96,0.00,0.00%,2,0.00,United States,2026,Blank Checks,Finance,/market-activity/stocks/cgcfu,NASDAQ
CGCFW,Cartesian Growth Corporation IV Warrants,$0.3201,-0.0001,-0.031%,287,0.00,United States,2026,Blank Checks,Finance,/market-activity/stocks/cgcfw,NASDAQ
CGEM,Cullinan Therapeutics Inc. Common Stock,$22.07,0.37,1.705%,682550,1420308097.00,United States,2021,Biotechnology: Biological Products (No Diagnostic Substances),Health Care,/market-activity/stocks/cgem,NASDAQ
CGEN,Compugen Ltd. Ordinary Shares,$2.56,-0.04,-1.538%,175099,242136668.00,Israel,2000,Biotechnology: Biological Products (No Diagnostic Substances),Health Care,/market-activity/stocks/cgen,NASDAQ
CGNT,Cognyte Software Ltd. Ordinary Shares,$8.86,0.06,0.682%,714499,654757376.00,Israel,,Computer Software: Prepackaged Software,Technology,/market-activity/stocks/cgnt,NASDAQ
CGNX,Cognex Corporation Common Stock,$60.96,0.50,0.827%,1632272,10254925408.00,United States,1989,Industrial Machinery/Components,Industrials,/market-activity/stocks/cgnx,NASDAQ
CGO,Calamos Global Total Return Fund Common Stock,$13.18,0.11,0.842%,26141,0.00,United States,2005,Investment Managers,Finance,/market-activity/stocks/cgo,NASDAQ
CGON,CG Oncology Inc. Common stock,$75.16,0.82,1.103%,840737,6662210585.00,United States,2024,Biotechnology: Biological Products (No Diagnostic Substances),Health Care,/market-activity/stocks/cgon,NASDAQ
CGTL,Creative Global Technology Holdings Limited Class A Ordinary Shares,$4.31,0.05,1.174%,29599,7409989.00,China,2024,Retail: Computer Software & Peripheral Equipment,Technology,/market-activity/stocks/cgtl,NASDAQ
CGTX,Cognition Therapeutics Inc. Common Stock,$1.03,0.01,0.98%,288975,97946558.00,United States,2021,Biotechnology: Biological Products (No Diagnostic Substances),Health Care,/market-activity/stocks/cgtx,NASDAQ
CHA,Chagee Holdings Limited American Depositary Shares,$11.63,0.83,7.685%,3995328,2218577481.00,China,2025,Restaurants,Consumer Discretionary,/market-activity/stocks/cha,NASDAQ
CHAI,Core AI Holdings Inc. Common Shares,$0.3819,-0.0181,-4.525%,9433993,9878548.00,Canada,2020,Telecommunications Equipment,Telecommunications,/market-activity/stocks/chai,NASDAQ
CHAR,Charlton Aria Acquisition Corporation Class A Ordinary Shares,$10.95,0.01,0.091%,312,0.00,United States,2024,,,/market-activity/stocks/char,NASDAQ
CHARR,Charlton Aria Acquisition Corporation Rights,$0.10,0.00,0.00%,9,0.00,United States,2024,,,/market-activity/stocks/charr,NASDAQ
CHCI,Comstock Holding Companies Inc. Class A Common Stock,$19.76,-0.29,-1.446%,60471,203171372.00,United States,2004,Real Estate,Finance,/market-activity/stocks/chci,NASDAQ
CHCO,City Holding Company Common Stock,$142.95,-0.51,-0.355%,146620,2007755622.00,United States,,Major Banks,Finance,/market-activity/stocks/chco,NASDAQ
CHDN,Churchill Downs Incorporated Common Stock,$87.48,-2.42,-2.692%,852339,6097377258.00,United States,,Services-Misc. Amusement & Recreation,Consumer Discretionary,/market-activity/stocks/chdn,NASDAQ
CHEC,Chenghe Acquisition III Co. Class A Ordinary Share,$10.23,0.00,0.00%,8,0.00,Singapore,2025,,,/market-activity/stocks/chec,NASDAQ
CHECW,Chenghe Acquisition III Co. Warrants,$0.129,-0.001,-0.769%,3208,0.00,Singapore,2025,,,/market-activity/stocks/checw,NASDAQ
CHEF,The Chefs' Warehouse Inc. Common Stock,$112.47,-2.53,-2.20%,885607,4588335455.00,United States,2011,Food Distributors,Consumer Discretionary,/market-activity/stocks/chef,NASDAQ
CHGA,Change Agents Corporation Common Stock,$2.89,0.038,1.332%,254153,57646261.00,United States,,EDP Services,Technology,/market-activity/stocks/chga,NASDAQ
CHI,Calamos Convertible Opportunities and Income Fund Common Stock,$12.71,-0.15,-1.166%,141244,0.00,United States,2002,Investment Managers,Finance,/market-activity/stocks/chi,NASDAQ
CHKP,Check Point Software Technologies Ltd. Ordinary Shares,$138.91,0.59,0.427%,909572,14182799069.00,Israel,1996,Computer Software: Prepackaged Software,Technology,/market-activity/stocks/chkp,NASDAQ
CHMG,Chemung Financial Corp Common Stock,$81.07,-0.53,-0.65%,52533,390876735.00,United States,,Major Banks,Finance,/market-activity/stocks/chmg,NASDAQ
CHNR,China Natural Resources Inc. Common Stock,$4.05,0.00,0.00%,2544,4994545.00,Hong Kong,,Precious Metals,Basic Materials,/market-activity/stocks/chnr,NASDAQ
CHPG,ChampionsGate Acquisition Corporation Class A Ordinary Share,$10.48,0.01,0.096%,5006,0.00,United States,2025,,,/market-activity/stocks/chpg,NASDAQ
CHPGR,ChampionsGate Acquisition Corporation Rights,$0.10,-0.0101,-9.173%,25005,0.00,United States,2025,,,/market-activity/stocks/chpgr,NASDAQ
CHR,Cheer Holding Inc. Class A Ordinary Share,$1.75,-0.05,-2.778%,14378,3608645.00,China,2018,EDP Services,Technology,/market-activity/stocks/chr,NASDAQ
CHRD,Chord Energy Corporation Common Stock,$147.11,1.11,0.76%,934260,8046603950.00,United States,,Oil & Gas Production,Energy,/market-activity/stocks/chrd,NASDAQ
CHRN,ChronoScale Holdings Corporation Common Stock,$18.18,-0.56,-2.988%,194193,2647688877.00,United States,,Industrial Machinery/Components,Industrials,/market-activity/stocks/chrn,NASDAQ
CHRS,Coherus Oncology Inc. Common Stock,$1.35,-0.06,-4.255%,1127676,208576304.00,United States,2014,Biotechnology: Biological Products (No Diagnostic Substances),Health Care,/market-activity/stocks/chrs,NASDAQ
CHRW,C.H. Robinson Worldwide Inc. Common Stock,$149.66,-0.73,-0.485%,1410966,17487959272.00,United States,1997,Integrated Freight & Logistics,Industrials,/market-activity/stocks/chrw,NASDAQ
CHSCL,CHS Inc Class B Cumulative Redeemable Preferred Stock Series 4,$25.54,0.2199,0.868%,34649,313426957.00,United States,,Farming/Seeds/Milling,Industrials,/market-activity/stocks/chscl,NASDAQ
CHSCM,CHS Inc Class B Reset Rate Cumulative Redeemable Preferred Stock Series 3,$24.50,0.15,0.616%,35009,300664074.00,United States,,Farming/Seeds/Milling,Industrials,/market-activity/stocks/chscm,NASDAQ
CHSCN,CHS Inc Preferred Class B Series 2 Reset Rate,$25.20,0.21,0.84%,25707,309254476.00,United States,,Farming/Seeds/Milling,Industrials,/market-activity/stocks/chscn,NASDAQ
CHSCO,CHS Inc. Class B Cumulative Redeemable Preferred Stock,$25.99,0.0104,0.04%,28073,318949358.00,United States,,Farming/Seeds/Milling,Industrials,/market-activity/stocks/chsco,NASDAQ
CHSCP,CHS Inc. 8%  Cumulative Redeemable Preferred Stock,$26.69,0.065,0.244%,20654,327539760.00,United States,,Farming/Seeds/Milling,Industrials,/market-activity/stocks/chscp,NASDAQ
CHSN,Chanson International Holding Class A Ordinary Shares,$1.05,0.02,1.942%,53150,3895276.00,China,2023,Packaged Foods,Consumer Staples,/market-activity/stocks/chsn,NASDAQ
CHTR,Charter Communications Inc. Class A Common Stock New,$152.44,-1.18,-0.768%,2818500,17466192880.00,United States,,Cable & Other Pay Television Services,Telecommunications,/market-activity/stocks/chtr,NASDAQ
CHTRP,Charter Communications Inc. Series A Cumulative Redeemable Preferred Stock,$23.37,-0.38,-1.60%,9631,2677675988.00,United States,,Cable & Other Pay Television Services,Telecommunications,/market-activity/stocks/chtrp,NASDAQ
CHW,Calamos Global Dynamic Income Fund Common Stock,$8.44,-0.10,-1.171%,199485,0.00,United States,2007,Investment Managers,Finance,/market-activity/stocks/chw,NASDAQ
CHY,Calamos Convertible and High Income Fund Common Stock,$12.89,-0.14,-1.074%,206216,0.00,United States,2003,Investment Managers,Finance,/market-activity/stocks/chy,NASDAQ
CHYM,Chime Financial Inc. Class A Common Stock,$33.11,-0.09,-0.271%,7132607,12534953025.00,United States,2025,Finance: Consumer Services,Finance,/market-activity/stocks/chym,NASDAQ
CIFR,Cipher Digital Inc. Common Stock,$15.50,0.33,2.175%,19194453,6432976191.00,United States,2020,Finance: Consumer Services,Finance,/market-activity/stocks/cifr,NASDAQ
CIGI,Colliers International Group Inc. Subordinate Voting Shares,$100.66,-2.27,-2.205%,197921,5144110622.00,Canada,,Real Estate,Finance,/market-activity/stocks/cigi,NASDAQ
CIGL,Concorde International Group Ltd Class A Ordinary Shares,$0.4279,-0.0055,-1.269%,79778,97127082.00,Singapore,2025,Diversified Commercial Services,Consumer Discretionary,/market-activity/stocks/cigl,NASDAQ
CIIT,Tianci International Inc. Common Stock,$2.97,-0.10,-3.257%,14529,2873151.00,Hong Kong,,Computer Communications Equipment,Telecommunications,/market-activity/stocks/ciit,NASDAQ
CINF,Cincinnati Financial Corporation Common Stock,$169.90,-2.07,-1.204%,588284,26075919846.00,United States,,Property-Casualty Insurers,Finance,/market-activity/stocks/cinf,NASDAQ
CING,Cingulate Inc. Common Stock,$5.17,-0.155,-2.911%,202151,75181240.00,United States,2021,Biotechnology: Pharmaceutical Preparations,Health Care,/market-activity/stocks/cing,NASDAQ
CINGW,Cingulate Inc. Warrants,$0.0095,0.0033,53.226%,261,138147.00,United States,2021,Biotechnology: Pharmaceutical Preparations,Health Care,/market-activity/stocks/cingw,NASDAQ
CIRC,Circle8 Group Inc. Common Stock,$0.7324,0.0155,2.162%,782102,83791630.00,United States,2024,Biotechnology: Laboratory Analytical Instruments,Industrials,/market-activity/stocks/circ,NASDAQ
CISO,CISO Global Inc. Common Stock,$0.229,0.0051,2.278%,156012,10425375.00,United States,,Professional Services,Consumer Discretionary,/market-activity/stocks/ciso,NASDAQ
CISS,C3is Inc. Common Stock,$1.71,-0.10,-5.525%,417341,2544429.00,Greece,,Marine Transportation,Consumer Discretionary,/market-activity/stocks/ciss,NASDAQ
CIVB,Civista Bancshares Inc. Common Stock,$26.98,-0.50,-1.82%,222880,561028541.00,United States,,Major Banks,Finance,/market-activity/stocks/civb,NASDAQ
CJMB,Callan JMB Inc. Common Stock,$2.15,0.00,0.00%,114364,12367591.00,United States,2025,Business Services,Consumer Discretionary,/market-activity/stocks/cjmb,NASDAQ
CLAR,Clarus Corporation Common Stock,$3.72,-0.08,-2.105%,104156,142431937.00,United States,,Recreational Games/Products/Toys,Consumer Discretionary,/market-activity/stocks/clar,NASDAQ
CLBK,Columbia Financial Inc. Common Stock,$11.62,0.06,0.519%,3223578,1209031590.00,United States,2018,Savings Institutions,Finance,/market-activity/stocks/clbk,NASDAQ
CLBT,Cellebrite DI Ltd. Ordinary Shares,$12.00,0.01,0.083%,1330323,2993277804.00,Israel,,Computer Software: Prepackaged Software,Technology,/market-activity/stocks/clbt,NASDAQ
CLDX,Celldex Therapeutics Inc.,$39.63,0.51,1.304%,696906,3112125353.00,United States,,Biotechnology: In Vitro & In Vivo Diagnostic Substances,Health Care,/market-activity/stocks/cldx,NASDAQ
CLFD,Clearfield Inc. Common Stock,$29.01,-0.52,-1.761%,127867,394070535.00,United States,,Telecommunications Equipment,Utilities,/market-activity/stocks/clfd,NASDAQ
CLGN,CollPlant Biotechnologies Ltd Ordinary Shares,$0.3879,0.0299,8.352%,181915175,7334493.00,Israel,,Industrial Specialties,Health Care,/market-activity/stocks/clgn,NASDAQ
CLIK,Click Holdings Limited Class A Ordinary Share,$1.38,0.00,0.00%,8509,11816986.00,Hong Kong,2024,Diversified Commercial Services,Consumer Discretionary,/market-activity/stocks/clik,NASDAQ
CLIR,ClearSign Technologies Corporation Common Stock (DE),$4.26,-0.205,-4.591%,4960,28999758.00,United States,2012,Industrial Machinery/Components,Industrials,/market-activity/stocks/clir,NASDAQ
CLLS,Cellectis S.A. American Depositary Shares,$3.35,-0.05,-1.471%,13190,336766375.00,France,2015,Biotechnology: Pharmaceutical Preparations,Health Care,/market-activity/stocks/clls,NASDAQ
CLMB,Climb Global Solutions Inc. Common Stock,$28.53,0.23,0.813%,143072,532388031.00,United States,,Retail: Computer Software & Peripheral Equipment,Technology,/market-activity/stocks/clmb,NASDAQ
CLMT,Calumet Inc. Common Stock,$49.73,1.98,4.147%,1084963,4371179177.00,United States,2006,Integrated oil Companies,Energy,/market-activity/stocks/clmt,NASDAQ
CLNE,Clean Energy Fuels Corp. Common Stock,$1.59,-0.04,-2.454%,1258511,350507574.00,United States,2007,Natural Gas Distribution,Utilities,/market-activity/stocks/clne,NASDAQ
CLNN,Clene Inc. Common Stock,$4.28,0.05,1.182%,41269,54991636.00,United States,,Biotechnology: Pharmaceutical Preparations,Health Care,/market-activity/stocks/clnn,NASDAQ
CLOV,Clover Health Investments Corp. Class A Common Stock,$4.15,-0.08,-1.891%,3601103,2204298491.00,United States,,Medical Specialities,Health Care,/market-activity/stocks/clov,NASDAQ
CLPS,CLPS Incorporation Common Stock,$1.10,0.02,1.852%,13984,32717797.00,China,2018,Computer Software: Prepackaged Software,Technology,/market-activity/stocks/clps,NASDAQ
CLPT,ClearPoint Neuro Inc. Common Stock,$15.14,-0.41,-2.637%,414686,461833997.00,United States,,Medical/Dental Instruments,Health Care,/market-activity/stocks/clpt,NASDAQ
CLRB,Cellectar Biosciences Inc.  Common Stock,$2.51,-0.02,-0.791%,17297,23724791.00,United States,,Biotechnology: Pharmaceutical Preparations,Health Care,/market-activity/stocks/clrb,NASDAQ
CLRO,ClearOne Inc. Common Stock,$5.21,-0.15,-2.799%,13834,13938897.00,United States,,Telecommunications Equipment,Utilities,/market-activity/stocks/clro,NASDAQ
CLSK,CleanSpark Inc. Common Stock,$11.62,-0.04,-0.343%,10220787,2984214388.00,United States,,Finance: Consumer Services,Finance,/market-activity/stocks/clsk,NASDAQ
CLSKW,CleanSpark Inc. Warrant,$0.2625,0.0045,1.744%,5160,67414482.00,United States,,Finance: Consumer Services,Finance,/market-activity/stocks/clskw,NASDAQ
CLST,Catalyst Bancorp Inc. Common Stock,$17.81,0.3099,1.771%,7092,71841818.00,United States,2021,Savings Institutions,Finance,/market-activity/stocks/clst,NASDAQ
CLWT,Euro Tech Holdings Company Limited Common Stock,$1.66,0.055,3.427%,13215,12303030.00,Hong Kong,1997,Professional and commerical equipment,Consumer Discretionary,/market-activity/stocks/clwt,NASDAQ
CLYM,Climb Bio Inc. Common Stock,$13.73,-0.84,-5.765%,1437159,788599781.00,United States,2021,Biotechnology: Pharmaceutical Preparations,Health Care,/market-activity/stocks/clym,NASDAQ
CMCO,Columbus McKinnon Corporation Common Stock,$17.66,-0.34,-1.889%,394973,509742549.00,United States,1996,Construction/Ag Equipment/Trucks,Industrials,/market-activity/stocks/cmco,NASDAQ
CMCSA,Comcast Corporation Class A Common Stock,$26.62,-0.44,-1.626%,23305547,94464705573.00,United States,,Cable & Other Pay Television Services,Telecommunications,/market-activity/stocks/cmcsa,NASDAQ
CMCT,Creative Media & Community Trust Corporation Common stock,$3.94,0.04,1.026%,5455,11613122.00,United States,,Real Estate Investment Trusts,Real Estate,/market-activity/stocks/cmct,NASDAQ
CME,CME Group Inc. Class A Common Stock,$285.50,-0.30,-0.105%,3293726,102659879587.00,United States,2002,Investment Bankers/Brokers/Service,Finance,/market-activity/stocks/cme,NASDAQ
CMMB,Chemomab Therapeutics Ltd. American Depositary Share,$2.72,0.01,0.369%,41602,19708054.00,Israel,2019,Biotechnology: Pharmaceutical Preparations,Health Care,/market-activity/stocks/cmmb,NASDAQ
CMND,Clearmind Medicine Inc. Common Shares,$1.94,0.18,10.227%,714953,2881969.00,Canada,,Biotechnology: Pharmaceutical Preparations,Health Care,/market-activity/stocks/cmnd,NASDAQ
CMPR,Cimpress plc Ordinary Shares (Ireland),$89.11,-0.17,-0.19%,195266,2169781806.00,Netherlands,2005,Publishing,Consumer Discretionary,/market-activity/stocks/cmpr,NASDAQ
CMPS,COMPASS Pathways Plc American Depository Shares,$13.51,-0.22,-1.602%,1774504,1870821865.00,United Kingdom,2020,Biotechnology: Pharmaceutical Preparations,Health Care,/market-activity/stocks/cmps,NASDAQ
CMPX,Compass Therapeutics Inc. Common Stock,$2.39,-0.01,-0.417%,3522872,430410117.00,United States,,Biotechnology: Biological Products (No Diagnostic Substances),Health Care,/market-activity/stocks/cmpx,NASDAQ
CMRC,Commerce.com Inc. Series 1 Common Stock,$2.41,-0.09,-3.60%,891124,199690168.00,United States,2020,Computer Software: Prepackaged Software,Technology,/market-activity/stocks/cmrc,NASDAQ
CMTL,Comtech Telecommunications Corp. Common Stock,$1.69,-0.01,-0.588%,240032,50634818.00,United States,,Radio And Television Broadcasting And Communications Equipment,Technology,/market-activity/stocks/cmtl,NASDAQ
CMTV,Community Bancorp. Common Stock,$40.48,-0.44,-1.075%,20007,226724513.00,United States,,Major Banks,Finance,/market-activity/stocks/cmtv,NASDAQ
CNCK,Coincheck Group N.V. Ordinary Shares,$2.11,0.00,0.00%,45497,404693723.00,Netherlands,,Finance: Consumer Services,Finance,/market-activity/stocks/cnck,NASDAQ
CNDT,Conduent Incorporated Common Stock ,$1.72,0.00,0.00%,924613,267495776.00,United States,,Business Services,Consumer Discretionary,/market-activity/stocks/cndt,NASDAQ
CNET,ZW Data Action Technologies Inc. Common Stock,$1.385,-0.005,-0.36%,3304,5080774.00,China,,Computer Software: Programming Data Processing,Technology,/market-activity/stocks/cnet,NASDAQ
CNEY,CN Energy Group Inc. Class A Ordinary Shares,$0.5753,-0.0147,-2.492%,15837,4719363.00,China,2021,Major Chemicals,Industrials,/market-activity/stocks/cney,NASDAQ
CNL,Collective Mining Ltd. Common Shares,$15.12,-0.12,-0.787%,103517,1402269730.00,United States,,,,/market-activity/stocks/cnl,NASDAQ
CNOB,ConnectOne Bancorp Inc. Common Stock,$31.44,-0.29,-0.914%,352446,1707046747.00,United States,,Major Banks,Finance,/market-activity/stocks/cnob,NASDAQ
CNOBP,ConnectOne Bancorp Inc. Depositary Shares each representing a 1/40th interest in a share of 5.25% Fixed-Rate Reset Non-Cumulative Perpetual Preferred Stock Series A,$25.31,0.12,0.476%,12934,1374216068.00,United States,,Major Banks,Finance,/market-activity/stocks/cnobp,NASDAQ
CNSP,CNS Pharmaceuticals Inc. Common Stock,$5.98,0.4571,8.276%,5081,8739465.00,United States,2019,Biotechnology: Pharmaceutical Preparations,Health Care,/market-activity/stocks/cnsp,NASDAQ
CNSY,Cerenome Inc. Common Stock ,$2.82,-0.23,-7.541%,116339,21402743.00,United States,,Medical/Dental Instruments,Health Care,/market-activity/stocks/cnsy,NASDAQ
CNTB,Connect Biopharma Holdings Limited Ordinary Shares,$2.20,-0.03,-1.345%,568239,138543480.00,China,2021,Biotechnology: Pharmaceutical Preparations,Health Care,/market-activity/stocks/cntb,NASDAQ
CNTN,Canton Strategic Holdings Inc. Common Stock,$2.28,0.06,2.703%,402525,181673503.00,United States,2022,Biotechnology: Pharmaceutical Preparations,Health Care,/market-activity/stocks/cntn,NASDAQ
CNTX,Context Therapeutics Inc. Common Stock,$0.3897,0.006,1.564%,1253201,35805315.00,United States,2021,Biotechnology: Pharmaceutical Preparations,Health Care,/market-activity/stocks/cntx,NASDAQ
CNTY,Century Casinos Inc. Common Stock,$1.26,-0.01,-0.787%,12328,35453492.00,United States,,Hotels/Resorts,Consumer Discretionary,/market-activity/stocks/cnty,NASDAQ
CNVS,Cineverse Corp. Class A Common Stock,$2.38,-0.03,-1.245%,177337,56575901.00,United States,,Consumer Electronics/Video Chains,Consumer Discretionary,/market-activity/stocks/cnvs,NASDAQ
CNXC,Concentrix Corporation Common Stock,$30.10,0.72,2.451%,1629862,1836652335.00,United States,,Computer Software: Prepackaged Software,Technology,/market-activity/stocks/cnxc,NASDAQ
CNXN,PC Connection Inc. Common Stock,$79.87,0.20,0.251%,127254,2015766967.00,United States,,Catalog/Specialty Distribution,Consumer Discretionary,/market-activity/stocks/cnxn,NASDAQ
CNXU,Conexeu Sciences Inc. Common Stock,$7.175,0.105,1.485%,189922,191991018.00,United States,,Industrial Specialties,Health Care,/market-activity/stocks/cnxu,NASDAQ
COAG,Hemab Therapeutics Holdings Inc. Common Stock,$45.73,0.89,1.985%,591657,2136145110.00,United States,2026,Biotechnology: Biological Products (No Diagnostic Substances),Health Care,/market-activity/stocks/coag,NASDAQ
COCH,Envoy Medical Inc. Class A Common Stock,$0.729,0.0389,5.637%,27072,56274860.00,United States,2021,Industrial Specialties,Health Care,/market-activity/stocks/coch,NASDAQ
COCHW,Envoy Medical Inc Warrant,$0.04,0.0089,28.617%,2052,3087784.00,United States,2021,Industrial Specialties,Health Care,/market-activity/stocks/cochw,NASDAQ
COCO,The Vita Coco Company Inc. Common Stock,$58.715,-2.995,-4.853%,1040670,3446229836.00,United States,2021,Beverages (Production/Distribution),Consumer Staples,/market-activity/stocks/coco,NASDAQ
COCP,Cocrystal Pharma Inc. Common Stock,$1.16,0.06,5.455%,48317,22345312.00,United States,,Biotechnology: Pharmaceutical Preparations,Health Care,/market-activity/stocks/cocp,NASDAQ
CODA,Coda Octopus Group Inc. Common stock,$10.05,0.05,0.50%,43808,113371578.00,United States,,Industrial Machinery/Components,Industrials,/market-activity/stocks/coda,NASDAQ
CODX,Co-Diagnostics Inc. Common Stock,$1.24,0.03,2.479%,69509,8656836.00,United States,2026,Medical/Dental Instruments,Health Care,/market-activity/stocks/codx,NASDAQ
COFS,ChoiceOne Financial Services Inc. Common Stock,$33.21,-0.15,-0.45%,95547,496672819.00,United States,,Major Banks,Finance,/market-activity/stocks/cofs,NASDAQ
COGT,Cogent Biosciences Inc. Common Stock,$35.00,0.33,0.952%,1849619,6073374370.00,United States,2018,Biotechnology: Pharmaceutical Preparations,Health Care,/market-activity/stocks/cogt,NASDAQ
COHU,Cohu Inc. Common Stock,$46.10,-1.90,-3.958%,823361,2182301761.00,United States,,Electrical Products,Industrials,/market-activity/stocks/cohu,NASDAQ
COIN,Coinbase Global Inc. Class A Common Stock,$188.12,9.48,5.307%,10675311,49633001955.00,United States,,Finance: Consumer Services,Finance,/market-activity/stocks/coin,NASDAQ
COKE,Coca-Cola Consolidated Inc. Common Stock,$195.57,-2.92,-1.471%,651733,13017978978.00,United States,1972,Beverages (Production/Distribution),Consumer Staples,/market-activity/stocks/coke,NASDAQ
COLA,Columbus Acquisition Corp Ordinary Shares,$10.65,0.00,0.00%,6045,0.00,Singapore,2025,Blank Checks,Finance,/market-activity/stocks/cola,NASDAQ
COLAR,Columbus Acquisition Corp Rights,$0.55,-0.0385,-6.542%,3651,0.00,Singapore,2025,Blank Checks,Finance,/market-activity/stocks/colar,NASDAQ
COLAU,Columbus Acquisition Corp Unit,$11.05,0.00,0.00%,1,0.00,Singapore,2025,,,/market-activity/stocks/colau,NASDAQ
COLB,Columbia Banking System Inc. Common Stock,$29.64,-0.43,-1.43%,2374738,8385223224.00,United States,1992,Major Banks,Finance,/market-activity/stocks/colb,NASDAQ
COLL,Collegium Pharmaceutical Inc. Common Stock,$24.61,-0.74,-2.919%,1035228,801193636.00,United States,2015,Biotechnology: Pharmaceutical Preparations,Health Care,/market-activity/stocks/coll,NASDAQ
COLM,Columbia Sportswear Company Common Stock,$57.40,-0.61,-1.052%,736440,2938489336.00,United States,1998,Apparel,Consumer Discretionary,/market-activity/stocks/colm,NASDAQ
COO,The Cooper Companies Inc. Common Stock,$70.09,-1.08,-1.517%,2156703,13669696857.00,United States,,Ophthalmic Goods,Health Care,/market-activity/stocks/coo,NASDAQ
COOT,Australian Oilseeds Holdings Limited Ordinary Shares,$0.5928,0.1328,28.87%,77295946,17824668.00,Australia,,Packaged Foods,Consumer Staples,/market-activity/stocks/coot,NASDAQ
COOTW,Australian Oilseeds Holdings Limited Warrant,$0.022,0.0045,25.714%,7019,661509.00,Australia,,Packaged Foods,Consumer Staples,/market-activity/stocks/cootw,NASDAQ
CORT,Corcept Therapeutics Incorporated Common Stock,$113.35,-0.53,-0.465%,636468,12252953300.00,United States,2004,Biotechnology: Pharmaceutical Preparations,Health Care,/market-activity/stocks/cort,NASDAQ
CORZ,Core Scientific Inc. Common Stock,$16.30,-0.21,-1.272%,10815154,5237849188.00,United States,,Finance: Consumer Services,Finance,/market-activity/stocks/corz,NASDAQ
CORZW,Core Scientific Inc. Tranche 1 Warrants,$9.71,-0.17,-1.721%,49776,3120215682.00,United States,,Finance: Consumer Services,Finance,/market-activity/stocks/corzw,NASDAQ
CORZZ,Core Scientific Inc. Tranche 2 Warrants,$16.23,-0.26,-1.577%,1523,5215355357.00,United States,,Finance: Consumer Services,Finance,/market-activity/stocks/corzz,NASDAQ
COSM,Cosmos Health Inc. Common Stock,$0.2428,0.0181,8.055%,5401145,24433880.00,United States,,Other Pharmaceuticals,Health Care,/market-activity/stocks/cosm,NASDAQ
COST,Costco Wholesale Corporation Common Stock,$943.89,-1.58,-0.167%,2392692,418595208308.00,United States,,Department/Specialty Retail Stores,Consumer Discretionary,/market-activity/stocks/cost,NASDAQ
COYA,Coya Therapeutics Inc. Common Stock,$4.56,-0.03,-0.654%,47337,106967791.00,United States,2022,Biotechnology: Pharmaceutical Preparations,Health Care,/market-activity/stocks/coya,NASDAQ
CPB,The Campbell's Company Common Stock,$23.68,0.29,1.24%,6556705,7061523834.00,United States,,Packaged Foods,Consumer Staples,/market-activity/stocks/cpb,NASDAQ
CPBI,Central Plains Bancshares Inc. Common Stock,$21.05,0.065,0.31%,7023,87825568.00,United States,2023,Savings Institutions,Finance,/market-activity/stocks/cpbi,NASDAQ
CPHC,Canterbury Park Holding Corporation 'New' Common Stock,$15.91,0.00,0.00%,233,82467799.00,United States,,Services-Misc. Amusement & Recreation,Consumer Discretionary,/market-activity/stocks/cphc,NASDAQ
CPIX,Cumberland Pharmaceuticals Inc. Common Stock,$6.69,-1.77,-20.922%,190639,100236986.00,United States,2009,Biotechnology: Pharmaceutical Preparations,Health Care,/market-activity/stocks/cpix,NASDAQ
CPOP,Pop Culture Group Co. Ltd Class A Ordinary Shares,$0.3176,-0.0264,-7.674%,463925,3950533.00,China,2021,Services-Misc. Amusement & Recreation,Consumer Discretionary,/market-activity/stocks/cpop,NASDAQ
CPRT,Copart Inc. (DE) Common Stock,$32.99,0.00,0.00%,9723188,30542520791.00,United States,1994,Retail-Auto Dealers and Gas Stations,Consumer Discretionary,/market-activity/stocks/cprt,NASDAQ
CPSH,CPS Technologies Corp. Common Stock,$3.89,0.09,2.368%,419723,75419094.00,United States,,Building Materials,Consumer Discretionary,/market-activity/stocks/cpsh,NASDAQ
CPSS,Consumer Portfolio Services Inc. Common Stock,$9.23,-0.19,-2.017%,15464,198950010.00,United States,1992,Finance: Consumer Services,Finance,/market-activity/stocks/cpss,NASDAQ
CPZ,Calamos Long/Short Equity & Dynamic Income Trust Common Stock,$13.30,-0.06,-0.449%,70763,261108180.00,United States,2019,Trusts Except Educational Religious and Charitable,Finance,/market-activity/stocks/cpz,NASDAQ
CRAC,Crown Reserve Acquisition Corp. I Class A Ordinary Shares,$10.18,0.00,0.00%,13,0.00,Cayman Islands,2025,,,/market-activity/stocks/crac,NASDAQ
CRACW,Crown Reserve Acquisition Corp. I Warrant,$0.0598,0.0047,8.53%,644,0.00,Cayman Islands,2025,,,/market-activity/stocks/cracw,NASDAQ
CRAI,CRA International Inc. Common Stock,$174.50,-0.49,-0.28%,118811,1095312070.00,United States,1998,Other Consumer Services,Consumer Discretionary,/market-activity/stocks/crai,NASDAQ
CRAN,Crane Harbor Acquisition Corp. II Class A Ordinary Shares,$10.14,0.00,0.00%,10,0.00,United States,2026,Blank Checks,Finance,/market-activity/stocks/cran,NASDAQ
CRAQ,Cal Redwood Acquisition Corp. Class A Ordinary Shares,$10.36,0.00,0.00%,289,0.00,United States,2025,Blank Checks,Finance,/market-activity/stocks/craq,NASDAQ
CRBP,Corbus Pharmaceuticals Holdings Inc. Common Stock,$10.91,0.00,0.00%,473622,211013507.00,United States,,Biotechnology: Pharmaceutical Preparations,Health Care,/market-activity/stocks/crbp,NASDAQ
CRBU,Caribou Biosciences Inc. Common Stock,$1.54,-0.08,-4.938%,1010194,165099570.00,United States,2021,Biotechnology: Biological Products (No Diagnostic Substances),Health Care,/market-activity/stocks/crbu,NASDAQ
CRCT,Cricut Inc. Class A Common Stock,$5.90,0.10,1.724%,885050,1235722054.00,United States,2021,Industrial Machinery/Components,Technology,/market-activity/stocks/crct,NASDAQ
CRDF,Cardiff Oncology Inc. Common Stock,$0.9936,0.0536,5.702%,590416,77297359.00,United States,,Biotechnology: Biological Products (No Diagnostic Substances),Health Care,/market-activity/stocks/crdf,NASDAQ
CRDL,Cardiol Therapeutics Inc. Class A Common Shares,$1.975,0.035,1.804%,780145,230724775.00,Canada,,Biotechnology: Biological Products (No Diagnostic Substances),Health Care,/market-activity/stocks/crdl,NASDAQ
CRDO,Credo Technology Group Holding Ltd Ordinary Shares,$226.19,-6.56,-2.818%,4257616,42508942103.00,United States,2022,Semiconductors,Technology,/market-activity/stocks/crdo,NASDAQ
CRE,Cre8 Enterprise Limited Class A Ordinary Shares,$3.16,-0.75,-19.182%,128772,6364193.00,Hong Kong,2025,Publishing,Consumer Discretionary,/market-activity/stocks/cre,NASDAQ
CRESY,Cresud S.A.C.I.F. y A. American Depositary Shares,$11.50,0.44,3.978%,370736,815639754.00,Argentina,1997,Real Estate,Finance,/market-activity/stocks/cresy,NASDAQ
CREX,Creative Realities Inc. Common Stock,$2.73,-0.12,-4.211%,20205,36927361.00,United States,,EDP Services,Technology,/market-activity/stocks/crex,NASDAQ
CRGO,Freightos Limited Ordinary shares,$1.28,-0.03,-2.29%,25747,66154877.00,Israel,,Integrated Freight & Logistics,Industrials,/market-activity/stocks/crgo,NASDAQ
CRGOW,Freightos Limited Warrants,$0.0405,0.00,0.00%,32,2093182.00,Israel,,Integrated Freight & Logistics,Industrials,/market-activity/stocks/crgow,NASDAQ
CRIS,Curis Inc. Common Stock,$1.49,0.00,0.00%,35853,3114215.00,United States,,Biotechnology: Biological Products (No Diagnostic Substances),Health Care,/market-activity/stocks/cris,NASDAQ
CRMD,CorMedix Inc. Common Stock,$8.26,-0.04,-0.482%,980557,643820116.00,United States,,Biotechnology: Pharmaceutical Preparations,Health Care,/market-activity/stocks/crmd,NASDAQ
CRML,Critical Metals Corp. Ordinary Shares,$7.21,0.09,1.264%,3927429,1059067909.00,British Virgin Islands,,Metal Mining,Basic Materials,/market-activity/stocks/crml,NASDAQ
CRMLW,Critical Metals Corp. Warrants,$2.68,-0.04,-1.471%,10856,393661858.00,British Virgin Islands,,Metal Mining,Basic Materials,/market-activity/stocks/crmlw,NASDAQ
CRMT,America's Car-Mart Inc Common Stock,$2.30,-0.08,-3.361%,252853,19926034.00,United States,,Retail-Auto Dealers and Gas Stations,Consumer Discretionary,/market-activity/stocks/crmt,NASDAQ
CRNC,Cerence Inc. Common Stock,$8.44,-0.06,-0.706%,453314,381743369.00,United States,,Computer Software: Prepackaged Software,Technology,/market-activity/stocks/crnc,NASDAQ
CRNT,Ceragon Networks Ltd. Ordinary Shares,$2.07,-0.02,-0.957%,317972,188950660.00,Israel,,Radio And Television Broadcasting And Communications Equipment,Technology,/market-activity/stocks/crnt,NASDAQ
CRNX,Crinetics Pharmaceuticals Inc. Common Stock,$84.95,0.11,0.13%,8204937,9010241204.00,United States,2018,Biotechnology: Pharmaceutical Preparations,Health Care,/market-activity/stocks/crnx,NASDAQ
CRON,Cronos Group Inc. Common Share,$3.37,-0.01,-0.296%,1066702,1241551352.00,Canada,, Medicinal Chemicals and Botanical Products ,Health Care,/market-activity/stocks/cron,NASDAQ
CROX,Crocs Inc. Common Stock,$120.38,-1.85,-1.514%,1073794,5771628129.00,United States,2006,Shoe Manufacturing,Consumer Discretionary,/market-activity/stocks/crox,NASDAQ
CRSP,CRISPR Therapeutics AG Common Shares,$56.98,-0.74,-1.282%,1390844,5509547368.00,Switzerland,2016,Biotechnology: Biological Products (No Diagnostic Substances),Health Care,/market-activity/stocks/crsp,NASDAQ
CRSR,Corsair Gaming Inc. Common Stock,$12.15,0.15,1.25%,1265193,1314350052.00,United States,2020,Computer peripheral equipment,Technology,/market-activity/stocks/crsr,NASDAQ
CRTO,Criteo S.A. Ordinary Shares,$17.65,0.19,1.088%,199307,864806916.00,France,2013,Advertising,Consumer Discretionary,/market-activity/stocks/crto,NASDAQ
CRUS,Cirrus Logic Inc. Common Stock,$109.51,1.03,0.949%,1189137,5488374105.00,United States,1989,Semiconductors,Technology,/market-activity/stocks/crus,NASDAQ
CRVL,CorVel Corp. Common Stock,$68.88,-0.36,-0.52%,189308,3479581410.00,United States,,Specialty Insurers,Finance,/market-activity/stocks/crvl,NASDAQ
CRVO,CervoMed Inc. Common Stock,$2.63,0.03,1.154%,94929,39763222.00,United States,,Biotechnology: Pharmaceutical Preparations,Health Care,/market-activity/stocks/crvo,NASDAQ
CRVS,Corvus Pharmaceuticals Inc. Common Stock,$14.04,-0.12,-0.847%,882987,1181058054.00,United States,2016,Biotechnology: Pharmaceutical Preparations,Health Care,/market-activity/stocks/crvs,NASDAQ
CRWD,CrowdStrike Holdings Inc. Class A Common Stock,$231.00,12.60,5.769%,17813205,236528948502.00,United States,2019,Computer Software: Prepackaged Software,Technology,/market-activity/stocks/crwd,NASDAQ
CRWS,Crown Crafts Inc Common Stock,$2.82,-0.05,-1.742%,49060,30344009.00,United States,,Textiles,Consumer Discretionary,/market-activity/stocks/crws,NASDAQ
CRWV,CoreWeave Inc. Class A Common Stock,$84.89,0.66,0.784%,13217642,46819942144.00,United States,2025,Computer Software: Prepackaged Software,Technology,/market-activity/stocks/crwv,NASDAQ
CSAI,Cloudastructure Inc. Class A Common Stock,$4.95,-0.14,-2.75%,21447,4293986.00,United States,,Computer Software: Programming Data Processing,Technology,/market-activity/stocks/csai,NASDAQ
CSBR,Champions Oncology Inc. Common Stock,$4.995,0.065,1.318%,746,69398377.00,United States,,Biotechnology: Biological Products (No Diagnostic Substances),Health Care,/market-activity/stocks/csbr,NASDAQ
CSCO,Cisco Systems Inc. Common Stock (DE),$110.49,0.56,0.509%,20842228,435489116136.00,United States,1990,Computer Communications Equipment,Telecommunications,/market-activity/stocks/csco,NASDAQ
CSGP,CoStar Group Inc. Common Stock,$32.07,-0.15,-0.466%,33461845,12994686647.00,United States,1998,Real Estate,Finance,/market-activity/stocks/csgp,NASDAQ
CSHR,CoinShares PLC Ordinary Shares,$6.06,0.08,1.338%,165881,798588067.00,Jersey,,Investment Bankers/Brokers/Service,Finance,/market-activity/stocks/cshr,NASDAQ
CSHRW,CoinShares PLC Warrants,$1.04,0.06,6.122%,5044,137051417.00,Jersey,,Investment Bankers/Brokers/Service,Finance,/market-activity/stocks/cshrw,NASDAQ
CSIQ,Canadian Solar Inc. Common Shares (ON),$12.33,-0.81,-6.164%,3386259,836180207.00,Canada,2006,Semiconductors,Technology,/market-activity/stocks/csiq,NASDAQ
CSPI,CSP Inc. Common Stock,$7.91,-0.23,-2.826%,5819,79737902.00,United States,1982,EDP Services,Technology,/market-activity/stocks/cspi,NASDAQ
CSQ,Calamos Strategic Total Return Common Stock,$20.94,-0.02,-0.095%,172925,3327106805.00,United States,2004,Finance Companies,Finance,/market-activity/stocks/csq,NASDAQ
CSTE,Caesarstone Ltd. Ordinary Shares,$2.88,-0.26,-8.28%,173205,99581976.00,Israel,2012,Building Materials,Industrials,/market-activity/stocks/cste,NASDAQ
CSTL,Castle Biosciences Inc. Common Stock,$33.03,-0.47,-1.403%,258007,1009050216.00,United States,2019,Medical Specialities,Health Care,/market-activity/stocks/cstl,NASDAQ
CSWC,Capital Southwest Corporation Common Stock,$25.57,0.10,0.393%,546018,1629674979.00,United States,,Textiles,Consumer Discretionary,/market-activity/stocks/cswc,NASDAQ
CSX,CSX Corporation Common Stock,$50.51,-0.63,-1.232%,11822612,93568508058.00,United States,,Railroads,Industrials,/market-activity/stocks/csx,NASDAQ
CTAA,ClearThink 1 Acquisition Corp. Class A Ordinary Shares,$9.99,-0.01,-0.10%,419,0.00,United States,2026,Blank Checks,Finance,/market-activity/stocks/ctaa,NASDAQ
CTAAR,ClearThink 1 Acquisition Corp. Rights,$0.1901,-0.0099,-4.95%,309,0.00,United States,2026,Blank Checks,Finance,/market-activity/stocks/ctaar,NASDAQ
CTAS,Cintas Corporation Common Stock,$201.79,-2.39,-1.171%,1726464,80750215714.00,United States,1983,Garments and Clothing,Industrials,/market-activity/stocks/ctas,NASDAQ
CTBI,Community Trust Bancorp Inc. Common Stock,$76.13,-0.53,-0.691%,104315,1383126338.00,United States,,Major Banks,Finance,/market-activity/stocks/ctbi,NASDAQ
CTKB,Cytek Biosciences Inc. Common Stock,$4.78,0.10,2.137%,958639,621319949.00,United States,2021,Biotechnology: Laboratory Analytical Instruments,Industrials,/market-activity/stocks/ctkb,NASDAQ
CTMX,CytomX Therapeutics Inc. Common Stock,$3.36,0.15,4.673%,2381039,732141594.00,United States,2015,Biotechnology: Pharmaceutical Preparations,Health Care,/market-activity/stocks/ctmx,NASDAQ
CTNM,Contineum Therapeutics Inc. Class A Common Stock,$16.24,-0.81,-4.751%,360167,610967184.00,United States,2024,Biotechnology: Pharmaceutical Preparations,Health Care,/market-activity/stocks/ctnm,NASDAQ
CTNT,Cheetah Net Supply Chain Service Inc Class A Common Stock,$1.46,-0.03,-2.013%,37194,4612711.00,United States,2023,Motor Vehicles,Consumer Discretionary,/market-activity/stocks/ctnt,NASDAQ
CTOR,Citius Oncology Inc. Common Stock,$0.7632,-0.0124,-1.599%,38710,70963255.00,United States,2022,Biotechnology: Pharmaceutical Preparations,Health Care,/market-activity/stocks/ctor,NASDAQ
CTRM,Castor Maritime Inc. Common Shares,$2.24,-0.10,-4.274%,20014,21643673.00,Cyprus,,Marine Transportation,Consumer Discretionary,/market-activity/stocks/ctrm,NASDAQ
CTRN,Citi Trends Inc. Common Stock,$68.065,0.815,1.212%,95426,566971104.00,United States,2005,Clothing/Shoe/Accessory Stores,Consumer Discretionary,/market-activity/stocks/ctrn,NASDAQ
CTSH,Cognizant Technology Solutions Corporation Class A Common Stock,$64.58,0.54,0.843%,8661319,29089687017.00,United States,1998,EDP Services,Technology,/market-activity/stocks/ctsh,NASDAQ
CTSO,Cytosorbents Corporation Common Stock,$0.341,0.0054,1.609%,111597,21429377.00,United States,,Medical/Dental Instruments,Health Care,/market-activity/stocks/ctso,NASDAQ
CTW,CTW Class A Ordinary Shares,$2.59,0.01,0.388%,14385,161616000.00,Japan,2025,EDP Services,Technology,/market-activity/stocks/ctw,NASDAQ
CTXR,Citius Pharmaceuticals Inc. Common Stock,$0.5802,-0.0219,-3.637%,280945,15927981.00,United States,,Biotechnology: Pharmaceutical Preparations,Health Care,/market-activity/stocks/ctxr,NASDAQ
CUB,Lionheart Holdings Class A Ordinary Shares,$10.86,-0.02,-0.184%,277200,345006735.00,United States,2024,Industrial Machinery/Components,Industrials,/market-activity/stocks/cub,NASDAQ
CUBWU,Lionheart Holdings Unit,$11.05,0.00,0.00%,337,0.00,United States,2024,Blank Checks,Finance,/market-activity/stocks/cubwu,NASDAQ
CUBWW,Lionheart Holdings Warrant,$0.33,-0.145,-30.526%,253694,0.00,United States,2024,Industrial Machinery/Components,Industrials,/market-activity/stocks/cubww,NASDAQ
CUE,Cue Biopharma Inc. Common Stock,$25.52,-2.36,-8.465%,101143,185387845.00,United States,2018,Biotechnology: Pharmaceutical Preparations,Health Care,/market-activity/stocks/cue,NASDAQ
CULP,Culp Inc. Common Stock,$3.36,-0.08,-2.326%,19301,42738938.00,United States,,Textiles,Consumer Discretionary,/market-activity/stocks/culp,NASDAQ
CUPR,Cuprina Holdings (Cayman) Limited Class A Ordinary Shares,$2.9101,-0.0999,-3.319%,5048,7802706.00,Singapore,2025,Industrial Specialties,Health Care,/market-activity/stocks/cupr,NASDAQ
CURI,CuriosityStream Inc. Class A Common Stock,$2.68,0.07,2.682%,1938504,159025915.00,United States,2020,Movies/Entertainment,Consumer Discretionary,/market-activity/stocks/curi,NASDAQ
CURR,Currenc Group Inc. Ordinary Shares,$3.28,-0.09,-2.671%,701891,368284583.00,Singapore,,Business Services,Consumer Discretionary,/market-activity/stocks/curr,NASDAQ
CURX,Curanex Pharmaceuticals Inc Common Stock,$4.30,-0.26,-5.702%,9032,6743436.00,United States,2025,Biotechnology: Pharmaceutical Preparations,Health Care,/market-activity/stocks/curx,NASDAQ
CUVL,Clinuvel Pharmaceuticals Limited American Depositary Shares,$5.95,-0.21,-3.409%,42909,297861165.00,Australia,,Miscellaneous,Miscellaneous,/market-activity/stocks/cuvl,NASDAQ
CV,CapsoVision Inc. Common Stock,$5.84,-0.09,-1.518%,58481,292273972.00,United States,2025,Biotechnology: Electromedical & Electrotherapeutic Apparatus,Health Care,/market-activity/stocks/cv,NASDAQ
CVBF,CVB Financial Corporation Common Stock,$22.17,-0.02,-0.09%,1092961,3901863134.00,United States,,Major Banks,Finance,/market-activity/stocks/cvbf,NASDAQ
CVCO,Cavco Industries Inc. Common Stock When Issued,$559.13,-9.27,-1.631%,110948,4299375340.00,United States,,Homebuilding,Consumer Discretionary,/market-activity/stocks/cvco,NASDAQ
CVGI,Commercial Vehicle Group Inc. Common Stock,$3.10,-0.02,-0.641%,298431,125961314.00,United States,2004,Auto Parts:O.E.M.,Consumer Discretionary,/market-activity/stocks/cvgi,NASDAQ
CVKD,Cadrenal Therapeutics Inc. Common Stock,$1.75,0.21,13.636%,21457507,6243286.00,United States,2023,Biotechnology: Pharmaceutical Preparations,Health Care,/market-activity/stocks/cvkd,NASDAQ
CVLT,Commvault Systems Inc. Common Stock,$137.52,1.12,0.821%,531066,5699456441.00,United States,2006,Computer Software: Prepackaged Software,Technology,/market-activity/stocks/cvlt,NASDAQ
CVRX,CVRx Inc. Common Stock,$2.96,0.01,0.339%,737780,78859127.00,United States,2021,Medical/Dental Instruments,Health Care,/market-activity/stocks/cvrx,NASDAQ
CVV,CVD Equipment Corporation Common Stock,$6.80,-0.18,-2.579%,44730,47268180.00,United States,,Industrial Machinery/Components,Technology,/market-activity/stocks/cvv,NASDAQ
CWBC,Community West Bancshares Common Stock,$25.93,0.11,0.426%,162930,703508853.00,United States,,Major Banks,Finance,/market-activity/stocks/cwbc,NASDAQ
CWCO,Consolidated Water Co. Ltd. Ordinary Shares,$29.77,0.02,0.067%,106086,476702991.00,Cayman Islands,,Water Supply,Utilities,/market-activity/stocks/cwco,NASDAQ
CWD,CaliberCos Inc. Class A Common Stock,$0.5272,-0.0106,-1.971%,138303,5474789.00,United States,2023,Real Estate,Finance,/market-activity/stocks/cwd,NASDAQ
CWST,Casella Waste Systems Inc. Class A Common Stock,$92.25,-1.43,-1.526%,442175,5870794244.00,United States,1997,Environmental Services,Utilities,/market-activity/stocks/cwst,NASDAQ
CXAI,CXApp Inc. Class A Common Stock,$3.66,0.05,1.385%,82689,8554906.00,United States,2021,EDP Services,Technology,/market-activity/stocks/cxai,NASDAQ
CXAIW,CXApp Inc. Warrant,$0.0349,0.00,0.00%,25650,81575.00,United States,2021,EDP Services,Technology,/market-activity/stocks/cxaiw,NASDAQ
CXDO,Crexendo Inc. Common Stock,$6.14,-0.13,-2.073%,175162,204178271.00,United States,,Telecommunications Equipment,Telecommunications,/market-activity/stocks/cxdo,NASDAQ
CXII,Churchill Capital Corp XII Class A Ordinary Shares,$10.80,-0.03,-0.277%,358514,0.00,United States,2026,Blank Checks,Finance,/market-activity/stocks/cxii,NASDAQ
CXIIU,Churchill Capital Corp XII Units,$10.97,-0.03,-0.273%,1312,0.00,United States,2026,Blank Checks,Finance,/market-activity/stocks/cxiiu,NASDAQ
CXIIW,Churchill Capital Corp XII Warrants,$2.195,-0.255,-10.408%,1864,0.00,United States,2026,Blank Checks,Finance,/market-activity/stocks/cxiiw,NASDAQ
CYAB,Cyabra Inc. Common Stock,$0.4527,0.006,1.343%,9227772,7966194.00,Israel,,Computer Software: Prepackaged Software,Technology,/market-activity/stocks/cyab,NASDAQ
CYCN,Cyclerion Therapeutics Inc. Common Stock,$3.68,-0.11,-2.902%,165550,17227372.00,United States,,Biotechnology: Pharmaceutical Preparations,Health Care,/market-activity/stocks/cycn,NASDAQ
CYCU,Cycurion Inc. Common Stock,$3.67,-0.18,-4.675%,319445,11854254.00,United States,2025,EDP Services,Technology,/market-activity/stocks/cycu,NASDAQ
CYCUW,Cycurion Inc. Warrant,$0.0258,-0.0022,-7.857%,29285,83335.00,United States,2025,EDP Services,Technology,/market-activity/stocks/cycuw,NASDAQ
CYN,Cyngn Inc. Common Stock,$1.05,0.01,0.962%,83025,15144445.00,United States,2021,EDP Services,Technology,/market-activity/stocks/cyn,NASDAQ
CYPH,Cypherpunk Technologies Inc. Common Stock,$1.825,0.115,6.725%,7420945,196669997.00,United States,,Biotechnology: Pharmaceutical Preparations,Health Care,/market-activity/stocks/cyph,NASDAQ
CYRX,CryoPort Inc. Common Stock,$16.00,-0.09,-0.559%,482520,810385600.00,United States,,Biotechnology: Pharmaceutical Preparations,Health Care,/market-activity/stocks/cyrx,NASDAQ
CYTK,Cytokinetics Incorporated Common Stock,$70.91,-1.18,-1.637%,3078103,9858150570.00,United States,2004,Biotechnology: Pharmaceutical Preparations,Health Care,/market-activity/stocks/cytk,NASDAQ
CZFS,Citizens Financial Services Inc. Common Stock,$80.34,-0.64,-0.79%,13927,386423751.00,United States,,Major Banks,Finance,/market-activity/stocks/czfs,NASDAQ
CZNC,Citizens & Northern Corp Common Stock,$25.34,-0.20,-0.783%,40126,454469530.00,United States,,Major Banks,Finance,/market-activity/stocks/cznc,NASDAQ
CZR,Caesars Entertainment Inc. Common Stock,$29.70,-0.03,-0.101%,4241327,6050495048.00,United States,,Hotels/Resorts,Consumer Discretionary,/market-activity/stocks/czr,NASDAQ
CZWI,Citizens Community Bancorp Inc. Common Stock,$20.83,-0.19,-0.904%,42781,201014312.00,United States,2006,Savings Institutions,Finance,/market-activity/stocks/czwi,NASDAQ
DAAQ,Digital Asset Acquisition Corp. Class A Ordinary shares,$10.44,0.01,0.096%,1259,0.00,United States,2025,Blank Checks,Finance,/market-activity/stocks/daaq,NASDAQ
DAAQU,Digital Asset Acquisition Corp. Units,$10.44,-0.05,-0.477%,2265,0.00,United States,2025,Blank Checks,Finance,/market-activity/stocks/daaqu,NASDAQ
DAAQW,Digital Asset Acquisition Corp. Warrant,$0.155,0.015,10.714%,23434,0.00,United States,2025,Blank Checks,Finance,/market-activity/stocks/daaqw,NASDAQ
DAIC,CID HoldCo Inc. Common Stock,$3.48,-1.16,-25.00%,2074340,6829862.00,United States,,EDP Services,Technology,/market-activity/stocks/daic,NASDAQ
DAICW,CID HoldCo Inc. Warrants,$0.0149,0.0009,6.429%,240243,29243.00,United States,,EDP Services,Technology,/market-activity/stocks/daicw,NASDAQ
DAIO,Data I/O Corporation Common Stock,$2.89,-0.04,-1.365%,23928,30043362.00,United States,1981,Electrical Products,Industrials,/market-activity/stocks/daio,NASDAQ
DAKT,Daktronics Inc. Common Stock,$19.53,0.23,1.192%,404960,943412782.00,United States,1994,Miscellaneous manufacturing industries,Consumer Discretionary,/market-activity/stocks/dakt,NASDAQ
DARE,Dare Bioscience Inc. Common Stock,$0.761,0.026,3.537%,639293,14968172.00,United States,2014,Biotechnology: Pharmaceutical Preparations,Health Care,/market-activity/stocks/dare,NASDAQ
DASH,DoorDash Inc. Class A Common Stock,$231.74,-5.00,-2.112%,3362746,100412463920.00,United States,,Business Services,Consumer Discretionary,/market-activity/stocks/dash,NASDAQ
DAVE,Dave Inc. Class A Common Stock,$359.52,-19.03,-5.027%,506955,4585859877.00,United States,,Finance: Consumer Services,Finance,/market-activity/stocks/dave,NASDAQ
DAVEW,Dave Inc. Warrants,$1.6899,-0.3401,-16.754%,2822,21555531.00,United States,,Finance: Consumer Services,Finance,/market-activity/stocks/davew,NASDAQ
DBCA,D. Boral Acquisition I Corp. Class A Ordinary Shares,$10.015,0.015,0.15%,51841,0.00,United States,2026,Blank Checks,Finance,/market-activity/stocks/dbca,NASDAQ
DBCAW,D. Boral Acquisition I Corp. Warrants,$0.3899,0.00,0.00%,981,0.00,United States,2026,Blank Checks,Finance,/market-activity/stocks/dbcaw,NASDAQ
DBGI,Digital Brands Group Inc. Common Stock,$6.405,-0.325,-4.829%,78385,5979125.00,United States,2025,Clothing/Shoe/Accessory Stores,Consumer Discretionary,/market-activity/stocks/dbgi,NASDAQ
DBVT,DBV Technologies S.A. American Depositary Shares,$13.82,0.28,2.068%,179198,817909544.00,France,2014,Biotechnology: Biological Products (No Diagnostic Substances),Health Care,/market-activity/stocks/dbvt,NASDAQ
DBX,Dropbox Inc. Class A Common Stock,$35.19,-0.51,-1.429%,5709679,7942709739.00,United States,2018,Computer Software: Prepackaged Software,Technology,/market-activity/stocks/dbx,NASDAQ
DCBO,Docebo Inc. Common Shares,$26.54,0.95,3.712%,88870,660831403.00,Canada,,Computer Software: Prepackaged Software,Technology,/market-activity/stocks/dcbo,NASDAQ
DCGO,DocGo Inc. Common Stock,$0.381,-0.0165,-4.151%,561149,37691709.00,United States,2020,Medical/Nursing Services,Health Care,/market-activity/stocks/dcgo,NASDAQ
DCOY,Decoy Therapeutics Inc. Common Stock,$3.05,0.15,5.172%,12432,1998314.00,United States,2015,Biotechnology: Pharmaceutical Preparations,Health Care,/market-activity/stocks/dcoy,NASDAQ
DCTH,Delcath Systems Inc. Common Stock,$16.46,0.12,0.734%,402695,571142166.00,United States,,Medical/Dental Instruments,Health Care,/market-activity/stocks/dcth,NASDAQ
DCX,Digital Currency X Technology Inc. Class A Ordinary Shares,$0.6957,-0.0435,-5.885%,167659,244592247.00,Cayman Islands,,Auto Manufacturing,Industrials,/market-activity/stocks/dcx,NASDAQ
DDI,DoubleDown Interactive Co. Ltd. American Depository Shares,$12.73,-0.045,-0.352%,87348,630815291.00,South Korea,2021,EDP Services,Technology,/market-activity/stocks/ddi,NASDAQ
DDOG,Datadog Inc. Class A Common Stock,$237.04,0.06,0.025%,4240919,85115143689.00,United States,2019,Computer Software: Prepackaged Software,Technology,/market-activity/stocks/ddog,NASDAQ
DEFT,Defi Technologies Inc. Common Stock,$0.6032,-0.0161,-2.60%,1421767,234097833.00,Canada,,Finance: Consumer Services,Finance,/market-activity/stocks/deft,NASDAQ
DERM,Journey Medical Corporation Common Stock,$7.41,-0.06,-0.803%,65523,209142767.00,United States,2021,Biotechnology: Pharmaceutical Preparations,Health Care,/market-activity/stocks/derm,NASDAQ
DETX,Liberty Defense Holdings Ltd. Common Shares,$3.52,0.06,1.734%,10531,20000580.00,United States,,Industrial Machinery/Components,Industrials,/market-activity/stocks/detx,NASDAQ
DFDV,DeFi Development Corp. Common Stock,$5.38,0.40,8.032%,2471015,166768110.00,United States,2023,Finance: Consumer Services,Finance,/market-activity/stocks/dfdv,NASDAQ
DFDVW,DeFi Development Corp. Warrant,$0.77,0.03,4.054%,24679,23868298.00,United States,,Finance: Consumer Services,Finance,/market-activity/stocks/dfdvw,NASDAQ
DFLI,Dragonfly Energy Holdings Corp. Common Stock (NV),$1.10,-0.01,-0.901%,130814,16476683.00,United States,2021,Industrial Machinery/Components,Miscellaneous,/market-activity/stocks/dfli,NASDAQ
DFLIW,Dragonfly Energy Holdings Corp. Warrant,$0.0284,0.0031,12.253%,35927,425398.00,United States,2021,Industrial Machinery/Components,Miscellaneous,/market-activity/stocks/dfliw,NASDAQ
DFNS,T3 Defense Inc. Common Stock,$11.82,-0.37,-3.035%,495958,19666187.00,United States,2020,Professional Services,Consumer Discretionary,/market-activity/stocks/dfns,NASDAQ
DFNSW,T3 Defense Inc. Warrants,$0.0808,0.0015,1.892%,27244,134436.00,United States,2020,Professional Services,Consumer Discretionary,/market-activity/stocks/dfnsw,NASDAQ
DFSC,DEFSEC Technologies Inc. Common Stock,$1.71,-0.01,-0.581%,66018,7896525.00,Canada,,Computer Software: Prepackaged Software,Technology,/market-activity/stocks/dfsc,NASDAQ
DFSCW,DEFSEC Technologies Inc. Warrant,$0.016,0.0008,5.263%,3696,73886.00,Canada,,Computer Software: Prepackaged Software,Technology,/market-activity/stocks/dfscw,NASDAQ
DFTX,Definium Therapeutics Inc. Common Shares,$39.72,-1.26,-3.075%,2692390,5337055254.00,United States,, Medicinal Chemicals and Botanical Products ,Health Care,/market-activity/stocks/dftx,NASDAQ
DGICA,Donegal Group Inc. Class A Common Stock,$19.12,-0.12,-0.624%,117875,709720672.00,United States,,Property-Casualty Insurers,Finance,/market-activity/stocks/dgica,NASDAQ
DGICB,Donegal Group Inc. Class B Common Stock,$23.1743,0.00,0.00%,150,860213377.00,United States,1986,Property-Casualty Insurers,Finance,/market-activity/stocks/dgicb,NASDAQ
DGII,Digi International Inc. Common Stock,$74.94,-0.83,-1.095%,240026,2843832338.00,United States,1989,Computer Communications Equipment,Telecommunications,/market-activity/stocks/dgii,NASDAQ
DGNX,Diginex Limited Ordinary Shares,$1.19,-0.01,-0.833%,147285,59654855.00,Hong Kong,2025,EDP Services,Technology,/market-activity/stocks/dgnx,NASDAQ
DGXX,Digi Power X Inc. Subordinate Voting Shares,$3.60,-0.13,-3.485%,2685701,365016078.00,Canada,,Finance: Consumer Services,Finance,/market-activity/stocks/dgxx,NASDAQ
DH,Definitive Healthcare Corp. Class A Common Stock,$0.95,0.1476,18.395%,1121792,137721544.00,United States,2021,Computer Software: Prepackaged Software,Technology,/market-activity/stocks/dh,NASDAQ
DHC,Diversified Healthcare Trust Common Shares of Beneficial Interest,$7.57,-0.08,-1.046%,1497413,1832916439.00,United States,,Real Estate Investment Trusts,Real Estate,/market-activity/stocks/dhc,NASDAQ
DHCNI,Diversified Healthcare Trust 5.625% Senior Notes due 2042,$18.50,-0.01,-0.054%,16560,4466165605.00,United States,,Real Estate Investment Trusts,Real Estate,/market-activity/stocks/dhcni,NASDAQ
DHCNL,Diversified Healthcare Trust 6.25% Senior Notes Due 2046,$19.10,0.10,0.526%,18441,4611014219.00,United States,,Real Estate Investment Trusts,Real Estate,/market-activity/stocks/dhcnl,NASDAQ
DIBS,1stdibs.com Inc. Common Stock,$4.37,-0.09,-2.018%,94037,146898830.00,United States,2021,Catalog/Specialty Distribution,Consumer Discretionary,/market-activity/stocks/dibs,NASDAQ
DIOD,Diodes Incorporated Common Stock,$90.80,2.80,3.182%,825517,4181494814.00,United States,,Semiconductors,Technology,/market-activity/stocks/diod,NASDAQ
DJCO,Daily Journal Corp. (S.C.) Common Stock,$622.935,-0.745,-0.119%,75300,858374529.00,United States,,Newspapers/Magazines,Consumer Discretionary,/market-activity/stocks/djco,NASDAQ
DJT,Trump Media & Technology Group Corp. Common Stock,$9.77,0.135,1.401%,2553123,2715486247.00,United States,2024,Computer Software: Programming Data Processing,Technology,/market-activity/stocks/djt,NASDAQ
DJTWW,Trump Media & Technology Group Corp. Warrants,$4.775,-0.085,-1.749%,26606,1327169583.00,United States,2021,Computer Software: Programming Data Processing,Technology,/market-activity/stocks/djtww,NASDAQ
DKI,DarkIris Inc. Class A Ordinary Shares,$3.40,-0.17,-4.762%,13651,7063347.00,Hong Kong,2025,Computer Software: Prepackaged Software,Technology,/market-activity/stocks/dki,NASDAQ
DKNG,DraftKings Inc. Class A Common Stock,$24.29,-0.97,-3.84%,11516730,12058868826.00,United States,2019,Services-Misc. Amusement & Recreation,Consumer Discretionary,/market-activity/stocks/dkng,NASDAQ
DLHC,DLH Holdings Corp.,$4.345,-0.055,-1.25%,17186,62972237.00,United States,,Professional Services,Consumer Discretionary,/market-activity/stocks/dlhc,NASDAQ
DLO,DLocal Limited Class A Common Shares,$14.83,-0.20,-1.331%,1750899,4373840907.00,Uruguay,2021,Business Services,Consumer Discretionary,/market-activity/stocks/dlo,NASDAQ
DLPN,Dolphin Entertainment Inc. Common Stock,$1.155,0.055,5.00%,6239,15044511.00,United States,,Other Consumer Services,Consumer Discretionary,/market-activity/stocks/dlpn,NASDAQ
DLTH,Duluth Holdings Inc. Class B Common Stock,$3.68,0.00,0.00%,37377,139847621.00,United States,2015,Clothing/Shoe/Accessory Stores,Consumer Discretionary,/market-activity/stocks/dlth,NASDAQ
DLTR,Dollar Tree Inc. Common Stock,$126.59,-1.67,-1.302%,3504220,23752119550.00,United States,1995,Department/Specialty Retail Stores,Consumer Discretionary,/market-activity/stocks/dltr,NASDAQ
DLXY,Delixy Holdings Limited Class A Ordinary Shares,$0.3799,0.0298,8.512%,39964,6211365.00,Singapore,2025,Oil Refining/Marketing,Energy,/market-activity/stocks/dlxy,NASDAQ
DMAA,Drugs Made In America Acquisition Corp. Ordinary Shares,$10.75,0.00,0.00%,4130,0.00,United States,2025,,,/market-activity/stocks/dmaa,NASDAQ
DMAAR,Drugs Made In America Acquisition Corp. Rights,$0.135,-0.0037,-2.668%,192338,0.00,United States,2025,Blank Checks,Finance,/market-activity/stocks/dmaar,NASDAQ
DMAC,DiaMedica Therapeutics Inc. Common Stock,$6.35,-0.04,-0.626%,135133,342428176.00,United States,2018,Biotechnology: Pharmaceutical Preparations,Health Care,/market-activity/stocks/dmac,NASDAQ
DMII,Drugs Made In America Acquisition II Corp. Ordinary Shares,$10.15,0.01,0.099%,62596,0.00,United States,2025,Blank Checks,Finance,/market-activity/stocks/dmii,NASDAQ
DMIIR,Drugs Made In America Acquisition II Corp. Right,$0.088,0.00,0.00%,12,0.00,United States,2025,Blank Checks,Finance,/market-activity/stocks/dmiir,NASDAQ
DMIIU,Drugs Made In America Acquisition II Corp. Unit,$10.1999,0.00,0.00%,21,0.00,United States,2025,,,/market-activity/stocks/dmiiu,NASDAQ
DMLP,Dorchester Minerals L.P. Common Units Representing Limited Partnership Interests,$28.91,0.26,0.908%,78844,1419232605.00,United States,,Oil & Gas Production,Energy,/market-activity/stocks/dmlp,NASDAQ
DMRA,Damora Therapeutics Inc. Ordinary Shares,$28.18,-0.82,-2.828%,497024,1739706925.00,Denmark,2020,Biotechnology: Pharmaceutical Preparations,Health Care,/market-activity/stocks/dmra,NASDAQ
DMRC,Digimarc Corporation Common Stock,$5.98,-0.03,-0.499%,88264,134402467.00,United States,,EDP Services,Technology,/market-activity/stocks/dmrc,NASDAQ
DNLI,Denali Therapeutics Inc. Common Stock,$23.76,-0.24,-1.00%,985836,3797974295.00,United States,2017,Biotechnology: Biological Products (No Diagnostic Substances),Health Care,/market-activity/stocks/dnli,NASDAQ
DNMX,Dynamix Corporation III Class A Ordinary Shares,$10.08,0.00,0.00%,7,0.00,United States,2025,Blank Checks,Finance,/market-activity/stocks/dnmx,NASDAQ
DNMXU,Dynamix Corporation III Unit,$10.1596,0.00,0.00%,1104,0.00,United States,2025,Blank Checks,Finance,/market-activity/stocks/dnmxu,NASDAQ
DNMXW,Dynamix Corporation III Warrants,$0.25,0.00,0.00%,351,0.00,United States,2025,Blank Checks,Finance,/market-activity/stocks/dnmxw,NASDAQ
DNTH,Dianthus Therapeutics Inc. Common Stock,$105.61,-0.23,-0.217%,459378,5907229661.00,United States,2018,Biotechnology: Pharmaceutical Preparations,Health Care,/market-activity/stocks/dnth,NASDAQ
DNUT,Krispy Kreme Inc. Common Stock,$3.42,-0.05,-1.441%,4575505,593370000.00,United States,2021,Food Chains,Consumer Staples,/market-activity/stocks/dnut,NASDAQ
DOCU,DocuSign Inc. Common Stock,$66.27,2.27,3.547%,3877587,12653899172.00,United States,1989,Computer Software: Prepackaged Software,Technology,/market-activity/stocks/docu,NASDAQ
DOGZ,Dogness (International) Corporation Class A Common Stock,$1.05,0.02,1.942%,28943,15236191.00,China,2017,Miscellaneous manufacturing industries,Consumer Discretionary,/market-activity/stocks/dogz,NASDAQ
DOMH,Dominari Holdings Inc. Common Stock,$2.34,-0.05,-2.092%,100960,56730132.00,United States,,Investment Bankers/Brokers/Service,Finance,/market-activity/stocks/domh,NASDAQ
DOMO,Domo Inc. Class B Common Stock,$3.78,-0.08,-2.073%,599336,170669128.00,United States,2018,Computer Software: Prepackaged Software,Technology,/market-activity/stocks/domo,NASDAQ
DOO,BRP Inc. Common Subordinate Voting Shares,$61.85,-0.06,-0.097%,186646,4567414251.00,Canada,,Industrial Specialties,Consumer Discretionary,/market-activity/stocks/doo,NASDAQ
DORM,Dorman Products Inc. Common Stock,$128.85,-0.50,-0.387%,158966,3823703379.00,United States,,Auto Parts:O.E.M.,Consumer Discretionary,/market-activity/stocks/dorm,NASDAQ
DOX,Amdocs Limited Ordinary Shares,$63.06,0.15,0.238%,1504659,6807297929.00,Guernsey,,EDP Services,Technology,/market-activity/stocks/dox,NASDAQ
DOYU,DouYu International Holdings Limited ADS,$4.33,0.05,1.168%,15278,130674459.00,China,2019,Computer Software: Programming Data Processing,Technology,/market-activity/stocks/doyu,NASDAQ
DPRO,Draganfly Inc. Common Shares,$5.42,0.955,21.389%,9011982,200540000.00,Canada,,Aerospace,Industrials,/market-activity/stocks/dpro,NASDAQ
DPU,Top KingWin Ltd Class A Ordinary Shares,$2.12,-0.0539,-2.479%,10366,6372461.00,China,2023,Business Services,Consumer Discretionary,/market-activity/stocks/dpu,NASDAQ
DPZ,Domino's Pizza Inc Common Stock,$342.06,-7.94,-2.269%,2509619,11315938274.00,United States,2004,Food Distributors,Consumer Discretionary,/market-activity/stocks/dpz,NASDAQ
DRCT,Direct Digital Holdings Inc. Class A Common Stock,$2.26,-0.12,-5.042%,17312,1814163.00,United States,2022,Advertising,Consumer Discretionary,/market-activity/stocks/drct,NASDAQ
DRDB,Roman DBDR Acquisition Corp. II Ordinary shares,$10.66,0.00,0.00%,10,0.00,United States,2025,,,/market-activity/stocks/drdb,NASDAQ
DRDBU,Roman DBDR Acquisition Corp. II Unit,$10.72,0.09,0.847%,400,0.00,United States,2024,,,/market-activity/stocks/drdbu,NASDAQ
DRDBW,Roman DBDR Acquisition Corp. II Warrants,$0.174,0.00,0.00%,3,0.00,United States,2025,,,/market-activity/stocks/drdbw,NASDAQ
DRH,Diamondrock Hospitality Company Common Stock,$12.31,-0.39,-3.071%,2388619,2518695933.00,United States,2005,Real Estate Investment Trusts,Real Estate,/market-activity/stocks/drh,NASDAQ
DRIO,DarioHealth Corp. Common Stock,$7.37,0.60,8.863%,7591,72222175.00,Israel,,Medical/Dental Instruments,Health Care,/market-activity/stocks/drio,NASDAQ
DRMA,Dermata Therapeutics Inc. Common Stock,$1.29,-0.05,-3.731%,61668,5188564.00,United States,2021,Biotechnology: Pharmaceutical Preparations,Health Care,/market-activity/stocks/drma,NASDAQ
DRS,Leonardo DRS Inc. Common Stock,$38.00,-0.54,-1.401%,904612,10141877570.00,Israel,,Industrial Machinery/Components,Industrials,/market-activity/stocks/drs,NASDAQ
DRTS,Alpha Tau Medical Ltd. Ordinary Shares,$14.11,-0.53,-3.62%,3115890,1304866753.00,Israel,,Medical/Dental Instruments,Health Care,/market-activity/stocks/drts,NASDAQ
DRTSW,Alpha Tau Medical Ltd. Warrant,$3.60,-0.19,-5.013%,17432,332921354.00,Israel,,Medical/Dental Instruments,Health Care,/market-activity/stocks/drtsw,NASDAQ
DRUG,Bright Minds Biosciences Inc. Common Stock,$71.73,-1.08,-1.483%,52450,707549096.00,Canada,,Biotechnology: Pharmaceutical Preparations,Health Care,/market-activity/stocks/drug,NASDAQ
DRVN,Driven Brands Holdings Inc. Common Stock,$12.42,-0.05,-0.401%,637738,2049049315.00,United States,2021,Automotive Aftermarket,Consumer Discretionary,/market-activity/stocks/drvn,NASDAQ
DSAC,Daedalus Special Acquisition Corp. Class A Ordinary Shares,$10.15,-0.02,-0.197%,25369,0.00,Cayman Islands,2026,Blank Checks,Finance,/market-activity/stocks/dsac,NASDAQ
DSACW,Daedalus Special Acquisition Corp. Warrant,$0.59,0.0295,5.263%,48122,0.00,Cayman Islands,2026,Blank Checks,Finance,/market-activity/stocks/dsacw,NASDAQ
DSC,DSC Holdings Ltd. American Depositary Shares,$7.50,-0.71,-8.648%,44597,375543690.00,China,2026,Computer Software: Programming Data Processing,Technology,/market-activity/stocks/dsc,NASDAQ
DSGN,Design Therapeutics Inc. Common Stock,$15.09,-0.02,-0.132%,704400,944357114.00,United States,2021,Biotechnology: Pharmaceutical Preparations,Health Care,/market-activity/stocks/dsgn,NASDAQ
DSGR,Distribution Solutions Group Inc. Common Stock,$34.79,0.00,0.00%,234934,1609226131.00,United States,,Industrial Specialties,Consumer Discretionary,/market-activity/stocks/dsgr,NASDAQ
DSGX,Descartes Systems Group Inc. (The) Common Stock,$80.64,-1.195,-1.46%,2139055,6910108289.00,Canada,,Computer Software: Prepackaged Software,Technology,/market-activity/stocks/dsgx,NASDAQ
DSP,Viant Technology Inc. Class A Common Stock,$12.88,-0.35,-2.646%,168632,856195913.00,United States,2021,Computer Software: Programming Data Processing,Technology,/market-activity/stocks/dsp,NASDAQ
DSWL,Deswell Industries Inc. Common Shares,$3.00,-0.065,-2.121%,6554,47655717.00,Macau,1995,Plastic Products,Industrials,/market-activity/stocks/dswl,NASDAQ
DSY,Big Tree Cloud Holdings Limited Class A Ordinary Shares,$3.96,0.01,0.253%,13227,18817413.00,China,,Containers/Packaging,Consumer Discretionary,/market-activity/stocks/dsy,NASDAQ
DSYWW,Big Tree Cloud Holdings Limited Warrants,$0.0141,0.00,0.00%,357,67001.00,China,,Containers/Packaging,Consumer Discretionary,/market-activity/stocks/dsyww,NASDAQ
DTCX,Datacentrex Inc. Common Stock,$2.22,-0.38,-14.615%,390862,89118850.00,United States,,EDP Services,Technology,/market-activity/stocks/dtcx,NASDAQ
DTI,Drilling Tools International Corporation Common Stock,$2.47,-0.07,-2.756%,377215,87147093.00,United States,2021,Oil and Gas Field Machinery,Consumer Discretionary,/market-activity/stocks/dti,NASDAQ
DTIL,Precision BioSciences Inc. Common Stock,$7.64,-0.14,-1.799%,214822,210875873.00,United States,2019,Biotechnology: Biological Products (No Diagnostic Substances),Health Care,/market-activity/stocks/dtil,NASDAQ
DTSQ,DT Cloud Star Acquisition Corporation Ordinary Shares,$11.35,0.01,0.088%,160,0.00,United States,2024,,,/market-activity/stocks/dtsq,NASDAQ
DTSQR,DT Cloud Star Acquisition Corporation Right,$0.1002,0.00,0.00%,54062,0.00,United States,2024,Blank Checks,Finance,/market-activity/stocks/dtsqr,NASDAQ
DTSS,Datasea Intelligent Technology Ltd. Class A Ordinary Shares,$0.6656,-0.0382,-5.428%,38527,9601201.00,China,,Computer Software: Prepackaged Software,Technology,/market-activity/stocks/dtss,NASDAQ
DTST,Data Storage Corporation Common Stock,$3.04,-0.02,-0.654%,6041,7106724.00,United States,,EDP Services,Technology,/market-activity/stocks/dtst,NASDAQ
DUKR,DUKE Robotics Corp. Common Stock,$5.72,0.10,1.779%,7623,19596594.00,Israel,,Aerospace,Industrials,/market-activity/stocks/dukr,NASDAQ
DUKRW,DUKE Robotics Corp. Warrant,$1.39,0.24,20.87%,770,4762109.00,Israel,,Aerospace,Industrials,/market-activity/stocks/dukrw,NASDAQ
DUO,Fangdd Network Group Ltd. Class A Ordinary Shares,$0.76,-0.2002,-20.85%,1739950,29296794.00,China,2019,Real Estate,Finance,/market-activity/stocks/duo,NASDAQ
DUOL,Duolingo Inc. Class A Common Stock,$148.36,1.38,0.939%,839367,6941210869.00,United States,2021,Computer Software: Prepackaged Software,Technology,/market-activity/stocks/duol,NASDAQ
DUOT,Duos Technologies Group Inc. Common Stock,$9.28,-0.06,-0.642%,865109,292064791.00,United States,,Computer Software: Prepackaged Software,Technology,/market-activity/stocks/duot,NASDAQ
DVLT,Datavault AI Inc. Common Stock,$0.296,0.016,5.714%,29605452,281119667.00,United States,2018,Business Services,Consumer Discretionary,/market-activity/stocks/dvlt,NASDAQ
DWSN,Dawson Geophysical Company Common Stock,$3.39,0.05,1.497%,90563,105278545.00,United States,,Oil & Gas Production,Energy,/market-activity/stocks/dwsn,NASDAQ
DWTX,Dogwood Therapeutics Inc. Common Stock,$2.58,-0.07,-2.642%,64235,87700787.00,United States,2020,Biotechnology: Pharmaceutical Preparations,Health Care,/market-activity/stocks/dwtx,NASDAQ
DXCM,DexCom Inc. Common Stock,$91.06,0.24,0.264%,2999350,34362471261.00,United States,2005,Medical/Dental Instruments,Health Care,/market-activity/stocks/dxcm,NASDAQ
DXLG,Destination XL Group Inc. Common Stock,$0.612,-0.0081,-1.306%,51482,33827132.00,United States,,Clothing/Shoe/Accessory Stores,Consumer Discretionary,/market-activity/stocks/dxlg,NASDAQ
DXPE,DXP Enterprises Inc. Common Stock,$187.73,1.81,0.974%,107920,2913034194.00,United States,,Industrial Machinery/Components,Industrials,/market-activity/stocks/dxpe,NASDAQ
DXR,Daxor Corporation Common Stock,$10.0793,-0.1207,-1.183%,874,58845211.00,United States,,Medical/Dental Instruments,Health Care,/market-activity/stocks/dxr,NASDAQ
DXST,Decent Holding Inc Class A Ordinary Shares,$2.59,-0.04,-1.521%,28400,4701182.00,China,2025,Miscellaneous,Industrials,/market-activity/stocks/dxst,NASDAQ
DYAI,Dyadic International Inc. Common Stock,$0.5551,-0.059,-9.608%,258392,22239362.00,United States,,Biotechnology: Biological Products (No Diagnostic Substances),Health Care,/market-activity/stocks/dyai,NASDAQ
DYN,Dyne Therapeutics Inc. Common Stock,$25.43,0.36,1.436%,2769261,4748961740.00,United States,2020,Biotechnology: Pharmaceutical Preparations,Health Care,/market-activity/stocks/dyn,NASDAQ
DYNC,Dynamix Corporation Class A Ordinary Shares,$10.88,0.005,0.046%,9163,0.00,United States,2024,,,/market-activity/stocks/dync,NASDAQ
DYNCU,Dynamix Corporation Unit,$10.8501,0.00,0.00%,1,0.00,United States,2024,,,/market-activity/stocks/dyncu,NASDAQ
DYNCW,Dynamix Corporation Warrant,$0.14,0.009,6.87%,100,0.00,United States,2024,,,/market-activity/stocks/dyncw,NASDAQ
DYOR,Insight Digital Partners II Class A Ordinary Shares,$10.12,0.00,0.00%,11,0.00,United States,2025,Blank Checks,Finance,/market-activity/stocks/dyor,NASDAQ
EBAY,eBay Inc. Common Stock,$103.56,-2.06,-1.95%,7524537,46084200000.00,United States,1998,Business Services,Consumer Discretionary,/market-activity/stocks/ebay,NASDAQ
EBC,Eastern Bankshares Inc. Common Stock,$21.96,-0.33,-1.48%,2530491,5018113682.00,United States,2020,Savings Institutions,Finance,/market-activity/stocks/ebc,NASDAQ
EBMT,Eagle Bancorp Montana Inc. Common Stock,$22.35,-0.35,-1.542%,19199,178027383.00,United States,2010,Major Banks,Finance,/market-activity/stocks/ebmt,NASDAQ
EBON,Ebang International Holdings Inc. Class A Ordinary Shares,$2.16,-0.1399,-6.083%,5787,14134906.00,China,2020,Investment Bankers/Brokers/Service,Finance,/market-activity/stocks/ebon,NASDAQ
ECBK,ECB Bancorp Inc. Common Stock,$20.70,-0.04,-0.193%,8577,180870431.00,United States,2022,Banks,Finance,/market-activity/stocks/ecbk,NASDAQ
ECHO,EchoStar  Corporation Common Stock,$86.44,-0.40,-0.461%,1907845,25110016800.00,United States,,Telecommunications Equipment,Consumer Discretionary,/market-activity/stocks/echo,NASDAQ
ECOR,electroCore Inc. Common Stock,$9.49,-0.135,-1.403%,96440,85560749.00,United States,2018,Biotechnology: Electromedical & Electrotherapeutic Apparatus,Health Care,/market-activity/stocks/ecor,NASDAQ
ECPG,Encore Capital Group Inc Common Stock,$97.01,-1.93,-1.951%,368228,2057520596.00,United States,,Finance Companies,Finance,/market-activity/stocks/ecpg,NASDAQ
ECX,ECARX Holdings Inc. Class A Ordinary shares,$1.04,-0.01,-0.952%,233080,396302383.00,China,,EDP Services,Technology,/market-activity/stocks/ecx,NASDAQ
ECXWW,ECARX Holdings Inc. Warrants,$0.0479,0.0044,10.115%,2336,18252773.00,China,,EDP Services,Technology,/market-activity/stocks/ecxww,NASDAQ
EDBL,Edible Garden AG Incorporated Common Stock,$1.46,-0.02,-1.351%,46793,2849203.00,United States,2022,Farming/Seeds/Milling,Consumer Staples,/market-activity/stocks/edbl,NASDAQ
EDBLW,Edible Garden AG Incorporated Warrant,$0.059,0.0091,18.236%,906,115139.00,United States,2022,Farming/Seeds/Milling,Consumer Staples,/market-activity/stocks/edblw,NASDAQ
EDHL,Everbright Digital Holding Limited Ordinary Shares,$4.22,0.2371,5.953%,402220,25148141.00,Hong Kong,2025,Advertising,Consumer Discretionary,/market-activity/stocks/edhl,NASDAQ
EDIT,Editas Medicine Inc. Common Stock,$3.06,-0.10,-3.165%,2075751,469954907.00,United States,2016,Biotechnology: Biological Products (No Diagnostic Substances),Health Care,/market-activity/stocks/edit,NASDAQ
EDRY,EuroDry Ltd. Common Shares ,$49.30,-1.075,-2.134%,213141,141322936.00,Greece,,Marine Transportation,Consumer Discretionary,/market-activity/stocks/edry,NASDAQ
EDSA,Edesa Biotech Inc. Common Shares,$4.735,0.115,2.489%,91749,63940128.00,United States,,Biotechnology: Pharmaceutical Preparations,Health Care,/market-activity/stocks/edsa,NASDAQ
EDTK,Skillful Craftsman Education Technology Limited Ordinary Share,$0.89,-0.01,-1.111%,6305,14417511.00,China,2020,Other Consumer Services,Real Estate,/market-activity/stocks/edtk,NASDAQ
EDUC,Educational Development Corporation Common Stock,$1.35,-0.02,-1.46%,50988,11508701.00,United States,,Consumer Specialties,Consumer Discretionary,/market-activity/stocks/educ,NASDAQ
EEFT,Euronet Worldwide Inc. Common Stock,$69.51,-0.44,-0.629%,647084,2599923888.00,United States,1997,Investment Bankers/Brokers/Service,Finance,/market-activity/stocks/eeft,NASDAQ
EEIQ,EpicQuest Education Group International Limited Common Stock,$2.78,0.06,2.206%,17326,4577612.00,United States,2021,Other Consumer Services,Real Estate,/market-activity/stocks/eeiq,NASDAQ
EFOI,Energy Focus Inc. Common Stock,$2.77,-0.12,-4.152%,6593,17642745.00,United States,,Building Products,Consumer Discretionary,/market-activity/stocks/efoi,NASDAQ
EFSC,Enterprise Financial Services Corporation Common Stock,$63.23,-0.36,-0.566%,201437,2288453040.00,United States,,Major Banks,Finance,/market-activity/stocks/efsc,NASDAQ
EFSCP,Enterprise Financial Services Corporation Depositary Shares Each Representing a 1/40th Interest in a Share of 5% Fixed Rate Non-Cumulative Perpetual Preferred Stock Series A,$19.10,-0.3475,-1.787%,12281,691277132.00,United States,,Major Banks,Finance,/market-activity/stocks/efscp,NASDAQ
EFSI,Eagle Financial Services Inc Common Stock,$41.31,-0.22,-0.53%,33736,223553816.00,United States,,Major Banks,Finance,/market-activity/stocks/efsi,NASDAQ
EGAN,eGain Corporation Common Stock,$7.46,0.06,0.811%,95934,204777604.00,United States,1999,Computer Software: Prepackaged Software,Technology,/market-activity/stocks/egan,NASDAQ
EGBN,Eagle Bancorp Inc. Common Stock,$27.29,-0.28,-1.016%,176661,831907623.00,United States,,Major Banks,Finance,/market-activity/stocks/egbn,NASDAQ
EGHA,EGH Acquisition Corp. Class A Ordinary Shares,$10.40,0.02,0.193%,999,0.00,United States,2025,Finance/Investors Services,Finance,/market-activity/stocks/egha,NASDAQ
EGHAR,EGH Acquisition Corp. Rights,$0.37,0.0023,0.626%,3070,0.00,United States,2025,Finance/Investors Services,Finance,/market-activity/stocks/eghar,NASDAQ
EH,EHang Holdings Limited ADS,$4.49,-0.02,-0.443%,658232,340545675.00,China,2019,Aerospace,Industrials,/market-activity/stocks/eh,NASDAQ
EHGO,Eshallgo Inc. Class A Ordinary Shares,$1.10,-0.02,-1.786%,284924,6090235.00,China,2024,Diversified Commercial Services,Consumer Discretionary,/market-activity/stocks/ehgo,NASDAQ
EHLD,Euroholdings Ltd. Common Stock ,$9.61,-0.0134,-0.139%,1263,27067670.00,Greece,,Marine Transportation,Consumer Discretionary,/market-activity/stocks/ehld,NASDAQ
EHTH,eHealth Inc. Common Stock,$1.13,-0.07,-5.833%,300089,36196899.00,United States,2006,Specialty Insurers,Finance,/market-activity/stocks/ehth,NASDAQ
EIKN,Eikon Therapeutics Inc. Common Stock,$10.46,-0.52,-4.736%,290735,566566214.00,United States,2026,Biotechnology: Biological Products (No Diagnostic Substances),Health Care,/market-activity/stocks/eikn,NASDAQ
EJH,E-Home Household Service Holdings Limited Ordinary Shares,$1.28,-0.04,-3.03%,31281,4096197.00,China,2021,Other Consumer Services,Consumer Discretionary,/market-activity/stocks/ejh,NASDAQ
ELAB,PMGC Holdings Inc. Common Stock,$5.19,-0.12,-2.26%,28811,4201715.00,United States,2023,Biotechnology: Pharmaceutical Preparations,Health Care,/market-activity/stocks/elab,NASDAQ
ELBM,Electra Battery Materials Corporation Common Stock,$0.5953,-0.0119,-1.96%,247715,63578122.00,Canada,,Industrial Machinery/Components,Miscellaneous,/market-activity/stocks/elbm,NASDAQ
ELDN,Eledon Pharmaceuticals Inc. Common Stock,$2.98,-0.22,-6.875%,1828170,242158233.00,United States,2014,Biotechnology: Pharmaceutical Preparations,Health Care,/market-activity/stocks/eldn,NASDAQ
ELE,Elemental Royalty Corporation Common Stock,$21.52,0.00,0.00%,385613,1383867444.00,Canada,,Precious Metals,Basic Materials,/market-activity/stocks/ele,NASDAQ
ELMT,The Elmet Group Co. Common Stock,$16.41,-0.23,-1.382%,286991,499840362.00,United States,2026,Metal Fabrications,Industrials,/market-activity/stocks/elmt,NASDAQ
ELOG,Eastern International Ltd. Ordinary Shares,$0.67,-0.0303,-4.327%,8031,8597440.00,China,2025,Integrated Freight & Logistics,Industrials,/market-activity/stocks/elog,NASDAQ
ELOX,Eloxx Pharmaceuticals Inc. Common Stock,$16.77,1.70,11.281%,38915,67691417.00,United States,,Biotechnology: Biological Products (No Diagnostic Substances),Health Care,/market-activity/stocks/elox,NASDAQ
ELPW,Elong Power Holding Limited Class A Ordinary Shares,$3.63,0.08,2.254%,35005,3383483.00,China,,Industrial Machinery/Components,Miscellaneous,/market-activity/stocks/elpw,NASDAQ
ELTK,Eltek Ltd. Ordinary Shares,$8.05,-0.02,-0.248%,1304,54094607.00,Israel,1997,Electrical Products,Technology,/market-activity/stocks/eltk,NASDAQ
ELTX,Elicio Therapeutics Inc. Common Stock,$2.70,-0.14,-4.93%,412203,70961081.00,United States,2021,Biotechnology: Pharmaceutical Preparations,Health Care,/market-activity/stocks/eltx,NASDAQ
ELUT,Elutia Inc. Class A Common Stock,$0.8641,-0.0159,-1.807%,54186,38270324.00,United States,2020,Biotechnology: Biological Products (No Diagnostic Substances),Health Care,/market-activity/stocks/elut,NASDAQ
ELVA,Electrovaya Inc. Common Shares,$6.65,0.00,0.00%,506036,332492665.00,Canada,,Industrial Machinery/Components,Miscellaneous,/market-activity/stocks/elva,NASDAQ
ELVN,Enliven Therapeutics Inc. Common Stock,$57.89,0.03,0.052%,982051,4241644354.00,United States,2020,Biotechnology: Pharmaceutical Preparations,Health Care,/market-activity/stocks/elvn,NASDAQ
ELVR,Elevra Lithium Limited American Depository Shares,$59.30,0.21,0.355%,13649,1004404246.00,Australia,,Mining & Quarrying of Nonmetallic Minerals (No Fuels),Industrials,/market-activity/stocks/elvr,NASDAQ
ELWT,Elauwit Connection Inc. Common Stock,$7.45,0.34,4.782%,5405,49317480.00,United States,2025,Telecommunications Equipment,Consumer Discretionary,/market-activity/stocks/elwt,NASDAQ
EMAT,Evolution Metals & Technologies Corp. Common Stock,$3.865,0.595,18.196%,1338176,2403259497.00,United States,,Industrial Machinery/Components,Miscellaneous,/market-activity/stocks/emat,NASDAQ
EMBC,Embecta Corp. Common Stock,$5.14,0.09,1.782%,2765943,291230339.00,United States,,Medical/Dental Instruments,Health Care,/market-activity/stocks/embc,NASDAQ
EMIS,Emmis Acquisition Corp. Class A Ordinary Shares,$10.22,-0.02,-0.195%,115,0.00,United States,2025,Biotechnology: Pharmaceutical Preparations,Health Care,/market-activity/stocks/emis,NASDAQ
EMISR,Emmis Acquisition Corp. Rights,$0.1021,-0.0279,-21.462%,25000,0.00,United States,2025,,,/market-activity/stocks/emisr,NASDAQ
EML,Eastern Company (The) Common Stock,$27.24,0.92,3.495%,19752,163918280.00,United States,,Industrial Machinery/Components,Consumer Discretionary,/market-activity/stocks/eml,NASDAQ
EMPD,Empery Digital Inc. Common stock,$3.22,0.245,8.235%,464458,90514557.00,United States,2021,Auto Manufacturing,Industrials,/market-activity/stocks/empd,NASDAQ
ENGN,enGene Therapeutics Inc. Common Stock,$1.84,0.015,0.822%,291277,123260617.00,Canada,,Biotechnology: Biological Products (No Diagnostic Substances),Health Care,/market-activity/stocks/engn,NASDAQ
ENGNW,enGene Therapeutics Inc. Warrants,$0.2681,0.0381,16.565%,550,17959876.00,Canada,,Biotechnology: Biological Products (No Diagnostic Substances),Health Care,/market-activity/stocks/engnw,NASDAQ
ENGS,Energys Group Limited Ordinary Shares,$2.65,0.06,2.317%,1240689,143567820.00,United Kingdom,2025,Engineering & Construction,Industrials,/market-activity/stocks/engs,NASDAQ
ENLT,Enlight Renewable Energy Ltd. Ordinary Shares,$78.135,0.595,0.767%,171652,10895461628.00,Israel,2023,Electric Utilities: Central,Utilities,/market-activity/stocks/enlt,NASDAQ
ENLV,Enlivex Ltd. Ordinary Shares,$1.28,-0.07,-5.185%,400247,22381391.00,Israel,2014,Biotechnology: Pharmaceutical Preparations,Health Care,/market-activity/stocks/enlv,NASDAQ
ENPH,Enphase Energy Inc. Common Stock,$36.42,-0.83,-2.228%,3902491,4812708080.00,United States,2012,Semiconductors,Technology,/market-activity/stocks/enph,NASDAQ
ENRD,Einride AB American Depositary Shares,$5.01,-0.28,-5.293%,112681,722269015.00,Sweden,,EDP Services,Technology,/market-activity/stocks/enrd,NASDAQ
ENRDW,Einride AB Warrants,$0.43,-0.02,-4.444%,296,61991153.00,Sweden,,EDP Services,Technology,/market-activity/stocks/enrdw,NASDAQ
ENSC,Ensysce Biosciences Inc. Common Stock,$0.3927,-0.0072,-1.80%,517698,7640683.00,United States,,Biotechnology: Pharmaceutical Preparations,Health Care,/market-activity/stocks/ensc,NASDAQ
ENSG,The Ensign Group Inc. Common Stock,$172.26,-0.72,-0.416%,363048,10039732081.00,United States,2007,Hospital/Nursing Management,Health Care,/market-activity/stocks/ensg,NASDAQ
ENTA,Enanta Pharmaceuticals Inc. Common Stock,$13.33,-0.27,-1.985%,286525,388241609.00,United States,2013,Biotechnology: Pharmaceutical Preparations,Health Care,/market-activity/stocks/enta,NASDAQ
ENTG,Entegris Inc. Common Stock,$135.29,0.37,0.274%,2618789,20672312000.00,United States,2000,Plastic Products,Industrials,/market-activity/stocks/entg,NASDAQ
ENTX,Entera Bio Ltd. Ordinary Shares,$2.95,-0.08,-2.64%,214461,512811099.00,Israel,2018,Biotechnology: Biological Products (No Diagnostic Substances),Health Care,/market-activity/stocks/entx,NASDAQ
ENVB,Enveric Biosciences Inc. Common Stock,$1.37,0.00,0.00%,38289,6131961.00,United States,,Biotechnology: Pharmaceutical Preparations,Health Care,/market-activity/stocks/envb,NASDAQ
ENVX,Enovix Corporation Common Stock,$3.38,0.02,0.595%,7528789,741736048.00,United States,2021,Industrial Machinery/Components,Miscellaneous,/market-activity/stocks/envx,NASDAQ
EOLS,Evolus Inc. Common Stock,$9.09,0.21,2.365%,1025258,600398500.00,United States,2018,Biotechnology: Pharmaceutical Preparations,Health Care,/market-activity/stocks/eols,NASDAQ
EOSE,Eos Energy Enterprises Inc. Class A Common Stock,$3.22,-0.04,-1.227%,12780685,1172620136.00,United States,,Industrial Machinery/Components,Miscellaneous,/market-activity/stocks/eose,NASDAQ
EOSEW,Eos Energy Enterprises Inc. Warrant,$2.94,0.19,6.909%,6116,1070653167.00,United States,,Industrial Machinery/Components,Miscellaneous,/market-activity/stocks/eosew,NASDAQ
EPOW,E-Power Inc. Class A Ordinary Shares,$0.4698,-0.0302,-6.04%,1634004,25983637.00,China,2021,Industrial Machinery/Components,Miscellaneous,/market-activity/stocks/epow,NASDAQ
EPRX,Eupraxia Pharmaceuticals Inc. Common Stock,$6.46,-0.215,-3.221%,370702,425756843.00,Canada,,Pharmaceuticals and Biotechnology,Health Care,/market-activity/stocks/eprx,NASDAQ
EPSM,Epsium Enterprise Limited Class A Ordinary Shares,$1.54,0.05,3.356%,10372,20694572.00,Macau,2025,Beverages (Production/Distribution),Consumer Staples,/market-activity/stocks/epsm,NASDAQ
EPSN,Epsilon Energy Ltd. Common Share,$6.23,0.21,3.488%,181865,188667943.00,United States,,Oil & Gas Production,Energy,/market-activity/stocks/epsn,NASDAQ
EQ,Equillium Inc. Common Stock,$2.27,-0.12,-5.021%,288983,143936346.00,United States,2018,Biotechnology: Pharmaceutical Preparations,Health Care,/market-activity/stocks/eq,NASDAQ
EQIX,Equinix Inc. Common Stock REIT,$1046.72,2.31,0.221%,739240,103281627170.00,United States,2000,Real Estate Investment Trusts,Real Estate,/market-activity/stocks/eqix,NASDAQ
EQPT,EquipmentShare.com Inc Class A Common Stock,$17.61,-0.10,-0.565%,2274987,4461950708.00,United States,2026,Diversified Commercial Services,Consumer Discretionary,/market-activity/stocks/eqpt,NASDAQ
ERAS,Erasca Inc. Common Stock,$17.88,-0.15,-0.832%,4766140,6253745186.00,United States,2021,Biotechnology: Pharmaceutical Preparations,Health Care,/market-activity/stocks/eras,NASDAQ
ERIC,Ericsson American Depositary Shares,$10.09,0.14,1.407%,5597109,34016939006.00,Sweden,,Radio And Television Broadcasting And Communications Equipment,Technology,/market-activity/stocks/eric,NASDAQ
ERIE,Erie Indemnity Company Class A Common Stock,$255.56,-4.84,-1.859%,1993365,11804078218.00,United States,,Specialty Insurers,Finance,/market-activity/stocks/erie,NASDAQ
ERII,Energy Recovery Inc. Common Stock,$7.71,-0.06,-0.772%,3244448,393555986.00,United States,2008,Industrial Machinery/Components,Technology,/market-activity/stocks/erii,NASDAQ
ERNA,Ernexa Therapeutics Inc. Common Stock,$4.57,0.00,0.00%,9642,7460118.00,United States,,Biotechnology: Pharmaceutical Preparations,Health Care,/market-activity/stocks/erna,NASDAQ
ERNAW,Ernexa Therapeutics Inc. Warrants,$0.0447,-0.0143,-24.237%,66635,72969.00,United States,,Biotechnology: Pharmaceutical Preparations,Health Care,/market-activity/stocks/ernaw,NASDAQ
ESCA,Escalade Incorporated Common Stock,$20.16,-0.02,-0.099%,31125,277524052.00,United States,,Recreational Games/Products/Toys,Consumer Discretionary,/market-activity/stocks/esca,NASDAQ
ESEA,Euroseas Ltd. Common Stock (Marshall Islands),$76.83,0.20,0.261%,36482,542103337.00,Greece,,Marine Transportation,Consumer Discretionary,/market-activity/stocks/esea,NASDAQ
ESLA,Estrella Immunopharma Inc. Common Stock,$0.725,0.0199,2.822%,13122,31535951.00,United States,2021,Biotechnology: Biological Products (No Diagnostic Substances),Health Care,/market-activity/stocks/esla,NASDAQ
ESLAW,Estrella Immunopharma Inc. Warrant,$0.0775,0.00,0.00%,20,3371084.00,United States,2021,Biotechnology: Biological Products (No Diagnostic Substances),Health Care,/market-activity/stocks/eslaw,NASDAQ
ESLT,Elbit Systems Ltd. Ordinary Shares,$700.51,-8.17,-1.153%,61306,32579972656.00,Israel,,Military/Government/Technical,Industrials,/market-activity/stocks/eslt,NASDAQ
ESOA,Energy Services of America Corporation Common Stock,$11.65,0.15,1.304%,160055,217379459.00,United States,,Water Sewer Pipeline Comm & Power Line Construction,Industrials,/market-activity/stocks/esoa,NASDAQ
ESQ,Esquire Financial Holdings Inc. Common Stock,$111.72,-0.63,-0.561%,139170,1352324013.00,United States,2017,Commercial Banks,Finance,/market-activity/stocks/esq,NASDAQ
ESTA,Establishment Labs Holdings Inc. Common Shares,$69.33,-1.31,-1.854%,511689,2066165103.00,Costa Rica,2018,Industrial Specialties,Health Care,/market-activity/stocks/esta,NASDAQ
ETON,Eton Pharmaceuticals Inc. Common Stock,$60.44,0.66,1.104%,767968,1727564679.00,United States,2018,Biotechnology: Pharmaceutical Preparations,Health Care,/market-activity/stocks/eton,NASDAQ
ETOR,eToro Group Ltd. Class A Common Shares,$31.98,0.95,3.062%,919805,2575871729.00,Israel,2025,Investment Bankers/Brokers/Service,Finance,/market-activity/stocks/etor,NASDAQ
ETS,Elite Express Holding Inc. Class A Common Stock,$0.8356,0.0161,1.965%,4362,40707651.00,United States,2025,Trucking Freight/Courier Services,Industrials,/market-activity/stocks/ets,NASDAQ
EU,enCore Energy Corp. Common Shares,$1.25,-0.03,-2.344%,3300015,242851214.00,United States,,Other Metals and Minerals,Basic Materials,/market-activity/stocks/eu,NASDAQ
EUDA,EUDA Health Holdings Limited Ordinary Shares,$13.55,-1.0654,-7.29%,14182,40573104.00,Singapore,2021,Medical/Nursing Services,Health Care,/market-activity/stocks/euda,NASDAQ
EUDAW,EUDA Health Holdings Limited Warrant,$0.0299,0.002,7.168%,6016,89530.00,Singapore,2021,Medical/Nursing Services,Health Care,/market-activity/stocks/eudaw,NASDAQ
EURK,Eureka Acquisition Corp Class A Ordinary Share,$11.65,0.05,0.431%,1568,0.00,United States,2024,,,/market-activity/stocks/eurk,NASDAQ
EURKR,Eureka Acquisition Corp Right,$0.37,0.00,0.00%,12,0.00,United States,2024,Marine Transportation,Consumer Discretionary,/market-activity/stocks/eurkr,NASDAQ
EVAX,Evaxion A/S American Depositary Share,$3.00,-0.01,-0.332%,102014,25020645.00,Denmark,2021,Biotechnology: Biological Products (No Diagnostic Substances),Health Care,/market-activity/stocks/evax,NASDAQ
EVCM,EverCommerce Inc. Common Stock,$8.87,-0.33,-3.587%,123702,1567020732.00,United States,2021,Computer Software: Prepackaged Software,Technology,/market-activity/stocks/evcm,NASDAQ
EVER,EverQuote Inc. Class A Common Stock,$25.44,-0.22,-0.857%,345923,896499265.00,United States,2018,Computer Software: Programming Data Processing,Technology,/market-activity/stocks/ever,NASDAQ
EVGN,Evogene Ltd Ordinary Shares,$0.5365,-0.0131,-2.384%,161877,8477455.00,Israel,,Agricultural Chemicals,Industrials,/market-activity/stocks/evgn,NASDAQ
EVGO,EVgo Inc. Class A Common Stock,$1.34,-0.04,-2.899%,3943876,421451065.00,United States,,Automotive Aftermarket,Consumer Discretionary,/market-activity/stocks/evgo,NASDAQ
EVLV,Evolv Technologies Holdings Inc. Class A Common Stock,$5.21,-0.03,-0.573%,1471964,943667221.00,United States,2020,Computer peripheral equipment,Technology,/market-activity/stocks/evlv,NASDAQ
EVO,Evotec SE American Depositary Shares,$1.88,-0.03,-1.571%,65918,668820460.00,Germany,2021,Biotechnology: Pharmaceutical Preparations,Health Care,/market-activity/stocks/evo,NASDAQ
EVOX,Evolution Global Acquisition Corp Class A Ordinary Shares,$10.11,0.01,0.099%,1033,0.00,United States,2025,Blank Checks,Finance,/market-activity/stocks/evox,NASDAQ
EVOXU,Evolution Global Acquisition Corp Units,$10.2601,0.0001,0.001%,4109,0.00,United States,2025,Blank Checks,Finance,/market-activity/stocks/evoxu,NASDAQ
EVRG,Evergy Inc. Common Stock,$81.02,0.37,0.459%,2798172,18680552275.00,United States,,Power Generation,Utilities,/market-activity/stocks/evrg,NASDAQ
EWAV,East West Ave Acquisition Corp. Common Stock,$9.89,0.02,0.203%,68795,0.00,United States,2026,Blank Checks,Finance,/market-activity/stocks/ewav,NASDAQ
EWAVR,East West Ave Acquisition Corp. Rights,$0.16,0.0199,14.204%,25501,0.00,United States,2026,Blank Checks,Finance,/market-activity/stocks/ewavr,NASDAQ
EWAVU,East West Ave Acquisition Corp. Units,$10.02,0.02,0.20%,226,0.00,United States,2026,Blank Checks,Finance,/market-activity/stocks/ewavu,NASDAQ
EWBC,East West Bancorp Inc. Common Stock,$126.86,-2.58,-1.993%,1137893,17381324052.00,United States,,Major Banks,Finance,/market-activity/stocks/ewbc,NASDAQ
EWTX,Edgewise Therapeutics Inc. Common Stock,$41.77,-0.99,-2.315%,1085757,4536394468.00,United States,2021,Biotechnology: Pharmaceutical Preparations,Health Care,/market-activity/stocks/ewtx,NASDAQ
EXC,Exelon Corporation Common Stock,$43.72,-0.21,-0.478%,9488602,45130143437.00,United States,,Power Generation,Utilities,/market-activity/stocks/exc,NASDAQ
EXE,Expand Energy Corporation Common Stock,$98.16,0.00,0.00%,2085146,22724411928.00,United States,,Oil & Gas Production,Energy,/market-activity/stocks/exe,NASDAQ
EXEL,Exelixis Inc. Common Stock,$54.64,0.19,0.349%,2246347,13538791651.00,United States,2000,Biotechnology: Biological Products (No Diagnostic Substances),Health Care,/market-activity/stocks/exel,NASDAQ
EXFY,Expensify Inc. Class A Common Stock,$2.52,-0.06,-2.326%,381164,229790393.00,United States,2021,Computer Software: Prepackaged Software,Technology,/market-activity/stocks/exfy,NASDAQ
EXLS,ExlService Holdings Inc. Common Stock,$38.08,-0.32,-0.833%,2417934,5773403962.00,United States,2006,Business Services,Consumer Discretionary,/market-activity/stocks/exls,NASDAQ
EXOZ,eXoZymes Inc. Common Stock,$6.73,-0.4377,-6.107%,776,62463546.00,United States,2024,Biotechnology: Biological Products (No Diagnostic Substances),Health Care,/market-activity/stocks/exoz,NASDAQ
EXPE,Expedia Group Inc. Common Stock,$317.12,-12.32,-3.74%,1344208,36308936954.00,United States,,Transportation Services,Consumer Discretionary,/market-activity/stocks/expe,NASDAQ
EXPO,Exponent Inc. Common Stock,$71.01,-0.52,-0.727%,314258,3376247425.00,United States,,Professional Services,Consumer Discretionary,/market-activity/stocks/expo,NASDAQ
EXTR,Extreme Networks Inc. Common Stock,$22.49,-0.09,-0.399%,1131417,2934734786.00,United States,1999,Computer Communications Equipment,Telecommunications,/market-activity/stocks/extr,NASDAQ
EXYN,Exyn Technologies Inc. Common Stock,$3.15,-0.38,-10.765%,206110,25054965.00,United States,2026,Computer Software: Prepackaged Software,Technology,/market-activity/stocks/exyn,NASDAQ
EXYNW,Exyn Technologies Inc. Warrant,$0.58,0.00,0.00%,4798,4613295.00,United States,2026,Computer Software: Prepackaged Software,Technology,/market-activity/stocks/exynw,NASDAQ
EYE,National Vision Holdings Inc. Common Stock,$17.08,-0.30,-1.726%,2394577,1350503866.00,United States,2017,Ophthalmic Goods,Health Care,/market-activity/stocks/eye,NASDAQ
EYPT,EyePoint Inc. Common Stock,$4.50,0.02,0.446%,3506052,387954621.00,United States,,Biotechnology: Laboratory Analytical Instruments,Industrials,/market-activity/stocks/eypt,NASDAQ
EZGO,EZGO Technologies Ltd. Ordinary Shares,$0.8689,-0.0682,-7.278%,46458,2003596.00,China,2021,Motor Vehicles,Consumer Discretionary,/market-activity/stocks/ezgo,NASDAQ
EZPW,EZCORP Inc. Class A Non Voting Common Stock,$32.32,-0.68,-2.061%,797329,1985849945.00,United States,1991,Other Specialty Stores,Consumer Discretionary,/market-activity/stocks/ezpw,NASDAQ
EZRA,Reliance Global Group Inc. Common Stock,$2.88,0.17,6.273%,37113,4838216.00,United States,,Specialty Insurers,Finance,/market-activity/stocks/ezra,NASDAQ
FA,First Advantage Corporation Common Stock,$21.02,-0.02,-0.095%,1410151,3610262585.00,United States,2021,EDP Services,Technology,/market-activity/stocks/fa,NASDAQ
FABC,Fabric.AI Inc. Common Stock,$2.62,-0.07,-2.602%,270013,18349466.00,United States,,Telecommunications Equipment,Consumer Discretionary,/market-activity/stocks/fabc,NASDAQ
FAC,Factorial Energy Inc. Class A Common Stock,$5.00,0.09,1.833%,216860,535116225.00,United States,2025,Industrial Machinery/Components,Miscellaneous,/market-activity/stocks/fac,NASDAQ
FACT,FACT II Acquisition Corp. Class A Ordinary Shares,$10.70,0.01,0.094%,10064,0.00,United States,2024,,,/market-activity/stocks/fact,NASDAQ
FACWW,Factorial Energy Inc. Warrant,$0.6958,0.0648,10.269%,4294,74466774.00,United States,2025,Industrial Machinery/Components,Miscellaneous,/market-activity/stocks/facww,NASDAQ
FAMI,Farmmi Inc. Class A Ordinary Shares,$0.123,0.0186,17.816%,9088686,3938334.00,China,2018,Packaged Foods,Consumer Staples,/market-activity/stocks/fami,NASDAQ
FANG,Diamondback Energy Inc. Common Stock,$200.48,2.81,1.422%,3619137,56139282289.00,United States,2012,Oil & Gas Production,Energy,/market-activity/stocks/fang,NASDAQ
FAST,Fastenal Company Common Stock,$49.31,-0.47,-0.944%,7233574,56583105325.00,United States,1987,RETAIL: Building Materials,Consumer Discretionary,/market-activity/stocks/fast,NASDAQ
FATE,Fate Therapeutics Inc. Common Stock,$2.39,-0.04,-1.646%,549251,286371028.00,United States,2013,Biotechnology: Biological Products (No Diagnostic Substances),Health Care,/market-activity/stocks/fate,NASDAQ
FATN,FatPipe Inc. Common Stock,$6.07,-0.07,-1.14%,63507,85759801.00,United States,2025,Computer Software: Prepackaged Software,Technology,/market-activity/stocks/fatn,NASDAQ
FBDT,First Breach Inc. Common Stock,$0.705,0.0044,0.628%,1290216,32427053.00,United States,,Ordnance And Accessories,Industrials,/market-activity/stocks/fbdt,NASDAQ
FBGL,FBS Global Limited Ordinary Shares,$0.4001,-0.0086,-2.104%,19008,5350653.00,Singapore,2025,Homebuilding,Consumer Discretionary,/market-activity/stocks/fbgl,NASDAQ
FBIO,Fortress Biotech Inc. Common Stock,$2.735,-0.035,-1.264%,326281,91214966.00,United States,,Biotechnology: Pharmaceutical Preparations,Health Care,/market-activity/stocks/fbio,NASDAQ
FBIOP,Fortress Biotech Inc. 9.375% Series A Cumulative Redeemable Perpetual Preferred Stock,$18.73,0.12,0.645%,3044,624664099.00,United States,,Biotechnology: Pharmaceutical Preparations,Health Care,/market-activity/stocks/fbiop,NASDAQ
FBIZ,First Business Financial Services Inc. Common Stock,$69.87,-0.98,-1.383%,42353,584694518.00,United States,,Major Banks,Finance,/market-activity/stocks/fbiz,NASDAQ
FBLA,FB Bancorp Inc. Common Stock,$15.68,-0.06,-0.381%,87150,250067431.00,United States,2024,Banks,Finance,/market-activity/stocks/fbla,NASDAQ
FBLG,FibroBiologics Inc. Common Stock,$1.72,0.28,19.444%,498661,11452092.00,United States,,Biotechnology: Pharmaceutical Preparations,Health Care,/market-activity/stocks/fblg,NASDAQ
FBNC,First Bancorp Common Stock,$63.43,-0.56,-0.875%,143473,2624366838.00,United States,1987,Major Banks,Finance,/market-activity/stocks/fbnc,NASDAQ
FBYD,Falcon's Beyond Global Inc. Class A Common Stock,$8.94,-0.93,-9.422%,145514,1084057677.00,United States,,Services-Misc. Amusement & Recreation,Consumer Discretionary,/market-activity/stocks/fbyd,NASDAQ
FBYDW,Falcon's Beyond Global Inc. Warrants,$1.07,-0.34,-24.113%,2400,129747395.00,United States,,Services-Misc. Amusement & Recreation,Consumer Discretionary,/market-activity/stocks/fbydw,NASDAQ
FCAP,First Capital Inc. Common Stock,$62.13,-0.25,-0.401%,30307,207801551.00,United States,,Savings Institutions,Finance,/market-activity/stocks/fcap,NASDAQ
FCBC,First Community Bankshares Inc. (VA) Common Stock,$48.49,-0.43,-0.879%,72900,916961853.00,United States,,Major Banks,Finance,/market-activity/stocks/fcbc,NASDAQ
FCCO,First Community Corporation Common Stock,$33.10,-0.53,-1.576%,28880,311131096.00,United States,,Major Banks,Finance,/market-activity/stocks/fcco,NASDAQ
FCEL,FuelCell Energy Inc. Common Stock,$17.23,-0.53,-2.984%,9028847,1377610797.00,United States,,Industrial Machinery/Components,Energy,/market-activity/stocks/fcel,NASDAQ
FCFS,FirstCash Holdings Inc. Common Stock,$214.47,-4.74,-2.162%,359478,9301949946.00,United States,1991,Other Specialty Stores,Consumer Discretionary,/market-activity/stocks/fcfs,NASDAQ
FCHL,Fitness Champs Holdings Limited Common Stock,$1.04,0.02,1.961%,18694,1371492.00,Singapore,2025,Services-Misc. Amusement & Recreation,Consumer Discretionary,/market-activity/stocks/fchl,NASDAQ
FCNCA,First Citizens BancShares Inc. Class A Common Stock,$2164.40,-27.57,-1.258%,117029,24442828928.00,United States,,Major Banks,Finance,/market-activity/stocks/fcnca,NASDAQ
FCNCN,First Citizens BancShares Inc. Depositary Shares each representing a 1/40th interest in a share of 6.625% Non-Cumulative Perpetual Preferred Stock Series E,$24.85,0.164,0.664%,30803,280634032.00,United States,,Major Banks,Finance,/market-activity/stocks/fcncn,NASDAQ
FCNCO,First Citizens BancShares Inc. 5.625% Non-Cumulative Perpetual Preferred Stock Series C,$20.505,0.0866,0.424%,12917,231565426.00,United States,,Major Banks,Finance,/market-activity/stocks/fcnco,NASDAQ
FCNCP,First Citizens BancShares Inc. Depositary Shares,$19.79,0.3059,1.57%,33587,223490845.00,United States,,Major Banks,Finance,/market-activity/stocks/fcncp,NASDAQ
FCUV,Focus Universal Inc. Common Stock,$9.85,-0.59,-5.651%,262476,6922038.00,United States,,Industrial Machinery/Components,Industrials,/market-activity/stocks/fcuv,NASDAQ
FDBC,Fidelity D & D Bancorp Inc. Common Stock,$53.57,-0.13,-0.242%,5328,311161774.00,United States,,Major Banks,Finance,/market-activity/stocks/fdbc,NASDAQ
FDMM,Freedom Metals Acquisition Corp. Class A Ordinary Shares,$9.80,-0.04,-0.407%,507,0.00,United States,2026,Blank Checks,Finance,/market-activity/stocks/fdmm,NASDAQ
FDMMU,Freedom Metals Acquisition Corp. Units,$9.98,0.00,0.00%,181,0.00,United States,2026,Blank Checks,Finance,/market-activity/stocks/fdmmu,NASDAQ
FDMMW,Freedom Metals Acquisition Corp. Warrants,$0.37,-0.0003,-0.081%,117,0.00,United States,2026,Blank Checks,Finance,/market-activity/stocks/fdmmw,NASDAQ
FDMT,4D Molecular Therapeutics Inc. Common Stock,$14.11,-0.56,-3.817%,1404227,779495817.00,United States,2020,Biotechnology: Biological Products (No Diagnostic Substances),Health Care,/market-activity/stocks/fdmt,NASDAQ
FDSB,Fifth District Bancorp Inc. Common Stock,$18.27,0.02,0.11%,286,95655472.00,United States,2024,Savings Institutions,Finance,/market-activity/stocks/fdsb,NASDAQ
FDUS,Fidus Investment Corporation Common Stock,$19.80,0.10,0.508%,358694,751496407.00,United States,2011,Finance/Investors Services,Finance,/market-activity/stocks/fdus,NASDAQ
FEAM,5E Advanced Materials Inc. Common Stock,$1.60,-0.03,-1.84%,150387,66424357.00,United States,,Mining & Quarrying of Nonmetallic Minerals (No Fuels),Industrials,/market-activity/stocks/feam,NASDAQ
FEBO,Fenbo Holdings Limited Class A Ordinary Shares,$0.715,0.00,0.00%,506,7909688.00,Hong Kong,2023,Home Furnishings,Consumer Discretionary,/market-activity/stocks/febo,NASDAQ
FEED,ENvue Medical Inc. Common Stock,$0.3501,0.0056,1.626%,398359,3880724.00,United States,,Industrial Specialties,Health Care,/market-activity/stocks/feed,NASDAQ
FEIM,Frequency Electronics Inc. Common Stock,$60.25,-0.21,-0.347%,351563,660088396.00,United States,,Electrical Products,Industrials,/market-activity/stocks/feim,NASDAQ
FELE,Franklin Electric Co. Inc. Common Stock,$100.09,-0.47,-0.467%,126228,4425125432.00,United States,,Metal Fabrications,Consumer Discretionary,/market-activity/stocks/fele,NASDAQ
FEMY,Femasys Inc. Common Stock,$3.43,0.23,7.188%,231000,28726343.00,United States,2021,Medical/Dental Instruments,Health Care,/market-activity/stocks/femy,NASDAQ
FENC,Fennec Pharmaceuticals Inc. Common Stock,$12.35,0.08,0.652%,508605,432669900.00,United States,,Biotechnology: Biological Products (No Diagnostic Substances),Health Care,/market-activity/stocks/fenc,NASDAQ
FER,Ferrovial N.V. Ordinary Shares,$58.55,-0.18,-0.306%,1169322,42124251380.00,Netherlands,,Military/Government/Technical,Industrials,/market-activity/stocks/fer,NASDAQ
FERA,Fifth Era Acquisition Corp I Class A Ordinary Shares,$10.50,0.01,0.095%,20209,0.00,Cayman Islands,2025,,,/market-activity/stocks/fera,NASDAQ
FFAI,Faraday Future Intelligent Electric Inc. Class A Common Stock,$2.26,0.05,2.262%,830636,8712980.00,United States,2020,Auto Manufacturing,Industrials,/market-activity/stocks/ffai,NASDAQ
FFBC,First Financial Bancorp. Common Stock,$32.63,-0.19,-0.579%,768881,3425136512.00,United States,,Major Banks,Finance,/market-activity/stocks/ffbc,NASDAQ
FFIN,First Financial Bankshares Inc. Common Stock,$33.23,-0.16,-0.479%,605726,4762773058.00,United States,,Major Banks,Finance,/market-activity/stocks/ffin,NASDAQ
FFIV,F5 Inc. Common Stock,$407.13,12.89,3.27%,877881,23054624608.00,United States,1999,Computer Communications Equipment,Telecommunications,/market-activity/stocks/ffiv,NASDAQ
FGBI,First Guaranty Bancshares Inc. Common Stock,$8.49,-0.23,-2.638%,11134,140416908.00,United States,,Savings Institutions,Finance,/market-activity/stocks/fgbi,NASDAQ
FGBIP,First Guaranty Bancshares Inc. 6.75% Series A Fixed-Rate Non-Cumulative Perpetual Preferred Stock,$18.95,-0.07,-0.368%,455,313415831.00,United States,,Savings Institutions,Finance,/market-activity/stocks/fgbip,NASDAQ
FGI,FGI Industries Ltd. Ordinary Shares,$7.07,-0.30,-4.071%,25810,13654086.00,United States,2022,Industrial Specialties,Industrials,/market-activity/stocks/fgi,NASDAQ
FGII,FG Imperii Acquisition Corp. Class A Ordinary Shares,$10.00,-0.02,-0.20%,870,0.00,United States,2026,Blank Checks,Finance,/market-activity/stocks/fgii,NASDAQ
FGIIU,FG Imperii Acquisition Corp. Units,$10.05,0.00,0.00%,1,0.00,United States,2026,Blank Checks,Finance,/market-activity/stocks/fgiiu,NASDAQ
FGIIW,FG Imperii Acquisition Corp. Warrants,$0.1802,-0.0001,-0.055%,3541,0.00,United States,2026,Blank Checks,Finance,/market-activity/stocks/fgiiw,NASDAQ
FGIWW,FGI Industries Ltd. Warrant,$0.0531,0.00,0.00%,426,102550.00,United States,2022,Industrial Specialties,Industrials,/market-activity/stocks/fgiww,NASDAQ
FGL,Founder Group Limited Class A Ordinary Shares,$0.152,-0.0014,-0.913%,7728564,174140.00,Malaysia,2024,Engineering & Construction,Consumer Discretionary,/market-activity/stocks/fgl,NASDAQ
FGNX,FG Nexus Inc. Common Stock ,$8.15,0.02,0.246%,138756,41529857.00,United States,2014,Property-Casualty Insurers,Finance,/market-activity/stocks/fgnx,NASDAQ
FGNXP,FG Nexus Inc. 8.00% Cumulative Preferred Stock,$25.04,0.00,0.00%,435,127596028.00,United States,,Property-Casualty Insurers,Finance,/market-activity/stocks/fgnxp,NASDAQ
FHB,First Hawaiian Inc. Common Stock,$25.61,-0.18,-0.698%,1559728,3116241037.00,United States,2016,Major Banks,Finance,/market-activity/stocks/fhb,NASDAQ
FHTX,Foghorn Therapeutics Inc. Common Stock,$5.74,-0.26,-4.333%,304405,340871708.00,United States,2020,Biotechnology: Pharmaceutical Preparations,Health Care,/market-activity/stocks/fhtx,NASDAQ
FIBK,First Interstate BancSystem Inc. Common Stock (DE),$36.81,-0.23,-0.621%,792142,3508162584.00,United States,2010,Major Banks,Finance,/market-activity/stocks/fibk,NASDAQ
FIEE,FiEE Inc Common Stock,$3.98,-0.09,-2.211%,16936,33943820.00,United States,,Telecommunications Equipment,Utilities,/market-activity/stocks/fiee,NASDAQ
FIGR,Figure Technology Solutions Inc. Class A Common Stock,$36.69,0.64,1.775%,4839065,8232424124.00,U.S. Virgin Islands,2025,Finance: Consumer Services,Finance,/market-activity/stocks/figr,NASDAQ
FIGX,FIGX Capital Acquisition Corp. Class A Ordinary Share,$10.33,0.005,0.048%,13819,0.00,United States,2025,Blank Checks,Finance,/market-activity/stocks/figx,NASDAQ
FINW,FinWise Bancorp Common Stock,$13.905,-0.205,-1.453%,17836,193038665.00,United States,2021,Major Banks,Finance,/market-activity/stocks/finw,NASDAQ
FIP,FTAI Infrastructure Inc. Common Stock ,$3.48,-0.09,-2.521%,765073,411272445.00,United States,,Railroads,Industrials,/market-activity/stocks/fip,NASDAQ
FISI,Financial Institutions Inc. Common Stock,$40.52,-0.44,-1.074%,127607,798501707.00,United States,1999,Major Banks,Finance,/market-activity/stocks/fisi,NASDAQ
FISN,Deep Fission Inc. Common Stock,$6.71,0.15,2.287%,208408,395258844.00,United States,2026,Electric Utilities: Central,Utilities,/market-activity/stocks/fisn,NASDAQ
FISV,Fiserv Inc. Common Stock,$53.31,0.13,0.244%,9002015,28348483897.00,United States,1986,Business Services,Consumer Discretionary,/market-activity/stocks/fisv,NASDAQ
FIVE,Five Below Inc. Common Stock,$246.84,4.95,2.046%,1104836,13649104441.00,United States,2012,Department/Specialty Retail Stores,Consumer Discretionary,/market-activity/stocks/five,NASDAQ
FIVN,Five9 Inc. Common Stock,$34.56,0.51,1.498%,1383772,2582445231.00,United States,2014,EDP Services,Technology,/market-activity/stocks/fivn,NASDAQ
FIZZ,National Beverage Corp. Common Stock,$31.63,-0.95,-2.916%,390988,2960950786.00,United States,,Beverages (Production/Distribution),Consumer Staples,/market-activity/stocks/fizz,NASDAQ
FJDIU,ARC Group Securities Acquisition I Units,$9.98,0.00,0.00%,3551,0.00,United States,2026,,,/market-activity/stocks/fjdiu,NASDAQ
FKWL,Franklin Wireless Corp. Common Stock,$2.51,0.00,0.00%,20671,29578543.00,United States,,Telecommunications Equipment,Utilities,/market-activity/stocks/fkwl,NASDAQ
FLD,Fold Holdings Inc. Class A Common Stock,$0.4996,-0.0281,-5.325%,228077,27516563.00,United States,2025,Finance: Consumer Services,Finance,/market-activity/stocks/fld,NASDAQ
FLDDW,Fold Holdings Inc. Warrant,$0.0676,-0.0086,-11.286%,9971,3723218.00,United States,2025,Finance: Consumer Services,Finance,/market-activity/stocks/flddw,NASDAQ
FLEX,Flex Ltd. Ordinary Shares,$109.25,-1.25,-1.131%,2829687,40357275347.00,Singapore,1994,Electrical Products,Technology,/market-activity/stocks/flex,NASDAQ
FLGT,Fulgent Genetics Inc. Common Stock,$19.37,-0.24,-1.224%,407424,532971225.00,United States,2016,Medical Specialities,Health Care,/market-activity/stocks/flgt,NASDAQ
FLL,Full House Resorts Inc. Common Stock,$2.03,-0.03,-1.456%,133048,74388294.00,United States,,Hotels/Resorts,Consumer Discretionary,/market-activity/stocks/fll,NASDAQ
FLNA,Filana Therapeutics Inc. Common Stock,$0.898,-0.031,-3.337%,139774,43380491.00,United States,,Biotechnology: Pharmaceutical Preparations,Health Care,/market-activity/stocks/flna,NASDAQ
FLNC,Fluence Energy Inc. Class A Common Stock,$10.81,-0.07,-0.643%,4012635,1995486749.00,United States,2021,Industrial Machinery/Components,Miscellaneous,/market-activity/stocks/flnc,NASDAQ
FLNT,Fluent Inc. Common Stock,$3.44,-0.07,-1.994%,13510,108728376.00,United States,,Advertising,Consumer Discretionary,/market-activity/stocks/flnt,NASDAQ
FLUX,Flux Power Holdings Inc. Common Stock,$0.5733,-0.0501,-8.037%,211676,12395687.00,United States,,Industrial Machinery/Components,Miscellaneous,/market-activity/stocks/flux,NASDAQ
FLWS,1-800-FLOWERS.COM Inc. Common Stock,$3.65,-0.08,-2.145%,197984,233959463.00,United States,1999,Other Specialty Stores,Consumer Discretionary,/market-activity/stocks/flws,NASDAQ
FLX,BingEx Limited American Depositary Shares,$1.98,0.02,1.02%,209910,144797222.00,China,2024,Trucking Freight/Courier Services,Industrials,/market-activity/stocks/flx,NASDAQ
FLXS,Flexsteel Industries Inc. Common Stock,$79.54,-2.26,-2.763%,64373,325457079.00,United States,,Home Furnishings,Consumer Discretionary,/market-activity/stocks/flxs,NASDAQ
FLY,Firefly Aerospace Inc. Common Stock,$21.12,-0.14,-0.659%,2166495,3535586102.00,United States,2025,Military/Government/Technical,Industrials,/market-activity/stocks/fly,NASDAQ
FLYE,Fly-E Group Inc. Common Stock,$1.36,-0.35,-20.468%,22404,2220045.00,United States,2024,Aerospace,Industrials,/market-activity/stocks/flye,NASDAQ
FLYW,Flywire Corporation Voting Common Stock,$18.89,0.10,0.532%,1355468,2298302362.00,United States,2021,Business Services,Consumer Discretionary,/market-activity/stocks/flyw,NASDAQ
FMAC,Future Money Acquisition Corporation Ordinary Shares,$10.06,-0.02,-0.198%,519,0.00,United States,2026,Blank Checks,Finance,/market-activity/stocks/fmac,NASDAQ
FMAO,Farmers & Merchants Bancorp Inc. Common Stock,$33.95,-0.30,-0.876%,50107,467598850.00,United States,,Savings Institutions,Finance,/market-activity/stocks/fmao,NASDAQ
FMBH,First Mid Bancshares Inc. Common Stock,$49.76,-0.58,-1.152%,111444,1323711141.00,United States,,Major Banks,Finance,/market-activity/stocks/fmbh,NASDAQ
FMFC,Kandal M Venture Limited Class A Ordinary Shares,$0.2316,0.0035,1.534%,380557,4933080.00,Cambodia,2025,Apparel,Consumer Discretionary,/market-activity/stocks/fmfc,NASDAQ
FMNB,Farmers National Banc Corp. Common Stock,$15.61,-0.07,-0.446%,412573,924854599.00,United States,,Major Banks,Finance,/market-activity/stocks/fmnb,NASDAQ
FMST,Foremost Clean Energy Ltd. Common Shares,$1.13,0.02,1.802%,79377,19607922.00,Canada,,Other Metals and Minerals,Basic Materials,/market-activity/stocks/fmst,NASDAQ
FMSTW,Foremost Clean Energy Ltd. Warrant,$0.3299,-0.0601,-15.41%,1160,5724472.00,Canada,,Other Metals and Minerals,Basic Materials,/market-activity/stocks/fmstw,NASDAQ
FNGR,FingerMotion Inc. Common Stock,$0.223,-0.175,-43.97%,69360933,13672211.00,United States,,Computer Software: Prepackaged Software,Technology,/market-activity/stocks/fngr,NASDAQ
FNKO,Funko Inc. Class A Common Stock,$6.72,-0.38,-5.352%,1170621,376291548.00,United States,2017,Recreational Games/Products/Toys,Consumer Discretionary,/market-activity/stocks/fnko,NASDAQ
FNLC,First Bancorp Inc  (ME) Common Stock,$34.26,-0.50,-1.438%,21456,386532968.00,United States,,Major Banks,Finance,/market-activity/stocks/fnlc,NASDAQ
FNRN,First Northern Community Bancorp Common stock,$16.67,-0.45,-2.629%,45825,273309701.00,United States,,Savings Institutions,Finance,/market-activity/stocks/fnrn,NASDAQ
FNUC,Frontier Nuclear and Minerals Inc. Common Shares,$1.54,0.03,1.987%,326556,55284531.00,Canada,2021,Other Metals and Minerals,Basic Materials,/market-activity/stocks/fnuc,NASDAQ
FNWB,First Northwest Bancorp Common Stock,$11.26,-0.10,-0.88%,9898,107100785.00,United States,2015,Banks,Finance,/market-activity/stocks/fnwb,NASDAQ
FNWD,Finward Bancorp Common Stock,$43.03,-0.32,-0.738%,8752,186449076.00,United States,,Savings Institutions,Finance,/market-activity/stocks/fnwd,NASDAQ
FOCL,EDAP TMS S.A. American Depositary Shares,$4.27,-0.04,-0.928%,18654,160244347.00,France,,Biotechnology: Electromedical & Electrotherapeutic Apparatus,Health Care,/market-activity/stocks/focl,NASDAQ
FOFO,Hang Feng Technology Innovation Co. Ltd. Ordinary Shares,$2.435,0.115,4.957%,7258,18435575.00,Hong Kong,2025,Professional Services,Consumer Discretionary,/market-activity/stocks/fofo,NASDAQ
FORM,FormFactor Inc. FormFactor Inc. Common Stock,$100.61,-1.085,-1.067%,1124701,7859726142.00,United States,2003,Semiconductors,Technology,/market-activity/stocks/form,NASDAQ
FORR,Forrester Research Inc. Common Stock,$12.30,-0.08,-0.646%,91141,234179700.00,United States,1996,Diversified Commercial Services,Industrials,/market-activity/stocks/forr,NASDAQ
FORTY,Formula Systems (1985) Ltd. American Depositary Shares,$125.72,0.00,0.00%,280,1925737095.00,Israel,,EDP Services,Technology,/market-activity/stocks/forty,NASDAQ
FOSL,Fossil Group Inc. Common Stock,$4.97,-0.38,-7.103%,1085423,293916118.00,United States,1993,Consumer Specialties,Consumer Discretionary,/market-activity/stocks/fosl,NASDAQ
FOX,Fox Corporation Class B Common Stock,$60.22,-1.10,-1.794%,1871520,25271331973.00,United States,,Broadcasting,Industrials,/market-activity/stocks/fox,NASDAQ
FOXA,Fox Corporation Class A Common Stock,$67.35,-1.07,-1.564%,6165565,28263437535.00,United States,,Broadcasting,Industrials,/market-activity/stocks/foxa,NASDAQ
FOXF,Fox Factory Holding Corp. Common Stock,$20.43,-0.13,-0.632%,374885,858693350.00,United States,2013,Motor Vehicles,Consumer Discretionary,/market-activity/stocks/foxf,NASDAQ
FOXX,Foxx Development Holdings Inc. Common Stock,$2.65,-0.05,-1.852%,10303,18659159.00,United States,,Computer Communications Equipment,Telecommunications,/market-activity/stocks/foxx,NASDAQ
FOXXW,Foxx Development Holdings Inc. Warrant,$0.05,0.0058,13.122%,6300,352060.00,United States,,Computer Communications Equipment,Telecommunications,/market-activity/stocks/foxxw,NASDAQ
FRAF,Franklin Financial Services Corporation Common Stock,$61.95,-0.11,-0.177%,19425,278749105.00,United States,,Major Banks,Finance,/market-activity/stocks/fraf,NASDAQ
FRBA,First Bank Common Stock,$17.80,-0.09,-0.503%,80216,447392373.00,United States,2013,Major Banks,Finance,/market-activity/stocks/frba,NASDAQ
FRBT,Forbright Inc. Class A Common Stock,$18.26,-0.19,-1.03%,85037,926957579.00,United States,2026,Major Banks,Finance,/market-activity/stocks/frbt,NASDAQ
FRD,Friedman Industries Inc. Common Stock,$43.25,-0.47,-1.075%,45782,311953211.00,United States,,Steel/Iron Ore,Industrials,/market-activity/stocks/frd,NASDAQ
FRGT,Freight Technologies Inc. Ordinary Shares,$1.34,-0.11,-7.586%,48721,766648.00,United States,2017,Integrated Freight & Logistics,Industrials,/market-activity/stocks/frgt,NASDAQ
FRHC,Freedom Holding Corp. Common Stock,$175.01,0.16,0.092%,215382,11163479427.00,Kazakhstan,,Investment Bankers/Brokers/Service,Finance,/market-activity/stocks/frhc,NASDAQ
FRME,First Merchants Corporation Common Stock,$41.47,-0.46,-1.097%,363631,2604375012.00,United States,,Major Banks,Finance,/market-activity/stocks/frme,NASDAQ
FRMEP,First Merchants Corporation Depository Shares,$25.25,0.00,0.00%,70,1585735931.00,United States,,Major Banks,Finance,/market-activity/stocks/frmep,NASDAQ
FRMI,Fermi Inc. Common Stock,$4.97,-0.03,-0.60%,16449636,3183122720.00,United States,2025,Real Estate Investment Trusts,Real Estate,/market-activity/stocks/frmi,NASDAQ
FRMM,Forum Markets Incorporated Common Stock,$5.67,-0.19,-3.242%,64746,74838035.00,United States,2017,Finance: Consumer Services,Finance,/market-activity/stocks/frmm,NASDAQ
FRNM,Freenome Inc. Common stock,$14.79,0.00,0.00%,770279,1589138379.00,United States,,Medical Specialities,Health Care,/market-activity/stocks/frnm,NASDAQ
FROG,JFrog Ltd. Ordinary Shares,$100.07,1.33,1.347%,2192008,12338762192.00,United States,2020,Computer Software: Prepackaged Software,Technology,/market-activity/stocks/frog,NASDAQ
FRPH,FRP Holdings Inc. Common Stock,$22.14,-0.04,-0.18%,105707,425050384.00,United States,,Real Estate,Finance,/market-activity/stocks/frph,NASDAQ
FRPT,Freshpet Inc. Common Stock,$69.86,-0.96,-1.356%,1430344,3357337050.00,United States,2014,Packaged Foods,Consumer Staples,/market-activity/stocks/frpt,NASDAQ
FRSH,Freshworks Inc. Class A Common Stock,$13.92,0.06,0.433%,4367860,3632017146.00,United States,2021,Computer Software: Prepackaged Software,Technology,/market-activity/stocks/frsh,NASDAQ
FRST,Primis Financial Corp. Common Stock,$15.90,-0.12,-0.749%,101733,394305245.00,United States,2006,Major Banks,Finance,/market-activity/stocks/frst,NASDAQ
FRSX,Foresight Autonomous Holdings Ltd. American Depositary Shares,$1.1001,-0.0199,-1.777%,35746,3278641.00,Israel,,Computer Software: Prepackaged Software,Technology,/market-activity/stocks/frsx,NASDAQ
FRTT,Fort Technology Inc. Common Shares,$0.9237,-0.0202,-2.14%,122935,13894833.00,Canada,,Agricultural Chemicals,Industrials,/market-activity/stocks/frtt,NASDAQ
FRVO,Fervo Energy Company Class A common stock,$15.38,0.61,4.13%,4505525,4533458001.00,United States,2026,Electric Utilities: Central,Utilities,/market-activity/stocks/frvo,NASDAQ
FSBC,Five Star Bancorp Common Stock,$45.82,0.20,0.438%,241845,1124267653.00,United States,2021,Major Banks,Finance,/market-activity/stocks/fsbc,NASDAQ
FSBW,FS Bancorp Inc. Common Stock,$42.30,-0.55,-1.284%,24480,332568860.00,United States,2012,Banks,Finance,/market-activity/stocks/fsbw,NASDAQ
FSEA,First Seacoast Bancorp Inc. Common Stock,$17.19,0.0057,0.033%,5219,80869066.00,United States,2019,Savings Institutions,Finance,/market-activity/stocks/fsea,NASDAQ
FSHP,Flag Ship Acquisition Corp. Ordinary Shares,$11.54,0.30,2.669%,786,0.00,United States,2024,,,/market-activity/stocks/fshp,NASDAQ
FSHPR,Flag Ship Acquisition Corp. Right,$0.0501,0.00,0.00%,243,0.00,United States,2024,,,/market-activity/stocks/fshpr,NASDAQ
FSLR,First Solar Inc. Common Stock,$201.90,-2.56,-1.252%,2790197,21698150197.00,United States,2006,Semiconductors,Technology,/market-activity/stocks/fslr,NASDAQ
FSLY,Fastly Inc. Class A Common Stock,$22.79,-0.25,-1.085%,3996652,3630447000.00,United States,,Computer Software: Prepackaged Software,Technology,/market-activity/stocks/fsly,NASDAQ
FSTR,L.B. Foster Company Common Stock,$37.51,0.15,0.401%,50700,394596310.00,United States,,Metal Fabrications,Industrials,/market-activity/stocks/fstr,NASDAQ
FSUN,FirstSun Capital Bancorp Common Stock,$40.01,-0.06,-0.15%,297126,1863824760.00,United States,,Major Banks,Finance,/market-activity/stocks/fsun,NASDAQ
FSV,FirstService Corporation Common Shares,$139.34,-2.20,-1.554%,616325,6084945752.00,Canada,,Real Estate,Finance,/market-activity/stocks/fsv,NASDAQ
FTAI,FTAI Aviation Ltd. Common Stock,$190.10,-4.88,-2.503%,1973455,19524617999.00,United States,,Misc Corporate Leasing Services,Industrials,/market-activity/stocks/ftai,NASDAQ
FTAIM,FTAI Aviation Ltd. 9.500% Fixed-Rate Reset Series D Cumulative Perpetual Redeemable Preferred Shares,$27.5471,0.0021,0.008%,593,2829282506.00,United States,,Misc Corporate Leasing Services,Industrials,/market-activity/stocks/ftaim,NASDAQ
FTCI,FTC Solar Inc. Common Stock,$2.35,-0.20,-7.843%,292001,38825281.00,United States,2021,Semiconductors,Technology,/market-activity/stocks/ftci,NASDAQ
FTDR,Frontdoor Inc. Common Stock,$80.87,-2.02,-2.437%,462272,5571402465.00,United States,,Diversified Commercial Services,Consumer Discretionary,/market-activity/stocks/ftdr,NASDAQ
FTEK,Fuel Tech Inc. Common Stock,$1.42,-0.06,-4.054%,157554,44327840.00,United States,,Pollution Control Equipment,Industrials,/market-activity/stocks/ftek,NASDAQ
FTFT,Future FinTech Group Inc. Common Stock,$1.95,-0.2688,-12.115%,1170981,18281250.00,China,,Business Services,Consumer Discretionary,/market-activity/stocks/ftft,NASDAQ
FTH,Faeth Therapeutics Inc. Common Stock,$32.77,-1.07,-3.162%,173105,846790727.00,United States,2021,Biotechnology: Pharmaceutical Preparations,Health Care,/market-activity/stocks/fth,NASDAQ
FTHA,Forefront Tech Holdings Acquisition Corp Class A Ordinary Shares,$9.97,0.00,0.00%,6,0.00,Cayman Islands,2026,Blank Checks,Finance,/market-activity/stocks/ftha,NASDAQ
FTHAU,Forefront Tech Holdings Acquisition Corp Unit,$10.08,-0.12,-1.176%,507,0.00,Cayman Islands,2026,Blank Checks,Finance,/market-activity/stocks/fthau,NASDAQ
FTHAW,Forefront Tech Holdings Acquisition Corp Warrant,$0.30,0.00,0.00%,2635,0.00,Cayman Islands,2026,Blank Checks,Finance,/market-activity/stocks/fthaw,NASDAQ
FTHM,Fathom Holdings Inc. Common Stock,$0.676,-0.0058,-0.851%,58919,23124093.00,United States,2020,Real Estate,Finance,/market-activity/stocks/fthm,NASDAQ
FTLF,FitLife Brands Inc. Common Stock,$10.05,0.2642,2.70%,21421,94380274.00,United States,, Medicinal Chemicals and Botanical Products ,Health Care,/market-activity/stocks/ftlf,NASDAQ
FTNT,Fortinet Inc. Common Stock,$170.93,4.93,2.97%,6596867,125413674707.00,United States,2009,Computer peripheral equipment,Technology,/market-activity/stocks/ftnt,NASDAQ
FTRE,Fortrea Holdings Inc. Common Stock,$18.37,-0.44,-2.339%,1510171,1746987000.00,United States,,Medical Specialities,Health Care,/market-activity/stocks/ftre,NASDAQ
FUFU,BitFuFu Inc. Class A Ordinary Shares,$1.33,-0.01,-0.746%,129444,221649285.00,Singapore,,Finance: Consumer Services,Finance,/market-activity/stocks/fufu,NASDAQ
FUFUW,BitFuFu Inc. Warrant,$0.153,0.02,15.038%,1304,25498000.00,Singapore,,Finance: Consumer Services,Finance,/market-activity/stocks/fufuw,NASDAQ
FULC,Fulcrum Therapeutics Inc. Common Stock,$3.89,0.04,1.039%,1798218,296796330.00,United States,2019,Biotechnology: Pharmaceutical Preparations,Health Care,/market-activity/stocks/fulc,NASDAQ
FULT,Fulton Financial Corporation Common Stock,$23.46,-0.215,-0.908%,1343560,4478855648.00,United States,,Major Banks,Finance,/market-activity/stocks/fult,NASDAQ
FULTP,Fulton Financial Corporation Depositary Shares Each Representing a 1/40th Interest in a Share of Fixed Rate Non-Cumulative Perpetual Preferred Stock Series A,$17.78,-0.10,-0.559%,6627,3394460930.00,United States,,Major Banks,Finance,/market-activity/stocks/fultp,NASDAQ
FUNC,First United Corporation Common Stock,$42.90,-0.26,-0.602%,10061,276869564.00,United States,,Major Banks,Finance,/market-activity/stocks/func,NASDAQ
FUND,Sprott Focus Trust Inc. Common Stock,$10.62,-0.08,-0.748%,27686,314708375.00,United States,,Investment Managers,Finance,/market-activity/stocks/fund,NASDAQ
FUSB,First US Bancshares Inc. Common Stock,$16.40,0.02,0.122%,5662,90277228.00,United States,,Major Banks,Finance,/market-activity/stocks/fusb,NASDAQ
FUSE,Fusemachines Inc. Common stock,$0.6901,-0.0069,-0.99%,43060,20002757.00,United States,,EDP Services,Technology,/market-activity/stocks/fuse,NASDAQ
FUSEW,Fusemachines Inc. Warrants,$0.0602,0.00,0.00%,7,1744915.00,United States,,EDP Services,Technology,/market-activity/stocks/fusew,NASDAQ
FUTU,Futu Holdings Limited American Depositary Shares,$122.14,-2.12,-1.706%,1310749,17120073962.00,Hong Kong,2019,Investment Bankers/Brokers/Service,Finance,/market-activity/stocks/futu,NASDAQ
FVAV,Fortress Value Acquisition Corp. V Class A Ordinary Shares,$10.21,0.00,0.00%,3426,0.00,United States,2026,,,/market-activity/stocks/fvav,NASDAQ
FVCB,FVCBankcorp Inc. Common Stock,$18.26,-0.01,-0.055%,62924,329304583.00,United States,,Major Banks,Finance,/market-activity/stocks/fvcb,NASDAQ
FVN,Future Vision II Acquisition Corporation Ordinary shares,$10.41,-0.40,-3.70%,89491,0.00,China,2024,,,/market-activity/stocks/fvn,NASDAQ
FVNNR,Future Vision II Acquisition Corporation Right,$0.23,0.01,4.545%,236,0.00,China,2024,Blank Checks,Finance,/market-activity/stocks/fvnnr,NASDAQ
FVNNU,Future Vision II Acquisition Corporation Units,$11.20,0.00,0.00%,200,0.00,China,2024,,,/market-activity/stocks/fvnnu,NASDAQ
FWAC,Futurewave Acquisition Corporation Ordinary Shares,$9.91,0.00,0.00%,284,0.00,United States,2026,,,/market-activity/stocks/fwac,NASDAQ
FWACR,Futurewave Acquisition Corporation Rights,$0.1698,-0.0202,-10.632%,88357,0.00,United States,2026,,,/market-activity/stocks/fwacr,NASDAQ
FWACU,Futurewave Acquisition Corporation Units,$10.24,0.00,0.00%,2,0.00,United States,2026,,,/market-activity/stocks/fwacu,NASDAQ
FWDI,Forward Industries Inc. Common Stock,$6.34,0.45,7.64%,2206332,468189238.00,United States,,Finance: Consumer Services,Finance,/market-activity/stocks/fwdi,NASDAQ
FWONA,Liberty Media Corporation Series A Liberty Formula One Common Stock,$92.06,-1.36,-1.456%,126123,23080223129.00,United States,,Broadcasting,Industrials,/market-activity/stocks/fwona,NASDAQ
FWONK,Liberty Media Corporation Series C Liberty Formula One Common Stock,$99.95,-1.85,-1.817%,2159679,25058313076.00,United States,,Broadcasting,Industrials,/market-activity/stocks/fwonk,NASDAQ
FWRD,Forward Air Corporation Common Stock,$17.00,0.01,0.059%,1332327,574274654.00,United States,,Integrated Freight & Logistics,Industrials,/market-activity/stocks/fwrd,NASDAQ
FWRG,First Watch Restaurant Group Inc. Common Stock,$12.68,0.17,1.359%,828222,782513676.00,United States,2021,Restaurants,Consumer Discretionary,/market-activity/stocks/fwrg,NASDAQ
FXAC,FortuneX Acquisition Corporation Ordinary shares,$10.06,-0.02,-0.198%,2441,0.00,United States,2026,Blank Checks,Finance,/market-activity/stocks/fxac,NASDAQ
FXACU,FortuneX Acquisition Corporation Units,$10.20,0.01,0.098%,161,0.00,United States,2026,Blank Checks,Finance,/market-activity/stocks/fxacu,NASDAQ
FXHO,UTime Limited Class A Ordinary Shares,$12.32,1.94,18.69%,161429,323724398.00,China,2021,Consumer Electronics/Appliances,Technology,/market-activity/stocks/fxho,NASDAQ
FXNC,First National Corporation Common Stock,$30.55,-0.22,-0.715%,32736,276252316.00,United States,,Major Banks,Finance,/market-activity/stocks/fxnc,NASDAQ
GABC,German American Bancorp Inc. Common Stock,$49.32,-0.60,-1.202%,97744,1853386811.00,United States,,Major Banks,Finance,/market-activity/stocks/gabc,NASDAQ
GAIA,Gaia Inc. Class A Common Stock,$1.56,0.01,0.645%,59847,39664237.00,United States,1999,Movies/Entertainment,Consumer Discretionary,/market-activity/stocks/gaia,NASDAQ
GAIN,Gladstone Investment Corporation Business Development Company,$16.56,0.13,0.791%,224998,659451774.00,United States,2005,Finance: Consumer Services,Finance,/market-activity/stocks/gain,NASDAQ
GAING,Gladstone Investment Corporation 7.125% Notes due 2031,$25.12,0.02,0.08%,7819,0.00,United States,,Finance: Consumer Services,Finance,/market-activity/stocks/gaing,NASDAQ
GAINI,Gladstone Investment Corporation 7.875% Notes due 2030,$25.44,-0.1599,-0.625%,9178,0.00,United States,,Finance: Consumer Services,Finance,/market-activity/stocks/gaini,NASDAQ
GAINZ,Gladstone Investment Corporation 4.875% Notes due 2028,$24.17,-0.13,-0.535%,679884,923758789.00,United States,,Finance: Consumer Services,Finance,/market-activity/stocks/gainz,NASDAQ
GALT,Galectin Therapeutics Inc. Common Stock,$3.95,-0.07,-1.741%,229706,398356094.00,United States,,Biotechnology: Pharmaceutical Preparations,Health Care,/market-activity/stocks/galt,NASDAQ
GAME,GameSquare Holdings Inc. Common Stock,$2.85,-0.15,-5.00%,111378,36434352.00,United States,,Services-Misc. Amusement & Recreation,Consumer Discretionary,/market-activity/stocks/game,NASDAQ
GANX,Gain Therapeutics Inc. Common Stock,$1.80,0.03,1.695%,259702,78558514.00,United States,2021,Biotechnology: Pharmaceutical Preparations,Health Care,/market-activity/stocks/ganx,NASDAQ
GASS,StealthGas Inc. Common Stock,$9.56,0.07,0.738%,95753,355495158.00,Greece,2005,Marine Transportation,Consumer Discretionary,/market-activity/stocks/gass,NASDAQ
GAUZ,Gauzy Ltd. Ordinary Shares,$0.383,-0.0083,-2.121%,180417,8804263.00,Israel,2024,Industrial Machinery/Components,Miscellaneous,/market-activity/stocks/gauz,NASDAQ
GBDC,Golub Capital BDC Inc. Common Stock,$13.16,0.13,0.998%,892295,3417014911.00,United States,2010,Finance: Consumer Services,Finance,/market-activity/stocks/gbdc,NASDAQ
GBFH,GBank Financial Holdings Inc. Common Stock,$19.57,-0.53,-2.637%,55976,284087063.00,United States,,Major Banks,Finance,/market-activity/stocks/gbfh,NASDAQ
GBLI,Global Indemnity Group LLC Class A Common Stock ,$29.57,-0.05,-0.169%,11080,432922956.00,United States,,Property-Casualty Insurers,Finance,/market-activity/stocks/gbli,NASDAQ
GCBC,Greene County Bancorp Inc. Common Stock,$34.39,-0.47,-1.348%,20540,585506429.00,United States,,Banks,Finance,/market-activity/stocks/gcbc,NASDAQ
GCGR,General Catalyst Global Resilience Merger Corp. Class A Ordinary Shares,$10.18,0.00,0.00%,59,0.00,United States,2026,,,/market-activity/stocks/gcgr,NASDAQ
GCGRW,General Catalyst Global Resilience Merger Corp. Warrants,$0.72,0.005,0.699%,225,0.00,United States,2026,,,/market-activity/stocks/gcgrw,NASDAQ
GCL,GCL Global Holdings Ltd Ordinary Shares,$0.5063,-0.1804,-26.271%,764550,65887569.00,Singapore,,Computer Software: Prepackaged Software,Technology,/market-activity/stocks/gcl,NASDAQ
GCLWW,GCL Global Holdings Ltd Warrants,$0.0255,0.00,0.00%,141,3318454.00,Singapore,,Computer Software: Prepackaged Software,Technology,/market-activity/stocks/gclww,NASDAQ
GCMG,GCM Grosvenor Inc. Class A Common Stock,$13.79,0.07,0.51%,473178,2796503059.00,United States,,Investment Managers,Finance,/market-activity/stocks/gcmg,NASDAQ
GCT,GigaCloud Technology Inc Class A Ordinary Shares,$48.53,-4.42,-8.347%,820077,1733017802.00,United States,2022,Catalog/Specialty Distribution,Consumer Discretionary,/market-activity/stocks/gct,NASDAQ
GCTK,GlucoTrack Inc. Common Stock,$4.25,0.02,0.473%,153751,50881667.00,United States,,Medical/Dental Instruments,Health Care,/market-activity/stocks/gctk,NASDAQ
GDC,GD Culture Group Limited Common Stock,$1.53,0.00,0.00%,190045,6368625.00,United States,2015,Steel/Iron Ore,Industrials,/market-activity/stocks/gdc,NASDAQ
GDEV,GDEV Inc. Ordinary Shares,$11.60,0.7299,6.715%,2706,210545672.00,Cyprus,,EDP Services,Technology,/market-activity/stocks/gdev,NASDAQ
GDHG,Golden Heaven Group Holdings Ltd. Class A Ordinary Shares,$1.30,-0.01,-0.763%,70239,61265282.00,China,2023,Services-Misc. Amusement & Recreation,Consumer Discretionary,/market-activity/stocks/gdhg,NASDAQ
GDRX,GoodRx Holdings Inc. Class A Common Stock,$3.49,-0.04,-1.133%,1055491,1190597404.00,United States,2020,EDP Services,Technology,/market-activity/stocks/gdrx,NASDAQ
GDS,GDS Holdings Limited ADS,$31.85,-1.56,-4.669%,1432467,6382026974.00,China,2016,Computer Software: Programming Data Processing,Technology,/market-activity/stocks/gds,NASDAQ
GDTC,CytoMed Therapeutics Limited Ordinary Shares,$0.9087,-0.0113,-1.228%,11872,10748499.00,Singapore,2023,Biotechnology: Pharmaceutical Preparations,Health Care,/market-activity/stocks/gdtc,NASDAQ
GDYN,Grid Dynamics Holdings Inc. Class A Common Stock,$7.98,0.01,0.125%,960816,647392510.00,United States,2018,Computer Software: Prepackaged Software,Technology,/market-activity/stocks/gdyn,NASDAQ
GECC,Great Elm Capital Corp. Common Stock,$6.115,-0.015,-0.245%,94819,84935821.00,United States,,Finance: Consumer Services,Finance,/market-activity/stocks/gecc,NASDAQ
GECCG,Great Elm Capital Corp. 7.75% Notes Due 2030,$24.76,0.00,0.00%,382,0.00,United States,,Finance: Consumer Services,Finance,/market-activity/stocks/geccg,NASDAQ
GECCH,Great Elm Capital Corp. 8.125% Notes Due 2029,$25.32,0.00,0.00%,47,0.00,United States,,,,/market-activity/stocks/gecch,NASDAQ
GECCI,Great Elm Capital Corp. 8.50% NOTES DUE 2029,$25.29,0.03,0.119%,6589,0.00,United States,,Finance Companies,Finance,/market-activity/stocks/gecci,NASDAQ
GEG,Great Elm Group Inc. Common Stock,$2.20,0.04,1.852%,12609,68408758.00,United States,,Computer Software: Prepackaged Software,Technology,/market-activity/stocks/geg,NASDAQ
GEGGL,Great Elm Group Inc.  7.25% Notes due 2027,$24.8099,0.00,0.00%,20,719407386.00,United States,,Computer Software: Prepackaged Software,Technology,/market-activity/stocks/geggl,NASDAQ
GEHC,GE HealthCare Technologies Inc. Common Stock ,$71.23,-0.495,-0.69%,3386217,32173611730.00,United States,,Medical Electronics,Health Care,/market-activity/stocks/gehc,NASDAQ
GELS,Gelteq Limited Ordinary Shares,$0.5457,-0.0098,-1.764%,4270,5845025.00,Australia,2024,Biotechnology: Pharmaceutical Preparations,Health Care,/market-activity/stocks/gels,NASDAQ
GEMI,Gemini Space Station Inc. Class A Common Stock,$4.50,0.20,4.651%,1775183,583434909.00,United States,2025,Finance: Consumer Services,Finance,/market-activity/stocks/gemi,NASDAQ
GEN,Gen Digital Inc. Common Stock,$31.00,-0.02,-0.064%,7950853,18556197992.00,United States,,Computer Software: Prepackaged Software,Technology,/market-activity/stocks/gen,NASDAQ
GENB,Generate Biomedicines Inc. Common Stock,$15.27,-0.06,-0.391%,1552111,1959941698.00,United States,2026,Biotechnology: Pharmaceutical Preparations,Health Care,/market-activity/stocks/genb,NASDAQ
GENK,GEN Restaurant Group Inc. Class A Common Stock,$1.91,0.00,0.00%,28418,62962420.00,United States,2023,Restaurants,Consumer Discretionary,/market-activity/stocks/genk,NASDAQ
GENVR,Gen Digital Inc. Contingent Value Rights,$5.20,0.00,0.00%,169215,3112652566.00,United States,,Computer Software: Prepackaged Software,Technology,/market-activity/stocks/genvr,NASDAQ
GEOS,Geospace Technologies Corporation Common Stock (Texas),$5.27,-0.01,-0.189%,82179,68170628.00,United States,,Industrial Machinery/Components,Industrials,/market-activity/stocks/geos,NASDAQ
GERN,Geron Corporation Common Stock,$1.49,-0.02,-1.325%,7244110,957285379.00,United States,1996,Biotechnology: Pharmaceutical Preparations,Health Care,/market-activity/stocks/gern,NASDAQ
GEVO,Gevo Inc. Common Stock,$1.66,-0.01,-0.599%,1927398,410413593.00,United States,2011,Major Chemicals,Industrials,/market-activity/stocks/gevo,NASDAQ
GFAI,Guardforce AI Co. Limited Ordinary Shares,$0.3775,-0.0026,-0.684%,54569,11850985.00,Singapore,,Diversified Commercial Services,Consumer Discretionary,/market-activity/stocks/gfai,NASDAQ
GFAIW,Guardforce AI Co. Limited Warrant,$0.0025,-0.0023,-47.917%,45358,78483.00,Singapore,,Diversified Commercial Services,Consumer Discretionary,/market-activity/stocks/gfaiw,NASDAQ
GFS,GlobalFoundries Inc. Ordinary Shares,$44.69,-0.07,-0.156%,3384007,24866287171.00,United States,2021,Semiconductors,Technology,/market-activity/stocks/gfs,NASDAQ
GFUZ,General Fusion Group Ltd. Common Shares,$8.10,1.07,15.22%,515987,514712815.00,United States,2025,Electric Utilities: Central,Utilities,/market-activity/stocks/gfuz,NASDAQ
GFUZW,General Fusion Group Ltd. Warrant,$1.36,0.06,4.615%,59277,86420917.00,United States,2025,Electric Utilities: Central,Utilities,/market-activity/stocks/gfuzw,NASDAQ
GGAL,Grupo Financiero Galicia S.A. American Depositary Shares,$43.75,1.51,3.575%,1094887,7027360069.00,Argentina,,Commercial Banks,Finance,/market-activity/stocks/ggal,NASDAQ
GGR,Gogoro Inc. Ordinary Shares,$2.71,0.34,14.346%,21753,40036220.00,Taiwan,,Auto Manufacturing,Industrials,/market-activity/stocks/ggr,NASDAQ
GH,Guardant Health Inc. Common Stock,$159.02,-2.48,-1.536%,1857072,21339874953.00,United States,2018,Medical Specialities,Health Care,/market-activity/stocks/gh,NASDAQ
GHRS,GH Research PLC Ordinary Shares,$26.98,-0.96,-3.436%,149211,1849672555.00,Ireland,2021,Biotechnology: Pharmaceutical Preparations,Health Care,/market-activity/stocks/ghrs,NASDAQ
GHXI,Gores Holdings XI Inc. Class A Ordinary Shares,$9.99,0.02,0.201%,555,0.00,United States,2026,,,/market-activity/stocks/ghxi,NASDAQ
GHXIU,Gores Holdings XI Inc. Units,$10.145,-0.005,-0.049%,141,0.00,United States,2026,,,/market-activity/stocks/ghxiu,NASDAQ
GHXIW,Gores Holdings XI Inc. Warrant,$0.64,-0.0099,-1.523%,1331,0.00,United States,2026,,,/market-activity/stocks/ghxiw,NASDAQ
GIBO,GIBO Holdings Limited Class A Ordinary Shares,$31.53,0.00,0.00%,375,82126349.00,Hong Kong,,Computer Software: Prepackaged Software,Technology,/market-activity/stocks/gibo,NASDAQ
GIFT,Giftify Inc. Common Stock,$0.815,-0.0125,-1.511%,1576,28871518.00,United States,,Catalog/Specialty Distribution,Consumer Discretionary,/market-activity/stocks/gift,NASDAQ
GIGM,GigaMedia Limited Ordinary Shares,$1.465,-0.015,-1.014%,5879,16191524.00,Taiwan,,Computer Software: Programming Data Processing,Technology,/market-activity/stocks/gigm,NASDAQ
GIII,G-III Apparel Group LTD. Common Stock,$32.59,-0.87,-2.60%,800093,1374990774.00,United States,1989,Apparel,Consumer Discretionary,/market-activity/stocks/giii,NASDAQ
GILD,Gilead Sciences Inc. Common Stock,$146.34,0.66,0.453%,6594679,181455037383.00,United States,1992,Biotechnology: Biological Products (No Diagnostic Substances),Health Care,/market-activity/stocks/gild,NASDAQ
GILT,Gilat Satellite Networks Ltd. Ordinary Shares,$9.90,-0.04,-0.402%,723487,747162385.00,Israel,,Radio And Television Broadcasting And Communications Equipment,Technology,/market-activity/stocks/gilt,NASDAQ
GIPR,Generation Income Properties Inc. Common Stock,$0.3719,-0.0604,-13.972%,758182,1129884.00,United States,,Real Estate Investment Trusts,Real Estate,/market-activity/stocks/gipr,NASDAQ
GIPRW,Generation Income Properties Inc Warrant,$0.0101,-0.0036,-26.277%,2019,30685.00,United States,,Real Estate Investment Trusts,Real Estate,/market-activity/stocks/giprw,NASDAQ
GITS,Global Interactive Technologies Inc. Common Stock,$2.045,0.075,3.807%,66068,7513755.00,South Korea,2023,Computer Software: Programming Data Processing,Technology,/market-activity/stocks/gits,NASDAQ
GIW,GigCapital8 Corp. Class A Ordinary Shares,$10.15,0.00,0.00%,19287,0.00,United States,2025,Blank Checks,Finance,/market-activity/stocks/giw,NASDAQ
GIWWR,GigCapital8 Corp. Rights,$0.2461,-0.0205,-7.689%,4153,0.00,United States,2025,,,/market-activity/stocks/giwwr,NASDAQ
GIWWU,GigCapital8 Corp. Units,$10.35,-0.111,-1.061%,11300,0.00,United States,2025,,,/market-activity/stocks/giwwu,NASDAQ
GIX,GigCapital9 Corp. Class A Ordinary Share,$9.99,0.00,0.00%,8174,0.00,United States,2026,Blank Checks,Finance,/market-activity/stocks/gix,NASDAQ
GIXXR,GigCapital9 Corp. Rights,$0.2655,0.00,0.00%,105,0.00,United States,2026,Blank Checks,Finance,/market-activity/stocks/gixxr,NASDAQ
GLAD,Gladstone Capital Corporation Common Stock,$20.15,0.255,1.282%,231645,455250340.00,United States,2001,Textiles,Consumer Discretionary,/market-activity/stocks/glad,NASDAQ
GLBE,Global-E Online Ltd. Ordinary Shares,$37.35,-2.60,-6.508%,2060578,6258675557.00,Israel,2021,Computer Software: Prepackaged Software,Technology,/market-activity/stocks/glbe,NASDAQ
GLBS,Globus Maritime Limited Common Stock,$3.69,0.15,4.237%,157622,79638691.00,Greece,,Marine Transportation,Consumer Discretionary,/market-activity/stocks/glbs,NASDAQ
GLE,Global Engine Group Holding Limited Class A Ordinary Shares,$0.5017,-0.0017,-0.338%,40329,9181110.00,Hong Kong,2024,EDP Services,Technology,/market-activity/stocks/gle,NASDAQ
GLIBA,Liberty Capital Corporation Series A GCI Group Common Stock,$26.70,0.05,0.188%,38226,1065463340.00,United States,,Cable & Other Pay Television Services,Telecommunications,/market-activity/stocks/gliba,NASDAQ
GLIBK,Liberty Capital Corporation Series C GCI Group Common Stock,$26.03,0.02,0.077%,436684,1038726994.00,United States,,Cable & Other Pay Television Services,Telecommunications,/market-activity/stocks/glibk,NASDAQ
GLMD,Galmed Pharmaceuticals Ltd. Ordinary Shares,$4.12,-0.045,-1.08%,7220,4291248.00,Israel,2014,Biotechnology: Pharmaceutical Preparations,Health Care,/market-activity/stocks/glmd,NASDAQ
GLND,Greenland Energy Company Common Stock,$1.375,-0.025,-1.786%,296257,60129017.00,United States,,Oil & Gas Production,Energy,/market-activity/stocks/glnd,NASDAQ
GLNDW,Greenland Energy Company Warrant,$0.45,-0.05,-10.00%,102930,19678587.00,United States,,Oil & Gas Production,Energy,/market-activity/stocks/glndw,NASDAQ
GLNG,Golar Lng Ltd,$51.49,1.20,2.386%,2039097,5230831409.00,Bermuda,,Marine Transportation,Consumer Discretionary,/market-activity/stocks/glng,NASDAQ
GLOO,Gloo Holdings Inc. Class A Common Stock,$3.31,-0.10,-2.933%,101702,318033737.00,United States,2025,EDP Services,Technology,/market-activity/stocks/gloo,NASDAQ
GLPI,Gaming and Leisure Properties Inc. Common Stock,$42.07,-0.49,-1.151%,21740837,12239006209.00,United States,,Real Estate Investment Trusts,Real Estate,/market-activity/stocks/glpi,NASDAQ
GLRE,Greenlight Capital Re Ltd. Class A Ordinary Shares,$15.16,-0.21,-1.366%,150646,494842775.00,Cayman Islands,2007,Property-Casualty Insurers,Finance,/market-activity/stocks/glre,NASDAQ
GLSI,Greenwich LifeSciences Inc. Common Stock,$14.95,-0.72,-4.595%,169585,219439210.00,United States,2020,Biotechnology: Pharmaceutical Preparations,Health Care,/market-activity/stocks/glsi,NASDAQ
GLUE,Monte Rosa Therapeutics Inc. Common Stock,$13.94,0.56,4.185%,1109726,1189268810.00,United States,2021,Biotechnology: Biological Products (No Diagnostic Substances),Health Care,/market-activity/stocks/glue,NASDAQ
GLXG,Galaxy Payroll Group Limited Class A Ordinary Shares,$1.06,-0.0201,-1.861%,18966,6319206.00,Hong Kong,2024,Diversified Commercial Services,Industrials,/market-activity/stocks/glxg,NASDAQ
GLXY,Galaxy Digital Inc. Class A Common Stock,$24.60,1.39,5.989%,5759273,9615871614.00,United States,,Investment Bankers/Brokers/Service,Finance,/market-activity/stocks/glxy,NASDAQ
GMAB,Genmab A/S ADS,$33.16,-0.07,-0.211%,1733044,4260291219.00,Denmark,2019,Biotechnology: Pharmaceutical Preparations,Health Care,/market-activity/stocks/gmab,NASDAQ
GMEX,GMEX ROBOTICS CORPORATION Class A Ordinary Shares,$0.9558,-0.0742,-7.204%,226212,864465.00,Australia,2023,Recreational Games/Products/Toys,Consumer Discretionary,/market-activity/stocks/gmex,NASDAQ
GMHS,Gamehaus Holdings Inc. Class A Ordinary Shares,$0.8483,0.1202,16.509%,7291310,48623888.00,China,,EDP Services,Technology,/market-activity/stocks/gmhs,NASDAQ
GMM,Global Mofy AI Limited Class A Ordinary Shares,$2.55,-0.01,-0.391%,18019,11356170.00,China,2023,Computer Software: Programming Data Processing,Technology,/market-activity/stocks/gmm,NASDAQ
GNLN,Greenlane Holdings Inc. Class A Common Stock,$2.80,0.00,0.00%,3390,1944723.00,United States,2019,Durable Goods,Consumer Discretionary,/market-activity/stocks/gnln,NASDAQ
GNLX,Genelux Corporation Common Stock,$2.615,-0.045,-1.692%,328491,118316551.00,United States,2023,Biotechnology: Pharmaceutical Preparations,Health Care,/market-activity/stocks/gnlx,NASDAQ
GNPX,Genprex Inc. Common Stock,$3.71,0.04,1.09%,40737,3041120.00,United States,2018,Biotechnology: Pharmaceutical Preparations,Health Care,/market-activity/stocks/gnpx,NASDAQ
GNSS,Genasys Inc. Common Stock,$1.45,0.00,0.00%,42789,66035913.00,United States,,Consumer Electronics/Appliances,Consumer Staples,/market-activity/stocks/gnss,NASDAQ
GNTA,Genenta Science S.p.A. American Depositary Shares,$1.02,0.02,2.00%,20782,49181195.00,Italy,2021,Biotechnology: Biological Products (No Diagnostic Substances),Health Care,/market-activity/stocks/gnta,NASDAQ
GNTX,Gentex Corporation Common Stock,$22.37,-0.30,-1.323%,2967207,4712986114.00,United States,,Auto Parts:O.E.M.,Consumer Discretionary,/market-activity/stocks/gntx,NASDAQ
GO,Grocery Outlet Holding Corp. Common Stock,$11.95,-0.22,-1.808%,2245575,1184059679.00,United States,2019,Food Chains,Consumer Staples,/market-activity/stocks/go,NASDAQ
GOAI,Eva Live Inc. Common Stock,$2.30,0.23,11.111%,194918,91986522.00,United States,,Computer Software: Programming Data Processing,Technology,/market-activity/stocks/goai,NASDAQ
GOGO,Gogo Inc. Common Stock,$2.52,-0.20,-7.353%,3002574,341479812.00,United States,2013,Telecommunications Equipment,Consumer Discretionary,/market-activity/stocks/gogo,NASDAQ
GOOD,Gladstone Commercial Corporation Real Estate Investment Trust,$12.97,-0.04,-0.307%,476742,627845288.00,United States,2003,Real Estate,Real Estate,/market-activity/stocks/good,NASDAQ
GOODN,Gladstone Commercial Corporation 6.625% Series E Cumulative Redeemable Preferred Stock,$23.6027,0.4027,1.736%,1451,1142547724.00,United States,,Real Estate,Real Estate,/market-activity/stocks/goodn,NASDAQ
GOODO,Gladstone Commercial Corporation 6.00% Series G Cumulative Redeemable Preferred Stock par value $0.001 per share,$21.155,0.035,0.166%,4197,1024060684.00,United States,,Real Estate,Real Estate,/market-activity/stocks/goodo,NASDAQ
GOOG,Alphabet Inc. Class C Capital Stock,$335.41,-7.47,-2.179%,23165658,4102064300000.00,United States,2004,Computer Software: Programming Data Processing,Technology,/market-activity/stocks/goog,NASDAQ
GOOGL,Alphabet Inc. Class A Common Stock,$339.35,-7.24,-2.089%,33448786,4150250500000.00,United States,2004,Computer Software: Programming Data Processing,Technology,/market-activity/stocks/googl,NASDAQ
GOOGM,Alphabet Inc. Depositary Shares representing a 1/20th Interest in a Share of Series A Mandatory Convertible Preferred Stock,$48.46,-0.65,-1.324%,1207193,592665800000.00,United States,,Computer Software: Programming Data Processing,Technology,/market-activity/stocks/googm,NASDAQ
GOOGN,Alphabet Inc. Depositary Shares representing a 1/20th Interest in a Share of Series B Mandatory Convertible Preferred Stock,$48.00,-0.72,-1.478%,405111,587040000000.00,United States,,Computer Software: Programming Data Processing,Technology,/market-activity/stocks/googn,NASDAQ
GOSS,Gossamer Bio Inc. Common Stock,$0.17,-0.0001,-0.059%,10100473,83103943.00,United States,2019,Biotechnology: Pharmaceutical Preparations,Health Care,/market-activity/stocks/goss,NASDAQ
GOVX,GeoVax Labs Inc. Common Stock,$0.6324,-0.0886,-12.288%,635916,4660309.00,United States,,Biotechnology: Pharmaceutical Preparations,Health Care,/market-activity/stocks/govx,NASDAQ
GP,GreenPower Motor Company Inc. Common Shares,$1.03,-0.22,-17.60%,730849,9055557.00,Canada,,Construction/Ag Equipment/Trucks,Consumer Discretionary,/market-activity/stocks/gp,NASDAQ
GPAC,General Purpose Acquisition Corp. Class A Ordinary Shares,$10.06,0.00,0.00%,6,0.00,United States,2026,,,/market-activity/stocks/gpac,NASDAQ
GPACU,General Purpose Acquisition Corp. Units,$10.17,0.00,0.00%,9,0.00,United States,2025,,,/market-activity/stocks/gpacu,NASDAQ
GPACW,General Purpose Acquisition Corp. Warrant,$0.286,0.035,13.944%,903,0.00,United States,2026,Major Chemicals,Industrials,/market-activity/stocks/gpacw,NASDAQ
GPAT,GP-Act III Acquisition Corp. Class A Ordinary Share,$10.93,0.00,0.00%,17,0.00,United States,2024,,,/market-activity/stocks/gpat,NASDAQ
GPCR,Structure Therapeutics Inc. American Depositary Shares,$45.91,-1.46,-3.082%,1394429,3273835535.00,United States,2023,Biotechnology: Pharmaceutical Preparations,Health Care,/market-activity/stocks/gpcr,NASDAQ
GPRE,Green Plains Inc. Common Stock,$14.45,-0.21,-1.432%,1585306,1012877490.00,United States,,Major Chemicals,Industrials,/market-activity/stocks/gpre,NASDAQ
GPRO,GoPro Inc. Class A Common Stock,$0.8762,0.2763,46.058%,186265258,161662763.00,United States,2014,Industrial Machinery/Components,Consumer Discretionary,/market-activity/stocks/gpro,NASDAQ
GRAB,Grab Holdings Limited Class A Ordinary Shares,$3.54,-0.07,-1.939%,34019570,14515705512.00,Singapore,,Business Services,Consumer Discretionary,/market-activity/stocks/grab,NASDAQ
GRABW,Grab Holdings Limited Warrant,$0.024,0.00,0.00%,8,98411563.00,Singapore,,Business Services,Consumer Discretionary,/market-activity/stocks/grabw,NASDAQ
GRAL,GRAIL Inc. Common Stock ,$79.37,-0.63,-0.788%,555940,3545158993.00,United States,,Medical Specialities,Health Care,/market-activity/stocks/gral,NASDAQ
GRAN,Grande Group Limited Class A Ordinary Shares,$1.2001,-0.1399,-10.44%,795,29889991.00,Hong Kong,2025,Finance: Consumer Services,Finance,/market-activity/stocks/gran,NASDAQ
GRCE,Grace Therapeutics Inc. Common Stock,$2.13,0.01,0.472%,117314,44806531.00,Canada,,Biotechnology: Pharmaceutical Preparations,Health Care,/market-activity/stocks/grce,NASDAQ
GRDX,GridAI Technologies Corp. Common Stock,$3.72,-0.241,-6.084%,40915,26527778.00,United States,2016,Biotechnology: Pharmaceutical Preparations,Health Care,/market-activity/stocks/grdx,NASDAQ
GREEL,Vulcan Infrastructure and Power Inc. 8.50% Senior Notes due 2026,$24.80,0.11,0.446%,301,388700742.00,United States,,Finance: Consumer Services,Finance,/market-activity/stocks/greel,NASDAQ
GRFS,Grifols S.A. American Depositary Shares,$7.72,0.03,0.39%,623887,5307923890.00,Spain,,Biotechnology: Pharmaceutical Preparations,Health Care,/market-activity/stocks/grfs,NASDAQ
GRI,GRI Bio Inc. Common Stock,$1.92,0.00,0.00%,42986,4197341.00,United States,2021,Biotechnology: Pharmaceutical Preparations,Health Care,/market-activity/stocks/gri,NASDAQ
GRML,Greenland Mines Ltd. Common Stock,$4.85,-0.03,-0.615%,595854,23327511.00,United States,2022,Biotechnology: Biological Products (No Diagnostic Substances),Health Care,/market-activity/stocks/grml,NASDAQ
GRMLW,Greenland Mines Ltd Warrant,$0.1597,0.0022,1.397%,12008,768124.00,United States,2022,Biotechnology: Biological Products (No Diagnostic Substances),Health Care,/market-activity/stocks/grmlw,NASDAQ
GRNQ,Greenpro Capital Corp. Common Stock,$13.90,0.40,2.963%,12465,25197725.00,China,,Professional Services,Consumer Discretionary,/market-activity/stocks/grnq,NASDAQ
GROW,U.S. Global Investors Inc. Class A Common Stock,$3.27,-0.06,-1.802%,9957,40561721.00,United States,,Investment Managers,Finance,/market-activity/stocks/grow,NASDAQ
GRPN,Groupon Inc. Common Stock,$19.18,-0.35,-1.792%,1028365,779960377.00,United States,2011,Advertising,Consumer Discretionary,/market-activity/stocks/grpn,NASDAQ
GRRR,Gorilla Technology Group Inc. Ordinary shares,$15.04,0.63,4.372%,1235502,417472409.00,Taiwan,,Computer Software: Prepackaged Software,Technology,/market-activity/stocks/grrr,NASDAQ
GRRRW,Gorilla Technology Group Inc. Warrant,$0.2265,0.0165,7.857%,11982,6287068.00,Taiwan,,Computer Software: Prepackaged Software,Technology,/market-activity/stocks/grrrw,NASDAQ
GRSD,Grandstand Limited Ordinary Shares,$1.85,-0.01,-0.538%,126293,64929802.00,Jersey,2021,Services-Misc. Amusement & Recreation,Consumer Discretionary,/market-activity/stocks/grsd,NASDAQ
GRVY,GRAVITY Co. Ltd. American Depository Shares,$73.60,-1.56,-2.076%,33779,511439040.00,South Korea,2005,EDP Services,Technology,/market-activity/stocks/grvy,NASDAQ
GRWG,GrowGeneration Corp. Common Stock,$1.61,-0.01,-0.617%,247843,94861923.00,United States,,RETAIL: Building Materials,Consumer Discretionary,/market-activity/stocks/grwg,NASDAQ
GSAT,Globalstar Inc. Common Stock,$81.55,-0.21,-0.257%,612363,10565894455.00,United States,2025,Telecommunications Equipment,Consumer Discretionary,/market-activity/stocks/gsat,NASDAQ
GSBC,Great Southern Bancorp Inc. Common Stock,$78.27,-0.60,-0.761%,106779,852947873.00,United States,1989,Major Banks,Finance,/market-activity/stocks/gsbc,NASDAQ
GSHD,Goosehead Insurance Inc. Class A Common Stock,$68.65,-2.61,-3.663%,280316,2438166878.00,United States,2018,Specialty Insurers,Finance,/market-activity/stocks/gshd,NASDAQ
GSHR,Gesher Acquisition Corp. II Class A Ordinary Shares,$10.54,0.02,0.19%,4758,0.00,United States,2025,,,/market-activity/stocks/gshr,NASDAQ
GSHRW,Gesher Acquisition Corp. II Warrants,$0.35,0.01,2.941%,100,0.00,United States,2025,Blank Checks,Finance,/market-activity/stocks/gshrw,NASDAQ
GSIT,GSI Technology Common Stock,$5.54,-0.16,-2.807%,394136,212916549.00,United States,2007,Semiconductors,Technology,/market-activity/stocks/gsit,NASDAQ
GSIW,Garden Stage Limited Class A Ordinary Shares,$16.55,0.00,0.00%,128755,177290203.00,Hong Kong,2023,Investment Bankers/Brokers/Service,Finance,/market-activity/stocks/gsiw,NASDAQ
GSM,Ferroglobe PLC Ordinary Shares,$4.11,0.04,0.983%,635100,767996725.00,United Kingdom,,Metal Mining,Basic Materials,/market-activity/stocks/gsm,NASDAQ
GSRF,GSR IV Acquisition Corp. Class A ordinary share,$10.22,0.00,0.00%,9,0.00,United States,2025,,,/market-activity/stocks/gsrf,NASDAQ
GSRFR,GSR IV Acquisition Corp. Rights,$1.69,0.00,0.00%,1,0.00,United States,2025,,,/market-activity/stocks/gsrfr,NASDAQ
GSRFU,GSR IV Acquisition Corp. Units,$10.58,0.00,0.00%,2,0.00,United States,2025,,,/market-activity/stocks/gsrfu,NASDAQ
GSRV,GSR V Acquisition Corp. Class A ordinary shares,$9.8899,-0.0101,-0.102%,767563,0.00,United States,2026,Blank Checks,Finance,/market-activity/stocks/gsrv,NASDAQ
GSRVR,GSR V Acquisition Corp. Rights,$1.50,0.00,0.00%,44,0.00,United States,2026,Blank Checks,Finance,/market-activity/stocks/gsrvr,NASDAQ
GSRVU,GSR V Acquisition Corp. Units,$10.65,0.00,0.00%,43,0.00,United States,2026,Blank Checks,Finance,/market-activity/stocks/gsrvu,NASDAQ
GSUN,Golden Sun Technology Group Limited Class A Ordinary Shares,$0.29,0.02,7.407%,26797319,2908372.00,China,2022,Other Consumer Services,Real Estate,/market-activity/stocks/gsun,NASDAQ
GT,The Goodyear Tire & Rubber Company Common Stock,$6.27,-0.08,-1.26%,6072101,1805125081.00,United States,,Automotive Aftermarket,Consumer Discretionary,/market-activity/stocks/gt,NASDAQ
GTBP,GT Biopharma Inc. Common Stock,$0.286,-0.014,-4.667%,314515,12901316.00,United States,,Biotechnology: Pharmaceutical Preparations,Health Care,/market-activity/stocks/gtbp,NASDAQ
GTEC,Greenland Technologies Holding Corporation Class A Ordinary Shares,$0.8878,-0.0036,-0.404%,93484,23565960.00,China,2018,Industrial Machinery/Components,Industrials,/market-activity/stocks/gtec,NASDAQ
GTEN,Gores Holdings X Inc. Class A ordinary shares,$10.67,-0.0085,-0.08%,1337,0.00,United States,2025,,,/market-activity/stocks/gten,NASDAQ
GTERA,Globa Terra Acquisition Corporation Class A Ordinary Shares,$10.41,0.01,0.096%,4328,0.00,Mexico,2025,Blank Checks,Finance,/market-activity/stocks/gtera,NASDAQ
GTERR,Globa Terra Acquisition Corporation Rights,$0.07,0.0094,15.512%,53403,0.00,Mexico,2025,Blank Checks,Finance,/market-activity/stocks/gterr,NASDAQ
GTERU,Globa Terra Acquisition Corporation Units,$10.49,0.01,0.095%,511,0.00,Mexico,2025,Blank Checks,Finance,/market-activity/stocks/gteru,NASDAQ
GTERW,Globa Terra Acquisition Corporation Warrants,$0.0727,0.00,0.00%,18,0.00,Mexico,2025,Blank Checks,Finance,/market-activity/stocks/gterw,NASDAQ
GTIM,Good Times Restaurants Inc. Common Stock,$1.54,0.04,2.667%,37826,16259160.00,United States,,Restaurants,Consumer Discretionary,/market-activity/stocks/gtim,NASDAQ
GTLB,GitLab Inc. Class A Common Stock,$46.54,1.67,3.722%,5685301,7860606000.00,United States,2021,Computer Software: Prepackaged Software,Technology,/market-activity/stocks/gtlb,NASDAQ
GTM,ZoomInfo Technologies Inc Common Stock,$4.24,0.04,0.952%,7083064,1234306595.00,United States,2020,Computer Software: Prepackaged Software,Technology,/market-activity/stocks/gtm,NASDAQ
GTX,Garrett Motion Inc. Common Stock,$26.95,0.29,1.088%,3091672,5025997507.00,Switzerland,,Auto Parts:O.E.M.,Consumer Discretionary,/market-activity/stocks/gtx,NASDAQ
GUAC,Berto Acquisition Corp. II Ordinary Shares,$9.94,-0.005,-0.05%,742,0.00,United States,2026,Blank Checks,Finance,/market-activity/stocks/guac,NASDAQ
GURE,Gulf Resources Inc. (NV) Common Stock,$3.50,-0.40,-10.256%,8332,6347359.00,China,,Major Chemicals,Industrials,/market-activity/stocks/gure,NASDAQ
GUTS,Fractyl Health Inc. Common Stock,$0.7108,0.0518,7.86%,1768423,113145036.00,United States,2024,Medical/Dental Instruments,Health Care,/market-activity/stocks/guts,NASDAQ
GVH,Globavend Holdings Limited Ordinary Shares,$1.01,0.00,0.00%,33644,4347218.00,Australia,2023,Integrated Freight & Logistics,Industrials,/market-activity/stocks/gvh,NASDAQ
GWAV,Greenwave Technology Solutions Inc. Common Stock,$4.90,0.22,4.701%,16159,4065192.00,United States,,Metal Fabrications,Industrials,/market-activity/stocks/gwav,NASDAQ
GWRS,Global Water Resources Inc. Common Stock,$9.195,0.065,0.712%,94674,275163097.00,United States,2016,Water Supply,Utilities,/market-activity/stocks/gwrs,NASDAQ
GXAI,Gaxos.ai Inc. Common Stock,$0.8294,0.05,6.415%,311214,8911599.00,United States,2023,Computer Software: Prepackaged Software,Technology,/market-activity/stocks/gxai,NASDAQ
GYGY,Game Your Game Inc. Common Stock,$1.19,0.01,0.847%,168502,17126480.00,United States,,Computer Software: Prepackaged Software,Technology,/market-activity/stocks/gygy,NASDAQ
GYRE,Gyre Therapeutics Inc. Common Stock,$6.57,-0.02,-0.303%,41722,732619708.00,United States,2006,Biotechnology: Pharmaceutical Preparations,Health Care,/market-activity/stocks/gyre,NASDAQ
GYRO,Gyrodyne LLC Common Stock,$5.00,-0.18,-3.475%,4759,10996540.00,United States,,Building operators,Real Estate,/market-activity/stocks/gyro,NASDAQ
HACQ,HCM IV Acquisition Corp. Class A Ordinary Share,$10.06,0.00,0.00%,18508,0.00,United States,2026,Blank Checks,Finance,/market-activity/stocks/hacq,NASDAQ
HACQU,HCM IV Acquisition Corp. Unit,$10.14,-0.02,-0.197%,9002,0.00,United States,2026,,,/market-activity/stocks/hacqu,NASDAQ
HACQW,HCM IV Acquisition Corp. Warrants,$0.4301,-0.1099,-20.352%,2000,0.00,United States,2026,Blank Checks,Finance,/market-activity/stocks/hacqw,NASDAQ
HAFC,Hanmi Financial Corporation Common Stock,$31.00,-0.14,-0.45%,202470,919126905.00,United States,,Major Banks,Finance,/market-activity/stocks/hafc,NASDAQ
HAIN,Hain Celestial Group Inc. (The) Common Stock,$0.7454,0.0135,1.845%,453989,67274946.00,United States,,Packaged Foods,Consumer Staples,/market-activity/stocks/hain,NASDAQ
HALO,Halozyme Therapeutics Inc. Common Stock,$106.49,1.14,1.082%,1280115,12086402020.00,United States,,Biotechnology: Biological Products (No Diagnostic Substances),Health Care,/market-activity/stocks/halo,NASDAQ
HAO,Haoxi Health Technology Limited Class A Ordinary Shares,$3.08,0.01,0.326%,18543,1127668.00,China,2024,Advertising,Consumer Discretionary,/market-activity/stocks/hao,NASDAQ
HAPN,Happen Inc. Common Stock,$17.58,-0.31,-1.733%,1048542,2028863217.00,United States,,Finance: Consumer Services,Finance,/market-activity/stocks/hapn,NASDAQ
HAS,Hasbro Inc. Common Stock,$94.10,-0.13,-0.138%,1344169,13272284345.00,United States,,Recreational Games/Products/Toys,Consumer Discretionary,/market-activity/stocks/has,NASDAQ
HAVA,Harvard Ave Acquisition Corporation Class A Ordinary Share,$10.21,0.00,0.00%,472156,0.00,South Korea,2025,,,/market-activity/stocks/hava,NASDAQ
HBAN,Huntington Bancshares Incorporated Common Stock,$16.685,-0.235,-1.389%,24058124,33710621372.00,United States,,Major Banks,Finance,/market-activity/stocks/hban,NASDAQ
HBANL,Huntington Bancshares Incorporated Depositary Shares Each Representing a 1/40th Interest in a Share of 6.875% Series J Non-Cumulative Perpetual Preferred Stock,$25.20,-0.05,-0.198%,22904,50914453615.00,United States,,Major Banks,Finance,/market-activity/stocks/hbanl,NASDAQ
HBANM,Huntington Bancshares Incorporated Depositary Shares each representing a 1/1000th interest in a share of Huntington Series I Preferred Stock,$20.825,0.031,0.149%,8224,42075138751.00,United States,,Major Banks,Finance,/market-activity/stocks/hbanm,NASDAQ
HBANP,Huntington Bancshares Incorporated Depositary Shares 4.500% Series H Non-Cumulative Perpetual Preferred Stock,$16.52,0.2799,1.724%,194787,33377252926.00,United States,,Major Banks,Finance,/market-activity/stocks/hbanp,NASDAQ
HBANZ,Huntington Bancshares Incorporated Depositary Shares Each Representing a 1/1000th Interest in a Share of 5.50% Series L Non-Cumulative Perpetual Preferred Stock,$19.17,0.00,0.00%,12225,38731352214.00,United States,,Major Banks,Finance,/market-activity/stocks/hbanz,NASDAQ
HBCP,Home Bancorp Inc. Common Stock,$68.49,-0.95,-1.368%,65034,539067668.00,United States,2008,Banks,Finance,/market-activity/stocks/hbcp,NASDAQ
HBIO,Harvard Bioscience Inc. Common Stock,$8.11,0.18,2.27%,32338,36919194.00,United States,2000,Biotechnology: Laboratory Analytical Instruments,Industrials,/market-activity/stocks/hbio,NASDAQ
HBNB,Hotel101 Global Holdings Corp. Class A Ordinary Shares,$5.57,0.17,3.148%,308,1303560390.00,Singapore,,Hotels/Resorts,Consumer Discretionary,/market-activity/stocks/hbnb,NASDAQ
HBNC,Horizon Bancorp Inc. Common Stock,$19.42,-0.14,-0.716%,435869,997110559.00,United States,,Major Banks,Finance,/market-activity/stocks/hbnc,NASDAQ
HBT,HBT Financial Inc. Common Stock,$35.48,-0.31,-0.866%,99748,1290251914.00,United States,2019,Major Banks,Finance,/market-activity/stocks/hbt,NASDAQ
HCAC,Hall Chadwick Acquisition Corp Class A Ordinary Shares,$10.10,0.01,0.099%,56345,0.00,Cayman Islands,2026,Auto Parts:O.E.M.,Consumer Discretionary,/market-activity/stocks/hcac,NASDAQ
HCACR,Hall Chadwick Acquisition Corp Rights,$0.27,0.02,8.00%,62308,0.00,Cayman Islands,2026,,,/market-activity/stocks/hcacr,NASDAQ
HCACU,Hall Chadwick Acquisition Corp. Unit,$10.32,0.02,0.194%,9394,0.00,Cayman Islands,2025,Auto Parts:O.E.M.,Consumer Discretionary,/market-activity/stocks/hcacu,NASDAQ
HCAI,Huachen AI Parking Management Technology Holding Co. Ltd. Class A Ordinary Shares,$4.70,0.04,0.858%,8762,38367397.00,China,2025,Miscellaneous manufacturing industries,Consumer Discretionary,/market-activity/stocks/hcai,NASDAQ
HCAT,Health Catalyst Inc Common Stock,$1.64,0.05,3.145%,280204,123420465.00,United States,2019,Computer Software: Programming Data Processing,Technology,/market-activity/stocks/hcat,NASDAQ
HCIC,Hennessy Capital Investment Corp. VIII Class A Ordinary Shares,$10.01,0.02,0.20%,4450,0.00,United States,2026,,,/market-activity/stocks/hcic,NASDAQ
HCICR,Hennessy Capital Investment Corp. VIII Share Rights,$0.14,0.00,0.00%,1100,0.00,United States,2026,,,/market-activity/stocks/hcicr,NASDAQ
HCKT,Hackett Group Inc (The). Common Stock,$11.21,-0.13,-1.146%,159985,278880956.00,United States,,Professional Services,Consumer Discretionary,/market-activity/stocks/hckt,NASDAQ
HCM,HUTCHMED (China) Limited American Depositary Shares,$12.12,-0.26,-2.10%,73916,2114522151.00,Hong Kong,2016,Biotechnology: Pharmaceutical Preparations,Health Care,/market-activity/stocks/hcm,NASDAQ
HCMA,HCM III Acquisition Corp. Class A Ordinary Share,$10.29,0.00,0.00%,14,399380625.00,United States,2025,Hotels/Resorts,Consumer Discretionary,/market-activity/stocks/hcma,NASDAQ
HCMAU,HCM III Acquisition Corp. Units,$10.47,0.00,0.00%,1,0.00,United States,2025,,,/market-activity/stocks/hcmau,NASDAQ
HCSG,Healthcare Services Group Inc. Common Stock,$21.99,-0.45,-2.005%,632029,1509222122.00,United States,1983,Hospital/Nursing Management,Health Care,/market-activity/stocks/hcsg,NASDAQ
HCTI,Healthcare Triangle Inc. Common Stock,$0.825,-0.0192,-2.274%,57817,12353816.00,United States,2021,EDP Services,Technology,/market-activity/stocks/hcti,NASDAQ
HCWB,HCW Biologics Inc. Common Stock,$3.59,0.16,4.665%,58601,6592403.00,United States,2021,Biotechnology: Pharmaceutical Preparations,Health Care,/market-activity/stocks/hcwb,NASDAQ
HDL,SUPER HI INTERNATIONAL HOLDING LTD. American Depositary Shares,$13.275,0.00,0.00%,170,863271923.00,Singapore,2024,Restaurants,Consumer Discretionary,/market-activity/stocks/hdl,NASDAQ
HDRN,Hadron Energy Inc. Common Stock  ,$1.98,0.01,0.508%,83712,141567707.00,United States,2024,Electric Utilities: Central,Utilities,/market-activity/stocks/hdrn,NASDAQ
HDRNW,Hadron Energy Inc. Warrant,$0.1429,-0.0171,-10.688%,15368,10217185.00,United States,2024,Electric Utilities: Central,Utilities,/market-activity/stocks/hdrnw,NASDAQ
HDSN,Hudson Technologies Inc. Common Stock,$5.34,-0.09,-1.657%,375715,224752841.00,United States,,Industrial Specialties,Consumer Discretionary,/market-activity/stocks/hdsn,NASDAQ
HELE,Helen of Troy Limited Common Stock,$30.10,1.48,5.171%,821121,701091036.00,Bermuda,,Home Furnishings,Consumer Discretionary,/market-activity/stocks/hele,NASDAQ
HELP,Cybin Inc. Common Stock,$11.76,-0.42,-3.448%,1477963,728932757.00,Canada,,Biotechnology: Pharmaceutical Preparations,Health Care,/market-activity/stocks/help,NASDAQ
HEPS,D-Market Electronic Services & Trading American Depositary Shares,$2.66,0.01,0.377%,297188,950219032.00,Turkey,2021,Catalog/Specialty Distribution,Consumer Discretionary,/market-activity/stocks/heps,NASDAQ
HERE,Here Group Limited American Depositary Shares,$1.84,-0.05,-2.646%,18069,100067692.00,China,2023,Recreational Games/Products/Toys,Consumer Discretionary,/market-activity/stocks/here,NASDAQ
HERZ,Herzfeld Credit Income Fund Inc. Common Stock,$15.975,-0.135,-0.838%,10191,0.00,United States,,Investment Managers,Finance,/market-activity/stocks/herz,NASDAQ
HFBL,Home Federal Bancorp Inc. of Louisiana Common Stock,$24.30,-1.115,-4.387%,653,74209503.00,United States,2010,Savings Institutions,Finance,/market-activity/stocks/hfbl,NASDAQ
HFFG,HF Foods Group Inc. Common Stock,$1.79,-0.01,-0.556%,139651,96482692.00,United States,2017,Food Distributors,Consumer Discretionary,/market-activity/stocks/hffg,NASDAQ
HFWA,Heritage Financial Corporation Common Stock,$28.57,-0.10,-0.349%,222930,1168957492.00,United States,,Banks,Finance,/market-activity/stocks/hfwa,NASDAQ
HGBL,Heritage Global Inc. Common Stock,$1.29,0.05,4.032%,194926,44684884.00,United States,,Business Services,Consumer Discretionary,/market-activity/stocks/hgbl,NASDAQ
HHS,Harte Hanks Inc. Common Stock,$4.31,-0.03,-0.691%,106408,32127774.00,United States,,Advertising,Consumer Discretionary,/market-activity/stocks/hhs,NASDAQ
HIFS,Hingham Institution for Savings Common Stock,$288.27,-7.40,-2.503%,28510,619030998.00,United States,,Banks,Finance,/market-activity/stocks/hifs,NASDAQ
HIHO,Highway Holdings Limited Common Stock,$0.9164,0.023,2.574%,33905,4239886.00,Hong Kong,,Metal Fabrications,Industrials,/market-activity/stocks/hiho,NASDAQ
HIMX,Himax Technologies Inc. American Depositary Shares,$13.72,0.08,0.587%,581745,2393123540.00,Taiwan,2006,Semiconductors,Technology,/market-activity/stocks/himx,NASDAQ
HIND,Vyome Holdings Inc. Common Stock,$2.1602,-0.0448,-2.032%,7180,15161424.00,United States,2016,Biotechnology: Pharmaceutical Preparations,Health Care,/market-activity/stocks/hind,NASDAQ
HIT,Health In Tech Inc. Class A Common Stock,$0.96,-0.02,-2.041%,46423,62913272.00,United States,2024,Specialty Insurers,Finance,/market-activity/stocks/hit,NASDAQ
HITI,High Tide Inc. Common Shares,$2.51,0.00,0.00%,180318,220623671.00,Canada,,Other Specialty Stores,Consumer Discretionary,/market-activity/stocks/hiti,NASDAQ
HIVE,HIVE Digital Technologies Ltd. Common Shares,$2.78,0.005,0.18%,12356397,762491000.00,Canada,,Finance: Consumer Services,Finance,/market-activity/stocks/hive,NASDAQ
HKIT,Hitek Global Inc. Class A Ordinary Share,$3.01,0.0333,1.119%,16464,27065499.00,China,2023,Computer Software: Prepackaged Software,Technology,/market-activity/stocks/hkit,NASDAQ
HKPD,Cellyan Biotechnology Co. Ltd Class A Ordinary Shares,$0.3333,-0.0139,-4.003%,24638,16165036.00,Hong Kong,2025,Other Pharmaceuticals,Health Care,/market-activity/stocks/hkpd,NASDAQ
HLIT,Harmonic Inc. Common Stock,$11.98,-0.04,-0.333%,1250641,1306616011.00,United States,1995,Radio And Television Broadcasting And Communications Equipment,Technology,/market-activity/stocks/hlit,NASDAQ
HLMN,Hillman Solutions Corp. Common Stock,$7.70,-0.07,-0.901%,1440056,1497996492.00,United States,2020,Industrial Machinery/Components,Consumer Discretionary,/market-activity/stocks/hlmn,NASDAQ
HLNE,Hamilton Lane Incorporated Class A Common Stock,$108.82,2.78,2.622%,684740,5997139627.00,United States,2017,Investment Managers,Finance,/market-activity/stocks/hlne,NASDAQ
HLP,Hongli Group Inc. Class A Ordinary Shares,$1.37,0.09,7.031%,112403,102392088.00,China,2023,Industrial Machinery/Components,Industrials,/market-activity/stocks/hlp,NASDAQ
HLXC,Helix Acquisition Corp. III Class A Ordinary Shares,$10.75,-0.025,-0.232%,58410,0.00,United States,2026,,,/market-activity/stocks/hlxc,NASDAQ
HMH,HMH Holding Inc. Class A Common Stock,$19.26,0.38,2.013%,207894,846174175.00,United States,2026,Oil and Gas Field Machinery,Consumer Discretionary,/market-activity/stocks/hmh,NASDAQ
HMR,Heidmar Maritime Holdings Corp. Common Stock,$1.39,-0.02,-1.418%,109577,81998876.00,Greece,,Marine Transportation,Consumer Discretionary,/market-activity/stocks/hmr,NASDAQ
HNNA,Hennessy Advisors Inc. Common Stock,$10.075,-0.0649,-0.64%,9808,79636931.00,United States,,Investment Managers,Finance,/market-activity/stocks/hnna,NASDAQ
HNRG,Hallador Energy Company Common Stock,$16.58,0.34,2.094%,522009,781636859.00,United States,,Electric Utilities: Central,Utilities,/market-activity/stocks/hnrg,NASDAQ
HNST,The Honest Company Inc. Common Stock,$5.72,0.05,0.882%,1758852,613666648.00,United States,2021,Catalog/Specialty Distribution,Consumer Discretionary,/market-activity/stocks/hnst,NASDAQ
HNVR,Hanover Bancorp Inc. Common Stock,$26.72,-0.09,-0.336%,22477,188520929.00,United States,2022,Major Banks,Finance,/market-activity/stocks/hnvr,NASDAQ
HODO,House of Doge Inc. Common Stock,$0.2497,-0.0133,-5.057%,428679,21200275.00,United States,2025,Finance: Consumer Services,Finance,/market-activity/stocks/hodo,NASDAQ
HOFT,Hooker Furnishings Corporation Common Stock,$13.10,-0.27,-2.019%,50111,140715615.00,United States,,Home Furnishings,Consumer Discretionary,/market-activity/stocks/hoft,NASDAQ
HOLO,MicroCloud Hologram Inc. Ordinary Shares,$1.77,0.005,0.283%,221573,40554877.00,United States,2021,Computer Software: Programming Data Processing,Technology,/market-activity/stocks/holo,NASDAQ
HOLOW,MicroCloud Hologram Inc. Warrant,$0.044,-0.0151,-25.55%,23895,1008144.00,United States,2021,Computer Software: Programming Data Processing,Technology,/market-activity/stocks/holow,NASDAQ
HON,Honeywell International Inc. Common Stock,$213.53,-3.90,-1.794%,5081604,67676200335.00,United States,,Aerospace,Industrials,/market-activity/stocks/hon,NASDAQ
HONA,Honeywell Aerospace Inc. Common Stock ,$158.11,-4.26,-2.624%,4262053,50113395350.00,United States,,Aerospace,Industrials,/market-activity/stocks/hona,NASDAQ
HOOD,Robinhood Markets Inc. Class A Common Stock,$104.81,0.55,0.528%,16273695,94232813033.00,United States,2021,Investment Bankers/Brokers/Service,Finance,/market-activity/stocks/hood,NASDAQ
HOPE,Hope Bancorp Inc. Common Stock,$13.79,-0.13,-0.934%,856712,1761559918.00,United States,,Major Banks,Finance,/market-activity/stocks/hope,NASDAQ
HOUR,Hour Loop Inc. Common Stock,$1.89,0.05,2.717%,14665,66527660.00,United States,2022,Catalog/Specialty Distribution,Consumer Discretionary,/market-activity/stocks/hour,NASDAQ
HOVNP,Hovnanian Enterprises Inc Dep Shr Srs A Pfd,$19.90,0.23,1.169%,3995,149457517.00,United States,,Homebuilding,Consumer Discretionary,/market-activity/stocks/hovnp,NASDAQ
HOVR,New Horizon Aircraft Ltd. Class A Ordinary Share,$1.67,-0.10,-5.65%,1314810,111599148.00,United States,2023,Aerospace,Industrials,/market-activity/stocks/hovr,NASDAQ
HOVRW,New Horizon Aircraft Ltd. Warrant,$0.31,-0.05,-13.889%,36212,20716009.00,United States,2023,Aerospace,Industrials,/market-activity/stocks/hovrw,NASDAQ
HOWL,Werewolf Therapeutics Inc. Common Stock,$0.941,-0.0023,-0.244%,1219849,45731721.00,United States,2021,Biotechnology: Pharmaceutical Preparations,Health Care,/market-activity/stocks/howl,NASDAQ
HPAI,Helport AI Limited Ordinary Shares,$0.3905,-0.0101,-2.521%,85611,14701118.00,Singapore,,Computer Software: Prepackaged Software,Technology,/market-activity/stocks/hpai,NASDAQ
HPAIW,Helport AI Limited Warrants,$0.019,0.0009,4.972%,2425,715291.00,Singapore,,Computer Software: Prepackaged Software,Technology,/market-activity/stocks/hpaiw,NASDAQ
HPK,HighPeak Energy Inc. Common Stock,$8.19,0.09,1.111%,266508,1035648465.00,United States,,Oil & Gas Production,Energy,/market-activity/stocks/hpk,NASDAQ
HQ,Horizon Quantum Holdings Ltd. Class A Ordinary Shares,$14.81,-0.37,-2.437%,173842,799326505.00,Singapore,,EDP Services,Technology,/market-activity/stocks/hq,NASDAQ
HQI,HireQuest Inc. Common Stock (DE),$15.96,-0.42,-2.564%,9540,221844000.00,United States,,Professional Services,Consumer Discretionary,/market-activity/stocks/hqi,NASDAQ
HQWWW,Horizon Quantum Holdings Ltd. Warrant,$7.21,-1.29,-15.176%,11457,389138697.00,Singapore,,EDP Services,Technology,/market-activity/stocks/hqwww,NASDAQ
HQY,HealthEquity Inc. Common Stock,$96.54,0.17,0.176%,841997,7985334676.00,United States,2014,Business Services,Consumer Discretionary,/market-activity/stocks/hqy,NASDAQ
HRMY,Harmony Biosciences Holdings Inc. Common Stock,$39.38,0.17,0.434%,560158,2293349156.00,United States,2020,Biotechnology: Pharmaceutical Preparations,Health Care,/market-activity/stocks/hrmy,NASDAQ
HROW,Harrow Inc. Common Stock,$36.91,-0.36,-0.966%,390195,1383676544.00,United States,,Biotechnology: Pharmaceutical Preparations,Health Care,/market-activity/stocks/hrow,NASDAQ
HRTX,Heron Therapeutics Inc. Common Stock,$0.318,-0.0086,-2.633%,2120260,60373034.00,United States,,Biotechnology: Pharmaceutical Preparations,Health Care,/market-activity/stocks/hrtx,NASDAQ
HRZN,Horizon Technology Finance Corporation Common Stock,$4.66,-0.04,-0.851%,962710,312378016.00,United States,2010,Finance: Consumer Services,Finance,/market-activity/stocks/hrzn,NASDAQ
HSAI,Hesai Group American Depositary Share,$16.12,-1.30,-7.463%,1923063,316641549.00,China,2023,Industrial Machinery/Components,Industrials,/market-activity/stocks/hsai,NASDAQ
HSCS,HeartSciences Inc. Common Stock,$3.15,0.12,3.96%,56024,12283397.00,United States,2022,Industrial Specialties,Health Care,/market-activity/stocks/hscs,NASDAQ
HSCSW,HeartSciences Inc. Warrant,$0.0403,0.00,0.00%,10,157149.00,United States,2022,Industrial Specialties,Health Care,/market-activity/stocks/hscsw,NASDAQ
HSDT,Solana Company Class A Common Stock (DE),$2.21,-0.13,-5.556%,253161,133613734.00,United States,,Biotechnology: Electromedical & Electrotherapeutic Apparatus,Health Care,/market-activity/stocks/hsdt,NASDAQ
HSIC,Henry Schein Inc. Common Stock,$89.80,0.28,0.313%,1153569,10007899472.00,United States,1995,Medical Specialities,Health Care,/market-activity/stocks/hsic,NASDAQ
HST,Host Hotels & Resorts Inc. Common Stock,$21.93,-0.35,-1.571%,7039983,15024778070.00,United States,,Real Estate Investment Trusts,Real Estate,/market-activity/stocks/hst,NASDAQ
HSTM,HealthStream Inc. Common Stock,$29.05,-0.33,-1.123%,178236,849420693.00,United States,2000,Computer Software: Programming Data Processing,Technology,/market-activity/stocks/hstm,NASDAQ
HTCO,High-Trend International Group Class A Ordinary Shares,$2.62,0.07,2.745%,44736,17698949.00,Singapore,,Marine Transportation,Consumer Discretionary,/market-activity/stocks/htco,NASDAQ
HTCR,Heartcore Enterprises Inc. Common Stock,$2.41,-0.165,-6.408%,39060,3651940.00,Japan,2022,EDP Services,Technology,/market-activity/stocks/htcr,NASDAQ
HTFL,Heartflow Inc. Common Stock,$50.39,2.61,5.463%,2632949,4381593265.00,United States,2025,Medical/Dental Instruments,Health Care,/market-activity/stocks/htfl,NASDAQ
HTHT,H World Group Limited American Depositary Shares,$47.32,-0.50,-1.046%,2294877,14552027115.00,China,2010,Hotels/Resorts,Consumer Discretionary,/market-activity/stocks/htht,NASDAQ
HTLD,Heartland Express Inc. Common Stock,$12.36,0.18,1.478%,576339,955831072.00,United States,1986,Trucking Freight/Courier Services,Industrials,/market-activity/stocks/htld,NASDAQ
HTLM,HomesToLife Ltd Ordinary Shares,$1.7717,0.0567,3.306%,504,158899344.00,Singapore,2024,Other Specialty Stores,Consumer Discretionary,/market-activity/stocks/htlm,NASDAQ
HTO,H2O America Common Stock,$63.37,-0.18,-0.283%,452042,2652465669.00,United States,,Water Supply,Utilities,/market-activity/stocks/hto,NASDAQ
HTOO,Fusion Fuel Green PLC Class A Ordinary Shares,$2.25,0.1363,6.448%,7012,16070686.00,Ireland,,Industrial Machinery/Components,Technology,/market-activity/stocks/htoo,NASDAQ
HTZ,Hertz Global Holdings Inc Common Stock,$2.27,0.13,6.075%,23412897,809144662.00,United States,,Rental/Leasing Companies,Consumer Discretionary,/market-activity/stocks/htz,NASDAQ
HTZWW,Hertz Global Holdings Inc Warrant,$1.07,0.08,8.081%,142568,381402991.00,United States,,Rental/Leasing Companies,Consumer Discretionary,/market-activity/stocks/htzww,NASDAQ
HUBC,Hub Cyber Security Ltd. Ordinary Shares,$0.7375,-0.0163,-2.162%,116263,24651793.00,Israel,,Computer Communications Equipment,Telecommunications,/market-activity/stocks/hubc,NASDAQ
HUBCW,Hub Cyber Security Ltd. Warrant 2/27/28,$0.0071,-0.0028,-28.283%,56376,237326.00,Israel,,Computer Communications Equipment,Telecommunications,/market-activity/stocks/hubcw,NASDAQ
HUBCZ,Hub Cyber Security Ltd. Warrant ,$0.0085,0.0003,3.659%,11444,284122.00,Israel,,Computer Communications Equipment,Telecommunications,/market-activity/stocks/hubcz,NASDAQ
HUBG,Hub Group Inc. Class A Common Stock,$39.87,0.26,0.656%,1201783,2438190444.00,United States,1996,Integrated Freight & Logistics,Industrials,/market-activity/stocks/hubg,NASDAQ
HUDI,Huadi International Group Co. Ltd. Ordinary Shares,$0.7651,-0.0223,-2.832%,53298,10955606.00,China,2021,Steel/Iron Ore,Industrials,/market-activity/stocks/hudi,NASDAQ
HUHU,HUHUTECH International Group Inc. Ordinary Shares,$4.235,0.075,1.803%,129176,107966027.00,China,2024,Metal Fabrications,Telecommunications,/market-activity/stocks/huhu,NASDAQ
HUIZ,Huize Holding Limited American Depositary Shares,$1.58,-0.09,-5.389%,95565,15967600.00,China,2020,Specialty Insurers,Finance,/market-activity/stocks/huiz,NASDAQ
HUMA,Humacyte Inc. Common Stock,$0.6014,-0.0487,-7.491%,13526823,167067780.00,United States,2020,Biotechnology: Biological Products (No Diagnostic Substances),Health Care,/market-activity/stocks/huma,NASDAQ
HURA,TuHURA Biosciences Inc. Common Stock,$2.13,0.02,0.948%,233433,135737694.00,United States,,Biotechnology: Pharmaceutical Preparations,Health Care,/market-activity/stocks/hura,NASDAQ
HURC,Hurco Companies Inc. Common Stock,$21.48,-1.45,-6.324%,47645,139111397.00,United States,,Industrial Machinery/Components,Industrials,/market-activity/stocks/hurc,NASDAQ
HURN,Huron Consulting Group Inc. Common Stock,$159.89,0.05,0.031%,206880,2543861412.00,United States,2004,Professional Services,Consumer Discretionary,/market-activity/stocks/hurn,NASDAQ
HUT,Hut 8 Corp. Common Stock,$78.64,-0.78,-0.982%,4109501,9693124564.00,United States,,Finance: Consumer Services,Finance,/market-activity/stocks/hut,NASDAQ
HVII,Hennessy Capital Investment Corp. VII Ordinary Shares,$7.89,0.43,5.764%,30203,,United States,2025,,,/market-activity/stocks/hvii,NASDAQ
HVIIR,Hennessy Capital Investment Corp. VII Rights,$0.30,0.02,7.143%,36554,0.00,United States,2025,Blank Checks,Finance,/market-activity/stocks/hviir,NASDAQ
HVMC,Highview Merger Corp. Class A Ordinary Share,$10.26,0.03,0.293%,7335,0.00,United States,2025,,,/market-activity/stocks/hvmc,NASDAQ
HVMCU,Highview Merger Corp. Units,$10.35,0.00,0.00%,3,0.00,United States,2025,Blank Checks,Finance,/market-activity/stocks/hvmcu,NASDAQ
HVMCW,Highview Merger Corp. Warrants,$0.231,-0.0393,-14.539%,1000,0.00,United States,2025,,,/market-activity/stocks/hvmcw,NASDAQ
HWBK,Hawthorn Bancshares Inc. Common Stock,$38.91,-0.23,-0.588%,8446,268505381.00,United States,,Major Banks,Finance,/market-activity/stocks/hwbk,NASDAQ
HWC,Hancock Whitney Corporation Common Stock,$74.49,-0.58,-0.773%,455120,5975815590.00,United States,,Major Banks,Finance,/market-activity/stocks/hwc,NASDAQ
HWCPZ,Hancock Whitney Corporation 6.25% Subordinated Notes due 2060,$21.75,-0.21,-0.956%,11603,1843420772.00,United States,,Major Banks,Finance,/market-activity/stocks/hwcpz,NASDAQ
HWH,HWH International Inc. Common Stock,$1.87,0.02,1.081%,7248,55588368.00,United States,2022,Other Pharmaceuticals,Health Care,/market-activity/stocks/hwh,NASDAQ
HWKN,Hawkins Inc. Common Stock,$120.27,-0.08,-0.066%,122455,2510650322.00,United States,,Specialty Chemicals,Consumer Discretionary,/market-activity/stocks/hwkn,NASDAQ
HXHX,Haoxin Holdings Limited Class A Ordinary Shares,$0.4888,-0.0359,-6.842%,88248,6721000.00,China,2025,Trucking Freight/Courier Services,Industrials,/market-activity/stocks/hxhx,NASDAQ
HYFM,Hydrofarm Holdings Group Inc. Common Stock,$0.9139,0.0766,9.148%,174043,4404379.00,United States,2020,Consumer Specialties,Consumer Discretionary,/market-activity/stocks/hyfm,NASDAQ
HYFT,MindWalk Holdings Corp. Common Stock,$1.34,-0.05,-3.597%,55684,62593900.00,Canada,,Biotechnology: Pharmaceutical Preparations,Health Care,/market-activity/stocks/hyft,NASDAQ
HYMC,Hycroft Mining Holding Corporation Class A Common Stock,$23.43,-0.395,-1.658%,1550632,2183246786.00,United States,2018,Precious Metals,Basic Materials,/market-activity/stocks/hymc,NASDAQ
HYNE,Hoyne Bancorp Inc. Common Stock,$16.52,-0.04,-0.242%,6382,133761416.00,United States,2025,Banks,Finance,/market-activity/stocks/hyne,NASDAQ
HYPD,Hyperion DeFi Inc. Common Stock,$3.42,0.16,4.908%,445150,53144864.00,United States,2018,Biotechnology: Pharmaceutical Preparations,Health Care,/market-activity/stocks/hypd,NASDAQ
HYPR,Hyperfine Inc. Class A Common Stock,$0.8243,-0.0089,-1.068%,311908,87415918.00,United States,2021,Biotechnology: Electromedical & Electrotherapeutic Apparatus,Health Care,/market-activity/stocks/hypr,NASDAQ
IA,Innovative Solutions and Support Inc. Common Stock,$19.00,-1.65,-7.99%,337621,340084287.00,United States,,EDP Services,Technology,/market-activity/stocks/ia,NASDAQ
IACO,Idea Acquisition Corp. Class A Ordinary Shares,$9.99,0.00,0.00%,3006,0.00,United States,2026,Blank Checks,Finance,/market-activity/stocks/iaco,NASDAQ
IACOU,Idea Acquisition Corp. Units,$10.05,0.00,0.00%,10,0.00,United States,2026,Blank Checks,Finance,/market-activity/stocks/iacou,NASDAQ
IACOW,Idea Acquisition Corp. Warrants,$0.2901,0.02,7.405%,1000,0.00,United States,2026,Blank Checks,Finance,/market-activity/stocks/iacow,NASDAQ
IACQ,Irenic Acquisition Corp. Class A Ordinary Shares,$9.97,0.00,0.00%,156,0.00,United States,2026,Blank Checks,Finance,/market-activity/stocks/iacq,NASDAQ
IACQW,Irenic Acquisition Corp. Warrants,$0.44,0.00,0.00%,3799,0.00,United States,2026,Blank Checks,Finance,/market-activity/stocks/iacqw,NASDAQ
IART,Integra LifeSciences Holdings Corporation Common Stock,$16.92,0.03,0.178%,581070,1315910802.00,United States,,Medical/Dental Instruments,Health Care,/market-activity/stocks/iart,NASDAQ
IBAC,IB Acquisition Corp. Common Stock,$10.89,0.00,0.00%,7,0.00,United States,2024,Blank Checks,Finance,/market-activity/stocks/ibac,NASDAQ
IBACR,IB Acquisition Corp. Right,$0.115,0.00,0.00%,53292,0.00,United States,2024,Blank Checks,Finance,/market-activity/stocks/ibacr,NASDAQ
IBCP,Independent Bank Corporation Common Stock,$36.49,-0.37,-1.004%,184130,810052275.00,United States,,Major Banks,Finance,/market-activity/stocks/ibcp,NASDAQ
IBEX,IBEX Limited Common Shares,$38.46,0.34,0.892%,118691,514945401.00,Bermuda,2020,EDP Services,Technology,/market-activity/stocks/ibex,NASDAQ
IBG,Innovation Beverage Group Limited Ordinary Shares,$1.03,0.01,0.98%,14314,1870357.00,Australia,2024,Beverages (Production/Distribution),Consumer Staples,/market-activity/stocks/ibg,NASDAQ
IBIO,iBio Inc. Common Stock,$1.27,-0.09,-6.618%,875787,63091772.00,United States,,Biotechnology: Pharmaceutical Preparations,Health Care,/market-activity/stocks/ibio,NASDAQ
IBKR,Interactive Brokers Group Inc. Class A Common Stock,$97.29,1.45,1.513%,3562178,44079975257.00,United States,2019,Investment Bankers/Brokers/Service,Finance,/market-activity/stocks/ibkr,NASDAQ
IBOC,International Bancshares Corporation Common Stock,$70.16,-0.77,-1.086%,272149,4363356622.00,United States,,Major Banks,Finance,/market-activity/stocks/iboc,NASDAQ
IBRX,ImmunityBio Inc. Common Stock,$7.95,-0.10,-1.242%,6874084,8425698370.00,United States,2015,Biotechnology: Biological Products (No Diagnostic Substances),Health Care,/market-activity/stocks/ibrx,NASDAQ
ICCC,ImmuCell Corporation Common Stock,$9.79,-0.15,-1.509%,20135,88914709.00,United States,1987,Biotechnology: In Vitro & In Vivo Diagnostic Substances,Health Care,/market-activity/stocks/iccc,NASDAQ
ICCM,IceCure Medical Ltd. Ordinary Shares,$2.28,-0.02,-0.87%,64334,7812135.00,Israel,,Medical/Dental Instruments,Health Care,/market-activity/stocks/iccm,NASDAQ
ICFI,ICF International Inc. Common Stock,$89.10,-1.12,-1.241%,112257,1597909064.00,United States,2006,Professional Services,Consumer Discretionary,/market-activity/stocks/icfi,NASDAQ
ICG,Intchains Group Limited American Depositary Shares,$1.00,-0.03,-2.913%,20032,120782902.00,China,2023,Semiconductors,Technology,/market-activity/stocks/icg,NASDAQ
ICHR,Ichor Holdings Ordinary Shares,$53.57,-1.875,-3.382%,935454,2006423048.00,United States,2016,Semiconductors,Technology,/market-activity/stocks/ichr,NASDAQ
ICLR,ICON plc Ordinary Shares,$164.99,-5.03,-2.958%,707496,12632842952.00,Ireland,1998,Biotechnology: Commercial Physical & Biological Resarch,Health Care,/market-activity/stocks/iclr,NASDAQ
ICMB,Investcorp Credit Management BDC Inc. Common Stock,$0.8403,-0.0027,-0.32%,37294,12127606.00,United States,2014,Finance: Consumer Services,Finance,/market-activity/stocks/icmb,NASDAQ
ICON,Icon Energy Corp. Common stock,$0.9776,-0.0029,-0.296%,16978,3675105.00,Greece,2024,Marine Transportation,Consumer Discretionary,/market-activity/stocks/icon,NASDAQ
ICU,SeaStar Medical Holding Corporation Common Stock,$3.13,0.04,1.294%,33589,13793412.00,United States,2021,Medical/Dental Instruments,Health Care,/market-activity/stocks/icu,NASDAQ
ICUCW,SeaStar Medical Holding Corporation Warrant,$0.0169,-0.0007,-3.977%,2435,74476.00,United States,2021,Medical/Dental Instruments,Health Care,/market-activity/stocks/icucw,NASDAQ
ICUI,ICU Medical Inc. Common Stock,$172.95,-2.15,-1.228%,217394,4324967222.00,United States,1992,Medical/Dental Instruments,Health Care,/market-activity/stocks/icui,NASDAQ
IDAC,Iron Dome Acquisition I Corp. Class A Ordinary Shares,$10.00,0.00,0.00%,366,0.00,United States,2026,,,/market-activity/stocks/idac,NASDAQ
IDACU,Iron Dome Acquisition I Corp. Units,$10.10,0.00,0.00%,6,0.00,United States,2026,,,/market-activity/stocks/idacu,NASDAQ
IDACW,Iron Dome Acquisition I Corp. Warrant,$0.28,-0.02,-6.667%,34382,0.00,United States,2026,,,/market-activity/stocks/idacw,NASDAQ
IDAI,T Stamp Inc. Class A Common Stock,$3.05,-0.15,-4.688%,16371,17199838.00,United States,,Computer Software: Prepackaged Software,Technology,/market-activity/stocks/idai,NASDAQ
IDCC,InterDigital Inc. Common Stock,$335.03,-0.12,-0.036%,233892,8645786525.00,United States,,Multi-Sector Companies,Miscellaneous,/market-activity/stocks/idcc,NASDAQ
IDN,Intellicheck Inc. Common Stock,$2.765,-0.075,-2.641%,236278,56037544.00,United States,1999,Computer Software: Prepackaged Software,Technology,/market-activity/stocks/idn,NASDAQ
IDXX,IDEXX Laboratories Inc. Common Stock,$556.69,1.70,0.306%,698423,43856659466.00,United States,1991,Biotechnology: In Vitro & In Vivo Diagnostic Substances,Health Care,/market-activity/stocks/idxx,NASDAQ
IDYA,IDEAYA Biosciences Inc. Common Stock,$40.10,-0.01,-0.025%,977809,3869228308.00,United States,2019,Biotechnology: Pharmaceutical Preparations,Health Care,/market-activity/stocks/idya,NASDAQ
IEAG,Infinite Eagle Acquisition Corp. Class A Ordinary Shares,$10.225,0.00,0.00%,15,0.00,United States,2026,Blank Checks,Finance,/market-activity/stocks/ieag,NASDAQ
IEAGR,Infinite Eagle Acquisition Corp. Rights,$0.18,0.00,0.00%,1004,0.00,United States,2026,Blank Checks,Finance,/market-activity/stocks/ieagr,NASDAQ
IEAGU,Infinite Eagle Acquisition Corp. Unit,$10.36,0.00,0.00%,1361,0.00,United States,2026,,,/market-activity/stocks/ieagu,NASDAQ
IEP,Icahn Enterprises L.P. Common Stock,$6.80,0.02,0.295%,589121,4834222632.00,United States,,Integrated oil Companies,Energy,/market-activity/stocks/iep,NASDAQ
IESC,IES Holdings Inc. Common Stock,$303.00,-6.80,-2.195%,343558,6037079868.00,United States,,Engineering & Construction,Industrials,/market-activity/stocks/iesc,NASDAQ
IFBD,Infobird Co. Ltd Ordinary Shares,$0.875,-0.0514,-5.548%,8062,7165002.00,China,2021,Computer Software: Prepackaged Software,Technology,/market-activity/stocks/ifbd,NASDAQ
IFRX,InflaRx N.V. Common Stock,$2.13,-0.10,-4.484%,447319,313894311.00,Germany,2017,Biotechnology: Pharmaceutical Preparations,Health Care,/market-activity/stocks/ifrx,NASDAQ
IGAC,Invest Green Acquisition Corporation Class A Ordinary Shares,$10.05,0.00,0.00%,13,0.00,United States,2025,Blank Checks,Finance,/market-activity/stocks/igac,NASDAQ
IGIC,International General Insurance Holdings Ltd. Ordinary Share,$26.49,-0.11,-0.414%,46109,1134890302.00,Jordan,2018,Property-Casualty Insurers,Finance,/market-activity/stocks/igic,NASDAQ
IHRT,iHeartMedia Inc. Class A Common Stock,$2.72,-0.03,-1.091%,558838,363661625.00,United States,,Broadcasting,Consumer Discretionary,/market-activity/stocks/ihrt,NASDAQ
III,Information Services Group Inc. Common Stock,$5.12,-0.01,-0.195%,217705,247876925.00,United States,,Professional Services,Consumer Discretionary,/market-activity/stocks/iii,NASDAQ
IIIV,i3 Verticals Inc. Class A Common Stock,$16.05,-0.23,-1.413%,1050427,422468244.00,United States,2018,Computer Software: Prepackaged Software,Technology,/market-activity/stocks/iiiv,NASDAQ
IKT,Inhibikase Therapeutics Inc. Common Stock,$2.31,-0.10,-4.149%,329859,322327929.00,United States,2020,Biotechnology: Biological Products (No Diagnostic Substances),Health Care,/market-activity/stocks/ikt,NASDAQ
ILAG,Intelligent Living Application Group Inc. Ordinary Shares,$2.95,-0.33,-10.061%,673,6126997.00,Hong Kong,2022,Office Equipment/Supplies/Services,Consumer Discretionary,/market-activity/stocks/ilag,NASDAQ
ILLR,Triller Group Inc. Common Stock,$0.9567,0.0016,0.168%,55180,19600278.00,United States,2019,Investment Managers,Finance,/market-activity/stocks/illr,NASDAQ
ILLRW,Triller Group Inc. Warrant,$0.0585,0.0232,65.722%,13607,1198512.00,United States,2019,Investment Managers,Finance,/market-activity/stocks/illrw,NASDAQ
ILLU,Illumination Acquisition Corp I Class A Ordinary Shares,$9.965,0.00,0.00%,252568,0.00,United States,2026,Blank Checks,Finance,/market-activity/stocks/illu,NASDAQ
ILLUW,Illumination Acquisition Corp I Warrant,$0.42,0.02,5.00%,2109,0.00,United States,2026,,,/market-activity/stocks/illuw,NASDAQ
ILMN,Illumina Inc. Common Stock,$213.63,-1.96,-0.909%,2017602,32258130000.00,United States,2000,Medical Specialities,Health Care,/market-activity/stocks/ilmn,NASDAQ
ILPT,Industrial Logistics Properties Trust Common Shares of Beneficial Interest,$8.255,-0.085,-1.019%,301669,550987248.00,United States,2018,Real Estate Investment Trusts,Real Estate,/market-activity/stocks/ilpt,NASDAQ
IMA,ImageneBio Inc. Common Stock,$5.10,-0.24,-4.494%,24471,57892426.00,United States,2021,Biotechnology: Biological Products (No Diagnostic Substances),Health Care,/market-activity/stocks/ima,NASDAQ
IMCC,IM Cannabis Corp. Common Shares,$3.06,-0.35,-10.264%,27991,1848001.00,Canada,, Medicinal Chemicals and Botanical Products ,Health Care,/market-activity/stocks/imcc,NASDAQ
IMCR,Immunocore Holdings plc American Depositary Shares,$36.32,-0.30,-0.819%,271620,1870429769.00,United Kingdom,2021,Biotechnology: Biological Products (No Diagnostic Substances),Health Care,/market-activity/stocks/imcr,NASDAQ
IMDX,Insight Molecular Diagnostics Inc. Common Stock,$3.92,-0.21,-5.085%,102412,128279193.00,United States,,Biotechnology: In Vitro & In Vivo Diagnostic Substances,Health Care,/market-activity/stocks/imdx,NASDAQ
IMKTA,Ingles Markets Incorporated Class A Common Stock,$81.80,-0.32,-0.39%,114003,1553739957.00,United States,1987,Food Chains,Consumer Staples,/market-activity/stocks/imkta,NASDAQ
IMMP,Immutep Limited American Depositary Shares,$0.366,-0.015,-3.937%,177003,53872284.00,Australia,,Biotechnology: Pharmaceutical Preparations,Health Care,/market-activity/stocks/immp,NASDAQ
IMMR,Immersion Corporation Common Stock,$7.58,-0.07,-0.915%,305584,251594610.00,United States,1999,Computer peripheral equipment,Technology,/market-activity/stocks/immr,NASDAQ
IMMX,Immix Biopharma Inc. Common Stock,$14.03,0.09,0.646%,1326836,1003696575.00,United States,2021,Biotechnology: Pharmaceutical Preparations,Health Care,/market-activity/stocks/immx,NASDAQ
IMNM,Immunome Inc. Common Stock,$27.41,-0.16,-0.58%,1050740,3113162811.00,United States,2020,Biotechnology: Pharmaceutical Preparations,Health Care,/market-activity/stocks/imnm,NASDAQ
IMNN,Imunon Inc. Common Stock,$1.63,0.03,1.875%,18405,9146587.00,United States,,Biotechnology: Pharmaceutical Preparations,Health Care,/market-activity/stocks/imnn,NASDAQ
IMOS,ChipMOS TECHNOLOGIES INC. American Depositary Shares,$54.64,-0.815,-1.47%,79682,1912353884.00,Taiwan,,Semiconductors,Technology,/market-activity/stocks/imos,NASDAQ
IMPP,Imperial Petroleum Inc. Common Shares,$5.25,0.06,1.156%,514782,237371705.00,Greece,,Marine Transportation,Consumer Discretionary,/market-activity/stocks/impp,NASDAQ
IMPPP,Imperial Petroleum Inc. 8.75% Series A Cumulative Redeemable Perpetual Preferred Shares,$25.70,0.20,0.784%,1001,1161991011.00,Greece,,Marine Transportation,Consumer Discretionary,/market-activity/stocks/imppp,NASDAQ
IMRN,Immuron Limited American Depositary Shares,$1.11,-0.04,-3.478%,21939,8959034.00,Australia,2017,Biotechnology: Pharmaceutical Preparations,Health Care,/market-activity/stocks/imrn,NASDAQ
IMRX,Immuneering Corporation Class A Common Stock,$4.99,0.00,0.00%,587426,322840036.00,United States,2021,Biotechnology: Pharmaceutical Preparations,Health Care,/market-activity/stocks/imrx,NASDAQ
IMSR,Terrestrial Energy Inc. Common Stock  ,$5.18,0.08,1.569%,1421936,548744616.00,United States,2024,Metal Fabrications,Industrials,/market-activity/stocks/imsr,NASDAQ
IMSRW,Terrestrial Energy Inc. Warrant,$2.15,0.00,0.00%,2101,227760796.00,United States,2024,Metal Fabrications,Industrials,/market-activity/stocks/imsrw,NASDAQ
IMTE,Integrated Media Technology Limited Ordinary Shares,$0.4887,0.0337,7.407%,18042,1684272.00,Australia,,Consumer Electronics/Appliances,Consumer Staples,/market-activity/stocks/imte,NASDAQ
IMTX,Immatics N.V. Ordinary Shares,$9.53,0.08,0.847%,724993,1425989872.00,Germany,,Biotechnology: Biological Products (No Diagnostic Substances),Health Care,/market-activity/stocks/imtx,NASDAQ
IMUX,Immunic Inc. Common Stock,$15.80,0.40,2.597%,124889,215582579.00,United States,2014,Biotechnology: Pharmaceutical Preparations,Health Care,/market-activity/stocks/imux,NASDAQ
IMVT,Immunovant Inc. Common Stock,$40.82,-0.38,-0.922%,1391746,8431480479.00,United States,2019,Biotechnology: Biological Products (No Diagnostic Substances),Health Care,/market-activity/stocks/imvt,NASDAQ
IMXI,International Money Express Inc. Common Stock,$14.47,0.00,0.00%,294461,437162243.00,United States,2017,Business Services,Consumer Discretionary,/market-activity/stocks/imxi,NASDAQ
INAB,IN8bio Inc. Common Stock,$1.10,0.065,6.28%,36923,10844221.00,United States,2021,Biotechnology: Biological Products (No Diagnostic Substances),Health Care,/market-activity/stocks/inab,NASDAQ
INAC,Indigo Acquisition Corp. Ordinary Shares,$10.31,0.00,0.00%,40,0.00,United States,2025,,,/market-activity/stocks/inac,NASDAQ
INBK,First Internet Bancorp Common Stock,$27.34,-0.67,-2.392%,73530,238775913.00,United States,,Major Banks,Finance,/market-activity/stocks/inbk,NASDAQ
INBKZ,First Internet Bancorp 6.0% Fixed-to-Floating Rate Subordinated Notes Due 2029,$25.20,0.00,0.00%,2,219569969.00,United States,,Major Banks,Finance,/market-activity/stocks/inbkz,NASDAQ
INBS,Intelligent Bio Solutions Inc. Common Stock,$2.40,0.04,1.695%,24048,7265928.00,United States,2020,Medical/Dental Instruments,Health Care,/market-activity/stocks/inbs,NASDAQ
INBX,Inhibrx Biosciences Inc. Common Stock,$126.70,3.29,2.666%,388963,1864727522.00,United States,,Biotechnology: Biological Products (No Diagnostic Substances),Health Care,/market-activity/stocks/inbx,NASDAQ
INCR,Intercure Ltd. Ordinary Shares,$5.76,-0.02,-0.346%,17200,68231295.00,Israel,,Biotechnology: Pharmaceutical Preparations,Health Care,/market-activity/stocks/incr,NASDAQ
INCY,Incyte Corp. Common Stock,$123.22,-1.15,-0.925%,1483196,24976416262.00,United States,,Biotechnology: Commercial Physical & Biological Resarch,Health Care,/market-activity/stocks/incy,NASDAQ
INDB,Independent Bank Corp. Common Stock,$81.18,-0.88,-1.072%,147667,3845423457.00,United States,,Major Banks,Finance,/market-activity/stocks/indb,NASDAQ
INDI,indie Semiconductor Inc. Class A Common Stock,$3.715,-0.065,-1.72%,5504556,861170000.00,United States,,Semiconductors,Technology,/market-activity/stocks/indi,NASDAQ
INDP,Indaptus Therapeutics Inc. Common Stock,$1.145,0.005,0.439%,140272,152562461.00,United States,,Biotechnology: Pharmaceutical Preparations,Health Care,/market-activity/stocks/indp,NASDAQ
INDV,Indivior Pharmaceuticals Inc. Common Stock,$34.93,0.06,0.172%,1963277,4358209813.00,United Kingdom,,Biotechnology: Pharmaceutical Preparations,Health Care,/market-activity/stocks/indv,NASDAQ
INEO,INNEOVA Holdings Limited Class A Ordinary Shares,$0.5906,0.0387,7.012%,63482,9550371.00,Singapore,2024,Motor Vehicles,Consumer Discretionary,/market-activity/stocks/ineo,NASDAQ
INGN,Inogen Inc Common Stock,$5.37,-0.13,-2.364%,306550,142510870.00,United States,2014,Industrial Specialties,Health Care,/market-activity/stocks/ingn,NASDAQ
INHD,Inno Holdings Inc. Common Stock,$5.44,-0.17,-3.03%,248729,13711961.00,United States,2023,Steel/Iron Ore,Industrials,/market-activity/stocks/inhd,NASDAQ
INIO,INNIO N.V. Ordinary Shares,$20.20,-0.63,-3.024%,4134806,15150000000.00,Germany,2026,Metal Fabrications,Consumer Discretionary,/market-activity/stocks/inio,NASDAQ
INKT,MiNK Therapeutics Inc. Common Stock,$11.09,-0.3382,-2.959%,11988,56592292.00,United States,2021,Biotechnology: Biological Products (No Diagnostic Substances),Health Care,/market-activity/stocks/inkt,NASDAQ
INLF,INLIF LIMITED Class A Ordinary Shares,$4.00,0.15,3.896%,36628,4361192.00,China,2025,Industrial Machinery/Components,Industrials,/market-activity/stocks/inlf,NASDAQ
INM,InMed Pharmaceuticals Inc. Common Shares,$1.35,-0.03,-2.174%,90050,4473985.00,Canada,,Biotechnology: Pharmaceutical Preparations,Health Care,/market-activity/stocks/inm,NASDAQ
INMB,INmune Bio Inc. Common stock,$2.30,-0.03,-1.288%,294764,63833715.00,United States,2019,Biotechnology: Biological Products (No Diagnostic Substances),Health Care,/market-activity/stocks/inmb,NASDAQ
INMD,InMode Ltd. Ordinary Shares,$14.96,0.11,0.741%,698835,859912349.00,Israel,2019,Biotechnology: Electromedical & Electrotherapeutic Apparatus,Health Care,/market-activity/stocks/inmd,NASDAQ
INNV,InnovAge Holding Corp. Common Stock,$10.80,-0.06,-0.552%,249778,1465953044.00,United States,2021,Medical/Nursing Services,Health Care,/market-activity/stocks/innv,NASDAQ
INO,Inovio Pharmaceuticals Inc. Common Stock,$1.27,-0.02,-1.55%,5624381,131314848.00,United States,,Biotechnology: Pharmaceutical Preparations,Health Care,/market-activity/stocks/ino,NASDAQ
INOD,Innodata Inc. Common Stock,$56.42,-0.17,-0.30%,745464,1939869169.00,United States,1993,EDP Services,Technology,/market-activity/stocks/inod,NASDAQ
INSE,Inspired Entertainment Inc. Common Stock,$5.83,-0.10,-1.686%,112717,153669309.00,United States,2014,Computer Software: Prepackaged Software,Technology,/market-activity/stocks/inse,NASDAQ
INSG,Inseego Corp. Common Stock,$4.18,-0.22,-5.00%,174814,68638075.00,United States,,Telecommunications Equipment,Telecommunications,/market-activity/stocks/insg,NASDAQ
INSM,Insmed Incorporated Common Stock,$121.82,3.28,2.767%,2389665,26603234695.00,United States,,Biotechnology: Pharmaceutical Preparations,Health Care,/market-activity/stocks/insm,NASDAQ
INTA,Intapp Inc. Common Stock,$43.37,-0.10,-0.23%,662091,3318288489.00,United States,2021,Computer Software: Prepackaged Software,Technology,/market-activity/stocks/inta,NASDAQ
INTC,Intel Corporation Common Stock,$89.51,0.04,0.045%,65013306,473066571930.00,United States,,Semiconductors,Technology,/market-activity/stocks/intc,NASDAQ
INTG,Intergroup Corporation (The) Common Stock,$35.44,0.04,0.113%,135452,76153897.00,United States,,Building operators,Real Estate,/market-activity/stocks/intg,NASDAQ
INTJ,Intelligent Group Limited Class A Ordinary Shares ,$3.10,-0.03,-0.958%,1642,4766244.00,Hong Kong,2024,Professional Services,Consumer Discretionary,/market-activity/stocks/intj,NASDAQ
INTR,Inter & Co. Inc. Class A Common Shares,$5.41,0.03,0.558%,3585460,2387550197.00,Brazil,,Commercial Banks,Finance,/market-activity/stocks/intr,NASDAQ
INTS,Intensity Therapeutics Inc. Common stock,$4.21,-0.04,-0.941%,6430,13745141.00,United States,2023,Biotechnology: Biological Products (No Diagnostic Substances),Health Care,/market-activity/stocks/ints,NASDAQ
INTU,Intuit Inc. Common Stock,$359.30,1.24,0.346%,3082598,98281844100.00,United States,1993,Computer Software: Prepackaged Software,Technology,/market-activity/stocks/intu,NASDAQ
INTZ,Intrusion Inc. Common Stock,$0.90,0.1054,13.265%,574193,22056258.00,United States,,Computer Communications Equipment,Telecommunications,/market-activity/stocks/intz,NASDAQ
INV,Innventure Inc. Common Stock,$1.29,0.03,2.381%,2719540,109150328.00,United States,,Blank Checks,Finance,/market-activity/stocks/inv,NASDAQ
INVA,Innoviva Inc. Common Stock,$20.77,-0.20,-0.954%,877304,1500538723.00,United States,2004,Biotechnology: Pharmaceutical Preparations,Health Care,/market-activity/stocks/inva,NASDAQ
INVE,Identiv Inc. Common Stock,$2.81,0.05,1.812%,179953,68102466.00,United States,,Computer peripheral equipment,Technology,/market-activity/stocks/inve,NASDAQ
INVZ,Innoviz Technologies Ltd. Ordinary shares,$0.3455,-0.0045,-1.286%,3216969,122548390.00,Israel,,Auto Parts:O.E.M.,Consumer Discretionary,/market-activity/stocks/invz,NASDAQ
IOND,Ionic Digital Inc. Class A Common Stock,$71.82,0.51,0.715%,502750,3226256887.00,United States,,Finance: Consumer Services,Finance,/market-activity/stocks/iond,NASDAQ
IONR,ioneer Ltd American Depositary Shares,$3.16,0.08,2.597%,79624,242896083.00,Australia,,Mining & Quarrying of Nonmetallic Minerals (No Fuels),Industrials,/market-activity/stocks/ionr,NASDAQ
IONS,Ionis Pharmaceuticals Inc. Common Stock,$60.36,-0.69,-1.13%,2017139,10030885676.00,United States,,Biotechnology: Pharmaceutical Preparations,Health Care,/market-activity/stocks/ions,NASDAQ
IOSP,Innospec Inc. Common Stock,$93.86,-1.52,-1.594%,160632,2311870071.00,United States,,Major Chemicals,Industrials,/market-activity/stocks/iosp,NASDAQ
IOTR,iOThree Limited Ordinary Shares,$2.46,0.01,0.408%,40004,11965130.00,Singapore,2025,Telecommunications Equipment,Consumer Discretionary,/market-activity/stocks/iotr,NASDAQ
IOVA,Iovance Biotherapeutics Inc. Common Stock,$8.17,0.16,1.998%,12123306,3700776599.00,United States,,Biotechnology: Biological Products (No Diagnostic Substances),Health Care,/market-activity/stocks/iova,NASDAQ
IPAR,Interparfums Inc. Common Stock,$117.43,-0.35,-0.297%,184021,3760787463.00,United States,,Package Goods/Cosmetics,Consumer Discretionary,/market-activity/stocks/ipar,NASDAQ
IPDN,Professional Diversity Network Inc. Common Stock,$0.126,0.003,2.439%,584116,1820741.00,United States,2013,Computer Software: Programming Data Processing,Technology,/market-activity/stocks/ipdn,NASDAQ
IPEX,Inflection Point Acquisition Corp. V Class A Ordinary Shares,$10.60,0.00,0.00%,24794,,United States,2025,Biotechnology: Pharmaceutical Preparations,Health Care,/market-activity/stocks/ipex,NASDAQ
IPEXR,Inflection Point Acquisition Corp. V Rights,$0.5492,-0.0208,-3.649%,121323,0.00,United States,2025,Blank Checks,Finance,/market-activity/stocks/ipexr,NASDAQ
IPFX,Inflection Point Acquisition Corp. VI Class A Ordinary Shares,$10.11,-0.02,-0.197%,351761,0.00,United States,2026,Blank Checks,Finance,/market-activity/stocks/ipfx,NASDAQ
IPFXU,Inflection Point Acquisition Corp. VI Units,$10.50,-0.09,-0.85%,127,0.00,United States,2026,Blank Checks,Finance,/market-activity/stocks/ipfxu,NASDAQ
IPFXW,Inflection Point Acquisition Corp. VI Warrant,$1.00,-0.02,-1.961%,12986,0.00,United States,2026,Blank Checks,Finance,/market-activity/stocks/ipfxw,NASDAQ
IPGP,IPG Photonics Corporation Common Stock,$76.08,-0.45,-0.588%,623568,3236027727.00,United States,2006,Semiconductors,Technology,/market-activity/stocks/ipgp,NASDAQ
IPHA,Innate Pharma S.A. ADS,$2.17,-0.05,-2.252%,9965,203524393.00,France,2019,Biotechnology: Biological Products (No Diagnostic Substances),Health Care,/market-activity/stocks/ipha,NASDAQ
IPHXU,Inflection Point Acquisition Corp. VIII Unit,$10.125,0.025,0.248%,195261,0.00,United States,2026,,,/market-activity/stocks/iphxu,NASDAQ
IPM,Intelligent Protection Management Corp. Common Stock ,$1.86,0.00,0.00%,914,16806456.00,United States,,Computer Software: Programming Data Processing,Technology,/market-activity/stocks/ipm,NASDAQ
IPSC,Century Therapeutics Inc. Common Stock,$2.05,0.025,1.235%,373908,371204408.00,United States,2021,Biotechnology: Biological Products (No Diagnostic Substances),Health Care,/market-activity/stocks/ipsc,NASDAQ
IPST,IP Strategy Holdings Inc. Common Stock,$3.94,-0.21,-5.06%,116306,2843017.00,United States,2024,Beverages (Production/Distribution),Consumer Staples,/market-activity/stocks/ipst,NASDAQ
IPVV,InterPrivate Investment Partners V Inc. Class A Ordinary Shares,$9.83,-0.02,-0.203%,986,0.00,United States,2026,Blank Checks,Finance,/market-activity/stocks/ipvv,NASDAQ
IPVVU,InterPrivate Investment Partners V Inc. Units,$9.92,0.00,0.00%,478,0.00,United States,2026,Blank Checks,Finance,/market-activity/stocks/ipvvu,NASDAQ
IPW,iPower Inc. Common Stock,$1.96,0.01,0.513%,33243,1841371.00,United States,2021,RETAIL: Building Materials,Consumer Discretionary,/market-activity/stocks/ipw,NASDAQ
IPWR,Ideal Power Inc. Common Stock,$4.90,0.21,4.478%,120357,80529810.00,United States,2013,Semiconductors,Technology,/market-activity/stocks/ipwr,NASDAQ
IPX,IperionX Limited American Depositary Share,$21.87,0.86,4.093%,212827,742232961.00,United States,,Other Metals and Minerals,Basic Materials,/market-activity/stocks/ipx,NASDAQ
IPXG,Inflection Point Acquisition Corp. VII Class A Ordinary Shares,$10.08,0.04,0.398%,3841,0.00,United States,2026,Blank Checks,Finance,/market-activity/stocks/ipxg,NASDAQ
IPXGW,Inflection Point Acquisition Corp. VII Warrant,$0.75,0.02,2.74%,22885,0.00,United States,2026,Blank Checks,Finance,/market-activity/stocks/ipxgw,NASDAQ
IQ,iQIYI Inc. American Depositary Shares,$0.9339,0.0139,1.511%,10166728,901236600.00,China,2018,Consumer Electronics/Video Chains,Consumer Discretionary,/market-activity/stocks/iq,NASDAQ
IQMX,IQM Quantum Computers Oyj American Depositary Shares,$10.49,-0.10,-0.944%,434116,1987815327.00,Finland,,Computer Software: Prepackaged Software,Technology,/market-activity/stocks/iqmx,NASDAQ
IQMXW,IQM Quantum Computers Oyj Warrants to purchase American Depositary Shares,$2.25,-0.05,-2.174%,22259,426366491.00,Finland,,Blank Checks,Finance,/market-activity/stocks/iqmxw,NASDAQ
IQST,iQSTEL Inc. Common Stock,$0.9762,-0.0015,-0.153%,108360,10656062.00,United States,,Telecommunications Equipment,Telecommunications,/market-activity/stocks/iqst,NASDAQ
IRD,Opus Genetics Inc. Common Stock,$3.62,-0.07,-1.897%,584113,301168879.00,United States,,Biotechnology: Pharmaceutical Preparations,Health Care,/market-activity/stocks/ird,NASDAQ
IRDM,Iridium Communications Inc Common Stock,$46.98,0.38,0.815%,928546,4978018793.00,United States,,Telecommunications Equipment,Consumer Discretionary,/market-activity/stocks/irdm,NASDAQ
IREN,IREN Limited Ordinary Shares,$37.115,1.665,4.697%,39554998,14625486721.00,Australia,2021,Finance: Consumer Services,Finance,/market-activity/stocks/iren,NASDAQ
IRHO,Iron Horse Acquisitions II Corp. Common Stock,$10.05,0.00,0.00%,10376,0.00,United States,2026,Blank Checks,Finance,/market-activity/stocks/irho,NASDAQ
IRHOR,Iron Horse Acquisitions Corp. II Rights,$0.195,0.0199,11.365%,2584,0.00,United States,2026,Blank Checks,Finance,/market-activity/stocks/irhor,NASDAQ
IRHOU,Iron Horse Acquisitions II Corp. Units,$10.16,0.00,0.00%,876,0.00,United States,2025,Blank Checks,Finance,/market-activity/stocks/irhou,NASDAQ
IRIX,IRIDEX Corporation Common Stock,$0.7236,0.0171,2.42%,27465,12709970.00,United States,1996,Biotechnology: Electromedical & Electrotherapeutic Apparatus,Health Care,/market-activity/stocks/irix,NASDAQ
IRMD,iRadimed Corporation Common Stock,$86.38,-0.69,-0.792%,113060,1104540283.00,United States,2014,Medical/Dental Instruments,Health Care,/market-activity/stocks/irmd,NASDAQ
IRON,Disc Medicine Inc. Common Stock,$78.65,-1.38,-1.724%,882043,3019597181.00,United States,,Biotechnology: Pharmaceutical Preparations,Health Care,/market-activity/stocks/iron,NASDAQ
IRTC,iRhythm Holdings Inc. Common Stock,$118.94,-1.31,-1.089%,480682,3920619577.00,United States,2016,Medical/Dental Instruments,Health Care,/market-activity/stocks/irtc,NASDAQ
IRWD,Ironwood Pharmaceuticals Inc. Class A Common Stock,$4.25,0.12,2.906%,1668293,702269775.00,United States,2010,Biotechnology: Pharmaceutical Preparations,Health Care,/market-activity/stocks/irwd,NASDAQ
ISBA,Isabella Bank Corporation Common stock,$38.24,-1.20,-3.043%,114616,291728104.00,United States,,Major Banks,Finance,/market-activity/stocks/isba,NASDAQ
ISNR,Snow Rothschild Acquisition Corp. Class A Ordinary Shares,$9.875,0.074,0.755%,648,0.00,United States,2026,Blank Checks,Finance,/market-activity/stocks/isnr,NASDAQ
ISNRU,Snow Rothschild Acquisition Corp. Units,$9.98,0.00,0.00%,1,0.00,United States,2026,Blank Checks,Finance,/market-activity/stocks/isnru,NASDAQ
ISNRW,Snow Rothschild Acquisition Corp. Warrants,$0.2201,-0.04,-15.379%,1500,0.00,United States,2026,Blank Checks,Finance,/market-activity/stocks/isnrw,NASDAQ
ISPC,iSpecimen Inc. Common Stock,$1.54,0.00,0.00%,60114,3878629.00,United States,2021,Biotechnology: Commercial Physical & Biological Resarch,Health Care,/market-activity/stocks/ispc,NASDAQ
ISPR,Ispire Technology Inc. Common Stock,$1.47,0.05,3.521%,13029,84377112.00,United States,2023, Medicinal Chemicals and Botanical Products ,Health Care,/market-activity/stocks/ispr,NASDAQ
ISRG,Intuitive Surgical Inc. Common Stock,$376.86,4.26,1.143%,1922205,133136361401.00,United States,2000,Industrial Specialties,Health Care,/market-activity/stocks/isrg,NASDAQ
ISTR,Investar Holding Corporation Common Stock,$30.13,-0.16,-0.528%,70276,415101793.00,United States,2014,Major Banks,Finance,/market-activity/stocks/istr,NASDAQ
ITG,ITG Inc. Class A Common Stock,$12.17,-0.13,-1.057%,96651,1510993355.00,United States,2026,Water Sewer Pipeline Comm & Power Line Construction,Industrials,/market-activity/stocks/itg,NASDAQ
ITHA,ITHAX Acquisition Corp III Class A Ordinary Shares,$10.04,0.00,0.00%,506,0.00,United States,2026,,,/market-activity/stocks/itha,NASDAQ
ITHAU,ITHAX Acquisition Corp III Units,$10.13,0.03,0.297%,135,0.00,United States,2025,,,/market-activity/stocks/ithau,NASDAQ
ITHAW,ITHAX Acquisition Corp III Warrants,$0.1801,0.0001,0.056%,202,0.00,United States,2026,,,/market-activity/stocks/ithaw,NASDAQ
ITIC,Investors Title Company Common Stock,$294.40,-4.94,-1.65%,78601,555826022.00,United States,,Specialty Insurers,Finance,/market-activity/stocks/itic,NASDAQ
ITOC,iTonic Holdings Ltd Class A Ordinary Shares,$0.2937,-0.023,-7.262%,92292,5007585.00,China,2024,Biotechnology: Electromedical & Electrotherapeutic Apparatus,Health Care,/market-activity/stocks/itoc,NASDAQ
ITRI,Itron Inc. Common Stock,$97.01,-0.52,-0.533%,491016,4247752909.00,United States,1993,Electrical Products,Industrials,/market-activity/stocks/itri,NASDAQ
ITRN,Ituran Location and Control Ltd. Ordinary Shares,$50.96,0.18,0.354%,140626,1013776837.00,Israel,2005,Electronic Components,Technology,/market-activity/stocks/itrn,NASDAQ
IVA,Inventiva S.A. American Depository Shares,$4.68,-0.025,-0.531%,1004227,1105791345.00,France,2020,Biotechnology: Pharmaceutical Preparations,Health Care,/market-activity/stocks/iva,NASDAQ
IVDA,Iveda Solutions Inc. Common Stock,$0.287,-0.0041,-1.408%,281345,3592961.00,United States,,Computer Software: Prepackaged Software,Technology,/market-activity/stocks/ivda,NASDAQ
IVDAW,Iveda Solutions Inc. Warrant,$0.0327,-0.003,-8.403%,6000,409372.00,United States,,Computer Software: Prepackaged Software,Technology,/market-activity/stocks/ivdaw,NASDAQ
IVF,INVO Fertility Inc. Common Stock,$1.03,0.03,3.00%,181362,2582178.00,United States,,Medical/Dental Instruments,Health Care,/market-activity/stocks/ivf,NASDAQ
IVVD,Invivyd Inc. Common Stock,$0.9549,-0.0096,-0.995%,3495181,281465127.00,United States,2021,Biotechnology: Biological Products (No Diagnostic Substances),Health Care,/market-activity/stocks/ivvd,NASDAQ
IXHL,Incannex Healthcare Inc. Common Stock,$3.35,-0.29,-7.967%,80050,40081256.00,Australia,,Biotechnology: Pharmaceutical Preparations,Health Care,/market-activity/stocks/ixhl,NASDAQ
IZEA,IZEA Worldwide Inc. Common Stock,$3.04,-0.03,-0.977%,19494,52945509.00,United States,,Advertising,Consumer Discretionary,/market-activity/stocks/izea,NASDAQ
IZM,ICZOOM Group Inc. Class A Ordinary Shares,$0.245,0.003,1.24%,27134,2944437.00,China,2023,Consumer Electronics/Video Chains,Consumer Discretionary,/market-activity/stocks/izm,NASDAQ
JACK,Jack In The Box Inc. Common Stock,$16.51,0.32,1.977%,730408,316650738.00,United States,,Restaurants,Consumer Discretionary,/market-activity/stocks/jack,NASDAQ
JAGX,Jaguar Health Inc. Common Stock,$0.7911,-0.0188,-2.321%,48094,4088642.00,United States,2015,Biotechnology: Pharmaceutical Preparations,Health Care,/market-activity/stocks/jagx,NASDAQ
JAKK,JAKKS Pacific Inc. Common Stock,$25.11,-0.31,-1.22%,64712,287384251.00,United States,1996,Recreational Games/Products/Toys,Consumer Discretionary,/market-activity/stocks/jakk,NASDAQ
JANX,Janux Therapeutics Inc. Common Stock,$18.22,0.19,1.054%,712608,1113912004.00,United States,2021,Biotechnology: Pharmaceutical Preparations,Health Care,/market-activity/stocks/janx,NASDAQ
JATT,JATT II Acquisition Corp Ordinary Shares,$12.125,0.125,1.042%,6526,0.00,United States,2026,Blank Checks,Finance,/market-activity/stocks/jatt,NASDAQ
JAZZ,Jazz Pharmaceuticals plc Common Stock (Ireland),$250.68,6.14,2.511%,1221006,16272786162.00,Ireland,2007,Biotechnology: Pharmaceutical Preparations,Health Care,/market-activity/stocks/jazz,NASDAQ
JBDI,JBDI Holdings Limited Ordinary Shares,$1.26,-0.0784,-5.858%,2976,11988310.00,Singapore,2024,,,/market-activity/stocks/jbdi,NASDAQ
JBHT,J.B. Hunt Transport Services Inc. Common Stock,$265.47,4.44,1.701%,1067785,24931598856.00,United States,,Trucking Freight/Courier Services,Industrials,/market-activity/stocks/jbht,NASDAQ
JBIO,Jade Biosciences Inc. Common Stock,$21.36,0.52,2.495%,837037,1358440186.00,United States,2021,Biotechnology: Pharmaceutical Preparations,Health Care,/market-activity/stocks/jbio,NASDAQ
JBLU,JetBlue Airways Corporation Common Stock,$4.60,-0.20,-4.167%,24061489,1735636033.00,United States,2002,Air Freight/Delivery Services,Consumer Discretionary,/market-activity/stocks/jblu,NASDAQ
JBSS,John B. Sanfilippo & Son Inc. Common Stock,$73.69,-0.97,-1.299%,114027,861692615.00,United States,1991,Specialty Foods,Consumer Staples,/market-activity/stocks/jbss,NASDAQ
JCAP,Jefferson Capital Inc. Common Stock,$20.81,-0.28,-1.328%,245753,1195025404.00,United States,2025,Finance Companies,Finance,/market-activity/stocks/jcap,NASDAQ
JCSE,JE Cleantech Holdings Limited Ordinary Shares,$1.525,0.195,14.662%,14637,8010398.00,Singapore,2022,Miscellaneous manufacturing industries,Consumer Discretionary,/market-activity/stocks/jcse,NASDAQ
JCTC,Jewett-Cameron Trading Company Common Shares,$2.96,0.00,0.00%,4071,10419534.00,United States,,RETAIL: Building Materials,Consumer Discretionary,/market-activity/stocks/jctc,NASDAQ
JD,JD.com Inc. American Depositary Shares,$28.24,-0.50,-1.74%,7307688,37954560000.00,China,2014,Other Specialty Stores,Consumer Discretionary,/market-activity/stocks/jd,NASDAQ
JDZG,JIADE LIMITED Class A Ordinary Shares,$3.21,-0.29,-8.286%,169642,17435060.00,China,2024,Other Consumer Services,Real Estate,/market-activity/stocks/jdzg,NASDAQ
JEM,707 Cayman Holdings Limited Ordinary Shares,$4.42,-0.18,-3.913%,42634,2965595.00,China,2025,Clothing/Shoe/Accessory Stores,Consumer Discretionary,/market-activity/stocks/jem,NASDAQ
JF,J and Friends Holdings Limited American Depositary Shares,$0.9204,-0.0296,-3.116%,8510,16880278.00,China,2018,Computer Software: Programming Data Processing,Technology,/market-activity/stocks/jf,NASDAQ
JFB,JFB Construction Holdings Class A Common Stock,$4.75,-0.03,-0.628%,675587,96094414.00,United States,2025,General Bldg Contractors - Nonresidential Bldgs,Consumer Discretionary,/market-activity/stocks/jfb,NASDAQ
JFIN,Jiayin Group Inc. American Depositary Shares,$2.01,-0.09,-4.286%,92292,105182387.00,China,2019,Finance: Consumer Services,Finance,/market-activity/stocks/jfin,NASDAQ
JFU,9F Inc. American Depositary Shares,$2.92,0.02,0.69%,5686,34378132.00,China,2019,Finance: Consumer Services,Finance,/market-activity/stocks/jfu,NASDAQ
JG,Aurora Mobile Limited American Depositary Shares,$6.3839,-0.0961,-1.483%,6755,38058150.00,China,2018,Computer Software: Programming Data Processing,Technology,/market-activity/stocks/jg,NASDAQ
JJSF,J & J Snack Foods Corp. Common Stock,$88.18,-1.08,-1.21%,150830,1647344193.00,United States,1986,Specialty Foods,Consumer Staples,/market-activity/stocks/jjsf,NASDAQ
JKHY,Jack Henry & Associates Inc. Common Stock,$167.91,-1.82,-1.072%,835494,11930136470.00,United States,1985,EDP Services,Technology,/market-activity/stocks/jkhy,NASDAQ
JL,J-Long Group Limited Class A Ordinary Shares,$4.92,0.21,4.459%,52957,17540789.00,Hong Kong,2024,Clothing/Shoe/Accessory Stores,Consumer Discretionary,/market-activity/stocks/jl,NASDAQ
JLHL,Julong Holding Limited Class A Ordinary Shares,$6.00,-0.28,-4.459%,96112,128691792.00,China,2025,Military/Government/Technical,Consumer Discretionary,/market-activity/stocks/jlhl,NASDAQ
JMSB,John Marshall Bancorp Inc. Common Stock,$22.84,-0.095,-0.414%,42060,322321141.00,United States,,Major Banks,Finance,/market-activity/stocks/jmsb,NASDAQ
JOUT,Johnson Outdoors Inc. Class A Common Stock,$45.00,-0.93,-2.025%,41864,471585150.00,United States,,Recreational Games/Products/Toys,Consumer Discretionary,/market-activity/stocks/jout,NASDAQ
JOYY,JOYY Inc. American Depositary Shares,$74.64,0.11,0.148%,544965,3860529483.00,Singapore,2012,EDP Services,Technology,/market-activity/stocks/joyy,NASDAQ
JRSH,Jerash Holdings (US) Inc. Common Stock,$5.63,0.21,3.875%,108785,71500662.00,United States,2018,Apparel,Consumer Discretionary,/market-activity/stocks/jrsh,NASDAQ
JRVR,James River Group Holdings Inc. Common Stock,$4.01,-0.13,-3.14%,247918,185418510.00,Bermuda,2014,Property-Casualty Insurers,Finance,/market-activity/stocks/jrvr,NASDAQ
JSM,Navient Corporation 6% Senior Notes due December 15 2043,$18.39,0.17,0.933%,25005,1828536789.00,United States,,Investment Bankers/Brokers/Service,Finance,/market-activity/stocks/jsm,NASDAQ
JSPR,Jasper Therapeutics Inc. Common Stock,$0.7114,0.0117,1.672%,388056,23671523.00,United States,2020,Biotechnology: Biological Products (No Diagnostic Substances),Health Care,/market-activity/stocks/jspr,NASDAQ
JSPRW,Japer Therapeutics Inc. Warrants,$0.009,0.0001,1.124%,10436,299471.00,United States,2020,Biotechnology: Biological Products (No Diagnostic Substances),Health Care,/market-activity/stocks/jsprw,NASDAQ
JTAI,Jet.AI Inc. Common Stock,$1.495,-0.015,-0.993%,62861,5318494.00,United States,2021,Transportation Services,Consumer Discretionary,/market-activity/stocks/jtai,NASDAQ
JTTT,JATT III Acquisition Corp Ordinary Shares,$10.99,0.03,0.274%,77343,0.00,United States,2026,Blank Checks,Finance,/market-activity/stocks/jttt,NASDAQ
JUNS,Jupiter Neurosciences Inc. Common Stock,$3.54,-0.64,-15.311%,258186,3231698.00,United States,2024,Biotechnology: Pharmaceutical Preparations,Health Care,/market-activity/stocks/juns,NASDAQ
JVA,Coffee Holding Co. Inc. Common Stock,$3.42,-0.01,-0.292%,13374,19523409.00,United States,2005,Packaged Foods,Consumer Staples,/market-activity/stocks/jva,NASDAQ
JWEL,Jowell Global Ltd. Ordinary Shares,$2.44,0.07,2.954%,245861,5797760.00,China,2021,Other Consumer Services,Consumer Discretionary,/market-activity/stocks/jwel,NASDAQ
JXG,JX Luxventure Group Inc. Common Stock,$9.01,0.00,0.00%,20571,108659492.00,China,2013,Office Equipment/Supplies/Services,Industrials,/market-activity/stocks/jxg,NASDAQ
JYD,Jayud Global Logistics Limited Class A Ordinary Shares,$0.8703,-0.0421,-4.614%,28076,7222533.00,China,2023,Integrated Freight & Logistics,Industrials,/market-activity/stocks/jyd,NASDAQ
JYNT,The Joint Corp. Common Stock,$8.44,0.01,0.119%,76759,119368220.00,United States,2014,Multi-Sector Companies,Miscellaneous,/market-activity/stocks/jynt,NASDAQ
JZ,Jianzhi Education Technology Group Company Limited American Depositary Shs,$1.28,-0.05,-3.759%,2581358,3082641.00,China,2022,Other Consumer Services,Real Estate,/market-activity/stocks/jz,NASDAQ
JZXN,Jiuzi Holdings Inc. Ordinary Shares,$1.16,-0.01,-0.855%,54022,59754800.00,China,2021,Retail-Auto Dealers and Gas Stations,Consumer Discretionary,/market-activity/stocks/jzxn,NASDAQ
KALA,KALA BIO Inc. Common Stock,$0.6727,-0.0174,-2.521%,238719,13009874.00,United States,2017,Biotechnology: Pharmaceutical Preparations,Health Care,/market-activity/stocks/kala,NASDAQ
KALU,Kaiser Aluminum Corporation Common Stock,$158.78,2.40,1.535%,362799,2595908828.00,United States,,Metal Fabrications,Industrials,/market-activity/stocks/kalu,NASDAQ
KARD,Kardigan Inc. Common Stock,$20.16,0.14,0.699%,184910,1885034572.00,United States,2026,Biotechnology: Pharmaceutical Preparations,Health Care,/market-activity/stocks/kard,NASDAQ
KARO,Karooooo Ltd. Ordinary Shares,$66.51,-0.69,-1.027%,31735,2054713383.00,Singapore,2021,Computer Software: Prepackaged Software,Technology,/market-activity/stocks/karo,NASDAQ
KAZR,Skyline Builders Group Holding Limited Class A Ordinary Shares,$2.08,-0.12,-5.455%,108268,37319556.00,Hong Kong,2025,Engineering & Construction,Consumer Discretionary,/market-activity/stocks/kazr,NASDAQ
KBON,Karbon Capital Partners Corp. Class A Ordinary Shares,$10.12,0.00,0.00%,9,0.00,United States,2026,Blank Checks,Finance,/market-activity/stocks/kbon,NASDAQ
KBONU,Karbon Capital Partners Corp. Units,$10.30,0.00,0.00%,2,0.00,United States,2025,Blank Checks,Finance,/market-activity/stocks/kbonu,NASDAQ
KBONW,Karbon Capital Partners Corp. Warrant,$0.60,-0.095,-13.669%,129,0.00,United States,2026,Blank Checks,Finance,/market-activity/stocks/kbonw,NASDAQ
KBSX,FST Corp. Ordinary Shares,$0.997,-0.023,-2.255%,3156,44631705.00,Taiwan,,Recreational Games/Products/Toys,Consumer Discretionary,/market-activity/stocks/kbsx,NASDAQ
KC,Kingsoft Cloud Holdings Limited American Depositary Shares,$10.24,-0.40,-3.759%,1645111,3065545359.00,China,2020,Computer Software: Prepackaged Software,Technology,/market-activity/stocks/kc,NASDAQ
KCHV,Kochav Defense Acquisition Corp. Class A Ordinary Shares,$10.44,0.00,0.00%,57,0.00,United States,2025,,,/market-activity/stocks/kchv,NASDAQ
KCHVR,Kochav Defense Acquisition Corp. Right,$0.10,0.00,0.00%,3505,0.00,United States,2025,Blank Checks,Finance,/market-activity/stocks/kchvr,NASDAQ
KCHVU,Kochav Defense Acquisition Corp. Units,$10.48,0.00,0.00%,2,0.00,United States,2025,,,/market-activity/stocks/kchvu,NASDAQ
KDK,Kodiak AI Inc. Common Stock ,$3.78,-0.12,-3.077%,704423,758336683.00,United States,,EDP Services,Technology,/market-activity/stocks/kdk,NASDAQ
KDKRW,Kodiak AI Inc. Warrants,$0.6201,-0.0298,-4.585%,975,124403327.00,United States,,EDP Services,Technology,/market-activity/stocks/kdkrw,NASDAQ
KDP,Keurig Dr Pepper Inc. Common Stock,$31.86,-0.32,-0.994%,11511370,43355917571.00,United States,,Beverages (Production/Distribution),Consumer Staples,/market-activity/stocks/kdp,NASDAQ
KE,Kimball Electronics Inc. Common Stock,$23.62,0.16,0.682%,202561,566100422.00,United States,,Electrical Products,Technology,/market-activity/stocks/ke,NASDAQ
KEEL,Keel Infrastructure Corp. Common Stock,$3.15,-0.07,-2.174%,43844893,1945355618.00,Canada,,Finance: Consumer Services,Finance,/market-activity/stocks/keel,NASDAQ
KELYA,Kelly Services Inc. Class A Common Stock,$17.20,-0.08,-0.463%,507507,597389420.00,United States,,Professional Services,Consumer Discretionary,/market-activity/stocks/kelya,NASDAQ
KELYB,Kelly Services Inc. Class B Common Stock,$24.19,0.92,3.954%,1523,840165701.00,United States,,Professional Services,Consumer Discretionary,/market-activity/stocks/kelyb,NASDAQ
KEQU,Kewaunee Scientific Corporation Common Stock,$37.67,-0.11,-0.291%,365,108128345.00,United States,,Medical Specialities,Industrials,/market-activity/stocks/kequ,NASDAQ
KEYY,Keystone Acquisition Corp. Class A Ordinary Shares,$9.895,-0.005,-0.051%,251872,0.00,United States,2026,Blank Checks,Finance,/market-activity/stocks/keyy,NASDAQ
KEYYU,Keystone Acquisition Corp. Unit,$10.05,0.00,0.00%,1,0.00,United States,2026,Blank Checks,Finance,/market-activity/stocks/keyyu,NASDAQ
KEYYW,Keystone Acquisition Corp. Warrants,$0.35,-0.0151,-4.136%,2835,0.00,United States,2026,Blank Checks,Finance,/market-activity/stocks/keyyw,NASDAQ
KFFB,Kentucky First Federal Bancorp Common Stock,$5.70,-0.44,-7.166%,7961,46094276.00,United States,2005,Savings Institutions,Finance,/market-activity/stocks/kffb,NASDAQ
KFII,K&F Growth Acquisition Corp. II Class A Ordinary shares,$10.65,0.01,0.094%,67556,0.00,United States,2025,,,/market-activity/stocks/kfii,NASDAQ
KFIIR,K&F Growth Acquisition Corp. II Rights,$0.1198,0.00,0.00%,11,0.00,United States,2025,,,/market-activity/stocks/kfiir,NASDAQ
KFIIU,K&F Growth Acquisition Corp. II Unit,$10.69,0.00,0.00%,39,0.00,United States,2025,Blank Checks,Finance,/market-activity/stocks/kfiiu,NASDAQ
KG,Kestrel Group Ltd.,$7.07,-0.50,-6.605%,6544,55315892.00,Bermuda,2008,Property-Casualty Insurers,Finance,/market-activity/stocks/kg,NASDAQ
KGEI,Kolibri Global Energy Inc. Common stock,$6.03,0.19,3.253%,181157,215718414.00,United States,,Oil & Gas Production,Energy,/market-activity/stocks/kgei,NASDAQ
KHC,The Kraft Heinz Company Common Stock,$25.67,-0.03,-0.117%,18540120,30440095868.00,United States,,Packaged Foods,Consumer Staples,/market-activity/stocks/khc,NASDAQ
KIDS,OrthoPediatrics Corp. Common Stock,$23.31,-0.34,-1.438%,130117,608619158.00,United States,2017,Medical/Dental Instruments,Health Care,/market-activity/stocks/kids,NASDAQ
KIDZ,KIDZ AI Inc. Class B Common Stock,$4.53,-0.155,-3.308%,29208,3898867.00,United States,,Other Consumer Services,Real Estate,/market-activity/stocks/kidz,NASDAQ
KIDZW,KIDZ AI Inc. Warrants,$0.0119,0.0033,38.372%,6121,10242.00,United States,,Other Consumer Services,Real Estate,/market-activity/stocks/kidzw,NASDAQ
KINS,Kingstone Companies Inc. Common Stock,$19.65,-0.35,-1.75%,127155,284456013.00,United States,,Property-Casualty Insurers,Finance,/market-activity/stocks/kins,NASDAQ
KITT,Nauticus Robotics Inc. Common stock,$0.8111,0.0141,1.769%,147232,6060507.00,United States,2021,Industrial Machinery/Components,Industrials,/market-activity/stocks/kitt,NASDAQ
KITTW,Nauticus Robotics Inc. Warrant,$0.0135,-0.0003,-2.174%,5055,100871.00,United States,2021,Industrial Machinery/Components,Industrials,/market-activity/stocks/kittw,NASDAQ
KLAC,KLA Corporation Common Stock,$175.45,-0.09,-0.051%,7602823,229233633077.00,United States,1980,Electronic Components,Technology,/market-activity/stocks/klac,NASDAQ
KLIC,Kulicke and Soffa Industries Inc. Common Stock,$80.06,-0.97,-1.197%,736261,4189468947.00,Singapore,,Semiconductors,Technology,/market-activity/stocks/klic,NASDAQ
KLRA,Kailera Therapeutics Inc. Common Stock,$15.40,-0.81,-4.997%,1144004,1996512610.00,United States,2026,Biotechnology: Pharmaceutical Preparations,Health Care,/market-activity/stocks/klra,NASDAQ
KLRS,Kalaris Therapeutics Inc. Common Stock,$4.04,0.01,0.248%,19592,96172123.00,United States,2020,Biotechnology: Biological Products (No Diagnostic Substances),Health Care,/market-activity/stocks/klrs,NASDAQ
KLTR,Kaltura Inc. Common Stock,$1.58,-0.02,-1.25%,187430,241030932.00,United States,2021,Computer Software: Prepackaged Software,Technology,/market-activity/stocks/kltr,NASDAQ
KLXE,KLX Energy Services Holdings Inc. Common Stock,$1.54,0.01,0.654%,666136,32760511.00,United States,,Oilfield Services/Equipment,Energy,/market-activity/stocks/klxe,NASDAQ
KLXER,KLX Energy Services Holdings Inc.  Rights ,$0.1398,0.0297,26.975%,382880,2995735.00,United States,,Oilfield Services/Equipment,Energy,/market-activity/stocks/klxer,NASDAQ
KMB,Kimberly-Clark Corporation Common Stock,$107.95,-1.60,-1.461%,4491083,35901907152.00,United States,,Containers/Packaging,Consumer Discretionary,/market-activity/stocks/kmb,NASDAQ
KMDA,Kamada Ltd. Ordinary Shares,$8.23,-0.06,-0.724%,94834,474756241.00,Israel,2013,Biotechnology: Pharmaceutical Preparations,Health Care,/market-activity/stocks/kmda,NASDAQ
KMRK,K-Tech Solutions Company Limited Class A Ordinary Shares,$1.15,-0.0101,-0.871%,37913,24265000.00,Hong Kong,2025,Recreational Games/Products/Toys,Consumer Discretionary,/market-activity/stocks/kmrk,NASDAQ
KMTS,Kestra Medical Technologies Ltd. Common Stock,$25.75,0.11,0.429%,351318,1509030366.00,United States,2025,Medical/Dental Instruments,Health Care,/market-activity/stocks/kmts,NASDAQ
KNDI,Kandi Technologies Group Inc. Ordinary Shares,$0.6113,-0.0053,-0.86%,22423,61383913.00,China,,Auto Manufacturing,Industrials,/market-activity/stocks/kndi,NASDAQ
KNSA,Kiniksa Pharmaceuticals International plc Class A Ordinary Shares,$78.63,0.55,0.704%,428063,6135028142.00,United States,2018,Biotechnology: Pharmaceutical Preparations,Health Care,/market-activity/stocks/knsa,NASDAQ
KOD,Kodiak Sciences Inc Common Stock,$37.35,-0.37,-0.981%,1151636,2347427219.00,United States,2018,Biotechnology: Biological Products (No Diagnostic Substances),Health Care,/market-activity/stocks/kod,NASDAQ
KOPN,Kopin Corporation Common Stock,$4.44,-0.04,-0.893%,2780988,825274406.00,United States,1992,Semiconductors,Technology,/market-activity/stocks/kopn,NASDAQ
KOSS,Koss Corporation Common Stock,$3.46,-0.04,-1.143%,12531,32753875.00,United States,,Consumer Electronics/Appliances,Consumer Staples,/market-activity/stocks/koss,NASDAQ
KOYN,CSLM Digital Asset Acquisition Corp III Class A Ordinary Shares,$10.23,-0.01,-0.098%,3805,0.00,United States,2025,,,/market-activity/stocks/koyn,NASDAQ
KOYNU,CSLM Digital Asset Acquisition Corp III Units,$10.29,0.00,0.00%,1,0.00,United States,2025,,,/market-activity/stocks/koynu,NASDAQ
KPLT,Katapult Holdings Inc. Common Stock,$5.41,-0.28,-4.921%,61915,26900711.00,United States,2019,Diversified Commercial Services,Consumer Discretionary,/market-activity/stocks/kplt,NASDAQ
KPRX,Kiora Pharmaceuticals Inc.  Common Stock,$2.51,-0.11,-4.198%,14101,11105211.00,United States,,Biotechnology: Pharmaceutical Preparations,Health Care,/market-activity/stocks/kprx,NASDAQ
KPTI,Karyopharm Therapeutics Inc. Common Stock,$2.06,0.19,10.16%,2028148,46723808.00,United States,2013,Biotechnology: Pharmaceutical Preparations,Health Care,/market-activity/stocks/kpti,NASDAQ
KRAQ,KRAKacquisition Corp Class A Ordinary Shares,$9.99,0.01,0.10%,279867,0.00,United States,2026,,,/market-activity/stocks/kraq,NASDAQ
KRAQU,KRAKacquisition Corp Unit,$10.10,-0.01,-0.099%,133,0.00,United States,2026,,,/market-activity/stocks/kraqu,NASDAQ
KRAQW,KRAKacquisition Corp Warrants,$0.45,0.0075,1.695%,1229,0.00,United States,2026,,,/market-activity/stocks/kraqw,NASDAQ
KRKR,36Kr Holdings Inc. American Depositary Shares,$3.1399,-0.0101,-0.321%,1554,6197566.00,China,2019,Business Services,Consumer Discretionary,/market-activity/stocks/krkr,NASDAQ
KRMD,KORU Medical Systems Inc. Common Stock (DE),$3.30,0.07,2.167%,172886,152367277.00,United States,,Medical/Dental Instruments,Health Care,/market-activity/stocks/krmd,NASDAQ
KRNT,Kornit Digital Ltd. Ordinary Shares,$16.84,0.12,0.718%,309368,723556433.00,Israel,2015,Industrial Machinery/Components,Industrials,/market-activity/stocks/krnt,NASDAQ
KRNY,Kearny Financial Corp Common Stock,$9.87,0.05,0.509%,668206,640853000.00,United States,2005,Savings Institutions,Finance,/market-activity/stocks/krny,NASDAQ
KROS,Keros Therapeutics Inc. Common Stock,$11.08,0.05,0.453%,179971,219685243.00,United States,2020,Biotechnology: Pharmaceutical Preparations,Health Care,/market-activity/stocks/kros,NASDAQ
KRRO,Korro Bio Inc. Common Stock,$12.49,-0.42,-3.253%,87967,183923319.00,United States,2019,Biotechnology: Pharmaceutical Preparations,Health Care,/market-activity/stocks/krro,NASDAQ
KRT,Karat Packaging Inc. Common Stock,$47.64,-1.47,-2.993%,116337,949547188.00,United States,2021,Plastic Products,Industrials,/market-activity/stocks/krt,NASDAQ
KRUS,Kura Sushi USA Inc. Class A Common Stock,$45.66,-1.80,-3.793%,193078,554761512.00,United States,2019,Restaurants,Consumer Discretionary,/market-activity/stocks/krus,NASDAQ
KRYS,Krystal Biotech Inc. Common Stock,$359.36,7.90,2.248%,222748,10636637705.00,United States,2017,Biotechnology: Biological Products (No Diagnostic Substances),Health Care,/market-activity/stocks/krys,NASDAQ
KSCP,Knightscope Inc. Class A Common Stock,$1.39,-0.02,-1.418%,296615,32829516.00,United States,2022,Telecommunications Equipment,Telecommunications,/market-activity/stocks/kscp,NASDAQ
KSPI,Joint Stock Company Kaspi.kz American Depository Shares,$105.14,-1.15,-1.082%,563731,19906520510.00,Kazakhstan,2024,,,/market-activity/stocks/kspi,NASDAQ
KTCC,Key Tronic Corporation Common Stock,$2.51,-0.25,-9.058%,34893,27256765.00,United States,1983,Electrical Products,Technology,/market-activity/stocks/ktcc,NASDAQ
KTOS,Kratos Defense & Security Solutions Inc. Common Stock,$50.98,-1.02,-1.962%,2147143,9570033250.00,United States,,Military/Government/Technical,Industrials,/market-activity/stocks/ktos,NASDAQ
KTTA,Pasithea Therapeutics Corp. Common Stock,$0.574,0.014,2.50%,449837,19179893.00,United States,2021,Biotechnology: Pharmaceutical Preparations,Health Care,/market-activity/stocks/ktta,NASDAQ
KTTAW,Pasithea Therapeutics Corp. Warrant,$0.0027,-0.0048,-64.00%,30000,90219.00,United States,2021,Biotechnology: Pharmaceutical Preparations,Health Care,/market-activity/stocks/kttaw,NASDAQ
KTWO,K2 Capital Acquisition Corporation Class A Ordinary Share,$10.09,0.04,0.398%,108,202215304.00,Cayman Islands,2026,Medical/Dental Instruments,Health Care,/market-activity/stocks/ktwo,NASDAQ
KTWOR,K2 Capital Acquisition Corporation Rights,$0.24,0.00,0.00%,20,4809878.00,Cayman Islands,2026,,,/market-activity/stocks/ktwor,NASDAQ
KTWOU,K2 Capital Acquisition Corporation Units,$10.21,0.00,0.00%,2,0.00,Cayman Islands,2026,,,/market-activity/stocks/ktwou,NASDAQ
KURA,Kura Oncology Inc. Common Stock,$12.65,-0.01,-0.079%,1964706,1125351830.00,United States,,Biotechnology: Pharmaceutical Preparations,Health Care,/market-activity/stocks/kura,NASDAQ
KUST,Kustom Entertainment Inc. Common Stock,$0.8843,-0.0477,-5.118%,88535,5754016.00,United States,,Radio And Television Broadcasting And Communications Equipment,Technology,/market-activity/stocks/kust,NASDAQ
KVHI,KVH Industries Inc. Common Stock,$7.56,0.04,0.532%,148539,137145673.00,United States,1996,Telecommunications Equipment,Consumer Discretionary,/market-activity/stocks/kvhi,NASDAQ
KWM,K Wave Media Ltd. Ordinary Shares,$1.37,-0.02,-1.439%,55344,3713047.00,Cayman Islands,,Movies/Entertainment,Consumer Discretionary,/market-activity/stocks/kwm,NASDAQ
KWMWW,K Wave Media Ltd. Warrant,$0.0113,0.00,0.00%,122,30626.00,Cayman Islands,,Movies/Entertainment,Consumer Discretionary,/market-activity/stocks/kwmww,NASDAQ
KXIN,Kaixin Holdings Ordinary Shares,$1.49,0.06,4.196%,5154112,29850487.00,China,2017,Retail-Auto Dealers and Gas Stations,Consumer Discretionary,/market-activity/stocks/kxin,NASDAQ
KYIV,Kyivstar Group Ltd. Common Shares,$13.41,-0.03,-0.223%,350134,3095881198.00,United Arab Emirates,,Telecommunications Equipment,Telecommunications,/market-activity/stocks/kyiv,NASDAQ
KYIVW,Kyivstar Group Ltd. Warrant,$5.10,0.00,0.00%,1,1177404482.00,United Arab Emirates,,Telecommunications Equipment,Telecommunications,/market-activity/stocks/kyivw,NASDAQ
KYMR,Kymera Therapeutics Inc. Common Stock,$118.81,0.66,0.559%,656835,9879124925.00,United States,2020,Biotechnology: Biological Products (No Diagnostic Substances),Health Care,/market-activity/stocks/kymr,NASDAQ
KYNB,Kyntra Bio Inc. Common Stock,$7.78,-0.24,-2.993%,30760,31502185.00,United States,2014,Biotechnology: Pharmaceutical Preparations,Health Care,/market-activity/stocks/kynb,NASDAQ
KYTX,Kyverna Therapeutics Inc. Common Stock,$8.475,0.105,1.254%,484084,524123188.00,United States,2024,Biotechnology: Biological Products (No Diagnostic Substances),Health Care,/market-activity/stocks/kytx,NASDAQ
KZIA,Kazia Therapeutics Limited American Depositary Shares,$13.77,0.19,1.399%,377945,157348399.00,Australia,,Biotechnology: Pharmaceutical Preparations,Health Care,/market-activity/stocks/kzia,NASDAQ
LAB,Standard BioTools Inc. Common Stock,$0.6587,0.0168,2.617%,1760167,258591661.00,United States,2011,Biotechnology: Laboratory Analytical Instruments,Industrials,/market-activity/stocks/lab,NASDAQ
LABT,Lakewood-Amedex Biotherapeutics Inc. Common Stock,$2.50,0.20,8.696%,13129340,5924220.00,United States,,Biotechnology: Pharmaceutical Preparations,Health Care,/market-activity/stocks/labt,NASDAQ
LAES,SEALSQ Corp Ordinary Shares,$2.49,0.01,0.403%,4577963,554707258.00,Switzerland,,Semiconductors,Technology,/market-activity/stocks/laes,NASDAQ
LAFA,LaFayette Acquisition Corp. Ordinary Share,$10.15,0.00,0.00%,6,0.00,France,2025,,,/market-activity/stocks/lafa,NASDAQ
LAFAR,LaFayette Acquisition Corp. Rights,$0.08,-0.0001,-0.125%,51010,0.00,France,2025,,,/market-activity/stocks/lafar,NASDAQ
LAFAU,LaFayette Acquisition Corp. Unit,$10.22,0.00,0.00%,68,0.00,France,2025,,,/market-activity/stocks/lafau,NASDAQ
LAKE,Lakeland Industries Inc. Common Stock,$11.63,-0.23,-1.939%,26193,114778377.00,United States,1986,Industrial Specialties,Health Care,/market-activity/stocks/lake,NASDAQ
LAMR,Lamar Advertising Company Class A Common Stock,$149.01,-1.37,-0.911%,394737,15131918413.00,United States,1996,Real Estate Investment Trusts,Real Estate,/market-activity/stocks/lamr,NASDAQ
LAND,Gladstone Land Corporation Common Stock,$9.18,0.21,2.341%,1017197,395993740.00,United States,2013,Real Estate Investment Trusts,Real Estate,/market-activity/stocks/land,NASDAQ
LANDO,Gladstone Land Corporation 6.00% Series B Cumulative Redeemable Preferred Stock,$21.04,-0.10,-0.473%,13361,907593496.00,United States,,Real Estate Investment Trusts,Real Estate,/market-activity/stocks/lando,NASDAQ
LANDP,Gladstone Land Corporation 6.00% Series C Cumulative Redeemable Preferred Stock,$20.58,-0.14,-0.676%,44110,887750672.00,United States,,Real Estate Investment Trusts,Real Estate,/market-activity/stocks/landp,NASDAQ
LARK,Landmark Bancorp Inc. Common Stock,$31.78,0.13,0.411%,7638,193874971.00,United States,,Major Banks,Finance,/market-activity/stocks/lark,NASDAQ
LASE,Laser Photonics Corporation Common Stock,$1.44,-0.02,-1.37%,1051364,72255911.00,United States,2022,Industrial Machinery/Components,Miscellaneous,/market-activity/stocks/lase,NASDAQ
LASR,nLIGHT Inc. Common Stock,$42.27,-0.67,-1.56%,1325467,2438564627.00,United States,2018,Semiconductors,Technology,/market-activity/stocks/lasr,NASDAQ
LATA,Galata Acquisition Corp. II Class A Ordinary Shares,$10.18,0.00,0.00%,11,0.00,United States,2025,Blank Checks,Finance,/market-activity/stocks/lata,NASDAQ
LATAU,Galata Acquisition Corp. II Units,$10.21,0.00,0.00%,207,0.00,United States,2025,,,/market-activity/stocks/latau,NASDAQ
LATAW,Galata Acquisition Corp. II Warrant,$0.2304,0.0185,8.731%,200,0.00,United States,2025,Blank Checks,Finance,/market-activity/stocks/lataw,NASDAQ
LAUR,Laureate Education Inc. Common Stock,$37.53,-1.27,-3.273%,1682206,5169733481.00,United States,2017,Other Consumer Services,Real Estate,/market-activity/stocks/laur,NASDAQ
LBGJ,Li Bang International Corporation Class A Ordinary Shares,$3.03,0.08,2.712%,63122,2082292.00,China,2024,Industrial Machinery/Components,Industrials,/market-activity/stocks/lbgj,NASDAQ
LBRX,LB Pharmaceuticals Inc Common Stock,$47.26,-0.47,-0.985%,386952,1524568611.00,United States,2025,Biotechnology: Pharmaceutical Preparations,Health Care,/market-activity/stocks/lbrx,NASDAQ
LBTYA,Liberty Global Ltd. Class A Common Shares,$10.75,0.08,0.75%,2391193,3666691335.00,United Kingdom,,Cable & Other Pay Television Services,Telecommunications,/market-activity/stocks/lbtya,NASDAQ
LBTYB,Liberty Global Ltd. Class B Common Shares,$12.55,0.07,0.561%,518,4280648953.00,United Kingdom,,Cable & Other Pay Television Services,Telecommunications,/market-activity/stocks/lbtyb,NASDAQ
LBTYK,Liberty Global Ltd. Class C Common Shares,$10.49,0.06,0.575%,1149473,3578008567.00,United Kingdom,,Cable & Other Pay Television Services,Telecommunications,/market-activity/stocks/lbtyk,NASDAQ
LCCC,Lakeshore Acquisition III Corp. Ordinary Shares,$10.49,0.00,0.00%,7,0.00,United States,2025,Blank Checks,Finance,/market-activity/stocks/lccc,NASDAQ
LCFY,Locafy Limited Ordinary Share,$2.52,0.0701,2.861%,10601,4610847.00,Australia,2022,Computer Software: Programming Data Processing,Technology,/market-activity/stocks/lcfy,NASDAQ
LCFYW,Locafy Limited Warrant,$3.95,1.36,52.51%,2334,7227319.00,Australia,2022,Computer Software: Programming Data Processing,Technology,/market-activity/stocks/lcfyw,NASDAQ
LCID,Lucid Group Inc. Common Stock,$4.85,-0.16,-3.194%,10841949,1911240354.00,United States,,Auto Manufacturing,Industrials,/market-activity/stocks/lcid,NASDAQ
LCNB,LCNB Corporation Common Stock,$19.33,-0.10,-0.515%,30851,275548918.00,United States,,Major Banks,Finance,/market-activity/stocks/lcnb,NASDAQ
LCUT,Lifetime Brands Inc. Common Stock,$9.45,0.23,2.495%,359844,217244500.00,United States,1991,Industrial Machinery/Components,Consumer Discretionary,/market-activity/stocks/lcut,NASDAQ
LE,Lands' End Inc. Common Stock,$11.83,-0.22,-1.826%,228322,363664457.00,United States,,Clothing/Shoe/Accessory Stores,Consumer Discretionary,/market-activity/stocks/le,NASDAQ
LECO,Lincoln Electric Holdings Inc. Common Shares,$281.23,-3.665,-1.286%,302869,15328654041.00,United States,,Industrial Machinery/Components,Industrials,/market-activity/stocks/leco,NASDAQ
LEDS,SemiLEDS Corporation Common Stock,$1.91,-0.09,-4.50%,18363,15802200.00,Taiwan,2010,Semiconductors,Technology,/market-activity/stocks/leds,NASDAQ
LEE,Lee Enterprises Incorporated Common Stock,$8.00,-0.37,-4.421%,27807,178336352.00,United States,,Newspapers/Magazines,Consumer Discretionary,/market-activity/stocks/lee,NASDAQ
LEGH,Legacy Housing Corporation Common Stock (TX),$28.13,-0.21,-0.741%,99196,668976436.00,United States,2018,Homebuilding,Consumer Discretionary,/market-activity/stocks/legh,NASDAQ
LEGN,Legend Biotech Corporation American Depositary Shares,$20.78,0.90,4.527%,2321973,4041469222.00,United States,2020,Biotechnology: Pharmaceutical Preparations,Health Care,/market-activity/stocks/legn,NASDAQ
LENZ,LENZ Therapeutics Inc. Common Stock,$5.21,0.10,1.957%,713666,163699987.00,United States,2021,Biotechnology: Biological Products (No Diagnostic Substances),Health Care,/market-activity/stocks/lenz,NASDAQ
LESL,Leslie's Inc. Common Stock,$0.5154,-0.0156,-2.938%,289691,4826966.00,United States,2020,Other Specialty Stores,Consumer Discretionary,/market-activity/stocks/lesl,NASDAQ
LEXX,Lexaria Bioscience Corp. Common Stock,$11.28,0.93,8.986%,359591,18640403.00,Canada,,Biotechnology: Pharmaceutical Preparations,Health Care,/market-activity/stocks/lexx,NASDAQ
LFAC,Leapfrog Acquisition Corporation Class A Ordinary Shares,$10.07,0.01,0.099%,17594,0.00,United States,2026,Blank Checks,Finance,/market-activity/stocks/lfac,NASDAQ
LFACU,Leapfrog Acquisition Corporation Units,$10.18,0.00,0.00%,102,0.00,United States,2025,,,/market-activity/stocks/lfacu,NASDAQ
LFACW,Leapfrog Acquisition Corporation Warrants,$0.34,0.00,0.00%,151,0.00,United States,2026,Blank Checks,Finance,/market-activity/stocks/lfacw,NASDAQ
LFCR,Lifecore Biomedical Inc. Common Stock,$4.46,-0.08,-1.762%,88010,168824648.00,United States,,Biotechnology: Pharmaceutical Preparations,Health Care,/market-activity/stocks/lfcr,NASDAQ
LFMD,LifeMD Inc. Common Stock,$3.09,-0.05,-1.592%,696833,148940586.00,United States,,Medical/Nursing Services,Health Care,/market-activity/stocks/lfmd,NASDAQ
LFMDP,LifeMD Inc. 8.875% Series A Cumulative Perpetual Preferred Stock,$23.15,-0.13,-0.558%,698,1115849377.00,United States,,Medical/Nursing Services,Health Care,/market-activity/stocks/lfmdp,NASDAQ
LFS,LEIFRAS Co. Ltd. American Depositary Shares  ,$2.24,-0.03,-1.322%,108413,58599787.00,Japan,2025,Other Consumer Services,Real Estate,/market-activity/stocks/lfs,NASDAQ
LFST,LifeStance Health Group Inc. Common Stock,$12.36,0.05,0.406%,3446189,4722207327.00,United States,2021,Medical/Nursing Services,Health Care,/market-activity/stocks/lfst,NASDAQ
LFTO,Liftoff Mobile Inc. Common Stock,$18.58,-0.33,-1.745%,433233,3146179772.00,United States,2026,EDP Services,Technology,/market-activity/stocks/lfto,NASDAQ
LFUS,Littelfuse Inc. Common Stock,$412.18,6.765,1.669%,183607,10468855538.00,United States,,Electrical Products,Energy,/market-activity/stocks/lfus,NASDAQ
LFVN,Lifevantage Corporation Common Stock (Delaware),$6.33,-0.025,-0.393%,54516,79298113.00,United States,,Biotechnology: Pharmaceutical Preparations,Health Care,/market-activity/stocks/lfvn,NASDAQ
LFWD,Lifeward Ltd. Ordinary Shares,$7.65,0.19,2.547%,5402,21664922.00,Israel,2014,Industrial Specialties,Health Care,/market-activity/stocks/lfwd,NASDAQ
LGCL,Lucas GC Limited Ordinary Shares,$0.0351,-0.0038,-9.769%,58476850,1501943.00,China,2024,Computer Software: Programming Data Processing,Technology,/market-activity/stocks/lgcl,NASDAQ
LGHL,Lion Group Holding Ltd. American Depositary Share,$0.5073,-0.0197,-3.738%,831370,468176.00,China,,Investment Bankers/Brokers/Service,Finance,/market-activity/stocks/lghl,NASDAQ
LGIH,LGI Homes Inc. Common Stock,$55.94,-1.56,-2.713%,223290,1300508336.00,United States,2013,Homebuilding,Consumer Discretionary,/market-activity/stocks/lgih,NASDAQ
LGN,Legence Corp. Class A Common stock,$53.57,-0.275,-0.511%,981751,5789603464.00,United States,2025,Engineering & Construction,Consumer Discretionary,/market-activity/stocks/lgn,NASDAQ
LGND,Ligand Pharmaceuticals Incorporated Common Stock,$284.10,3.61,1.287%,203687,5663706517.00,United States,,Biotechnology: Pharmaceutical Preparations,Health Care,/market-activity/stocks/lgnd,NASDAQ
LGO,Largo Inc. Common Shares,$0.7242,-0.0058,-0.795%,254001,74689643.00,Canada,,Mining & Quarrying of Nonmetallic Minerals (No Fuels),Industrials,/market-activity/stocks/lgo,NASDAQ
LGVN,Longeveron Inc. Class A Common Stock,$6.90,0.18,2.679%,105001,21998573.00,United States,2021,Biotechnology: Pharmaceutical Preparations,Health Care,/market-activity/stocks/lgvn,NASDAQ
LHAI,Linkhome Holdings Inc. Common stock,$0.8492,-0.0214,-2.458%,30299,14037276.00,United States,2025,Real Estate,Finance,/market-activity/stocks/lhai,NASDAQ
LHSW,Lianhe Sowell International Group Ltd Class A Ordinary Shares,$3.89,-0.27,-6.49%,351193,12709708.00,China,2025,Computer Software: Prepackaged Software,Technology,/market-activity/stocks/lhsw,NASDAQ
LI,Li Auto Inc. American Depositary Shares,$12.10,-0.13,-1.063%,1460831,11000866916.00,China,2020,Auto Manufacturing,Industrials,/market-activity/stocks/li,NASDAQ
LICN,Lichen International Limited Class A Ordinary Shares,$1.23,0.03,2.50%,19499,20217295.00,China,2023,Professional Services,Consumer Discretionary,/market-activity/stocks/licn,NASDAQ
LIDR,AEye Inc. Class A Common Stock,$1.15,0.00,0.00%,399251,53461559.00,United States,2021,Auto Parts:O.E.M.,Consumer Discretionary,/market-activity/stocks/lidr,NASDAQ
LIEN,Chicago Atlantic BDC Inc. Common Stock,$10.34,0.14,1.373%,122781,235964901.00,United States,2022,Finance: Consumer Services,Finance,/market-activity/stocks/lien,NASDAQ
LIF,Life360 Inc. Common Stock,$42.86,-0.63,-1.449%,677218,3492248615.00,United States,2024,EDP Services,Technology,/market-activity/stocks/lif,NASDAQ
LIFE,Ethos Technologies Inc. Class A Common Stock,$36.33,-2.31,-5.978%,1131563,2316380964.00,United States,2026,Specialty Insurers,Finance,/market-activity/stocks/life,NASDAQ
LILA,Liberty Latin America Ltd. Class A Common Stock,$8.61,0.05,0.584%,346630,1686699000.00,United States,,Cable & Other Pay Television Services,Telecommunications,/market-activity/stocks/lila,NASDAQ
LILAK,Liberty Latin America Ltd. Class C Common Stock,$8.55,0.07,0.825%,2180469,1674945000.00,United States,,Cable & Other Pay Television Services,Telecommunications,/market-activity/stocks/lilak,NASDAQ
LILAP,Liberty Latin America Ltd. 9.0% Fixed Rate Cumulative Perpetual Redeemable Series A Preference Shares,$21.14,0.44,2.126%,296969,4141326000.00,United States,,Cable & Other Pay Television Services,Telecommunications,/market-activity/stocks/lilap,NASDAQ
LIME,Neutron Holdings Inc. Common Stock,$40.38,-1.96,-4.629%,236666,2624061592.00,United States,2026,Computer Software: Prepackaged Software,Technology,/market-activity/stocks/lime,NASDAQ
LIMN,Liminatus Pharma Inc. Class A Common Stock,$3.86,-0.37,-8.747%,51404,5184783.00,United States,,Biotechnology: Biological Products (No Diagnostic Substances),Health Care,/market-activity/stocks/limn,NASDAQ
LIMNW,Liminatus Pharma Inc. Warrants,$0.0552,0.0117,26.897%,2050,74145.00,United States,,Biotechnology: Biological Products (No Diagnostic Substances),Health Care,/market-activity/stocks/limnw,NASDAQ
LIN,Linde plc Ordinary Shares,$489.58,0.07,0.014%,2109610,225686668202.00,United States,,Major Chemicals,Basic Materials,/market-activity/stocks/lin,NASDAQ
LINC,Lincoln Educational Services Corporation Common Stock,$25.16,-0.27,-1.062%,1257540,798112412.00,United States,2005,Other Consumer Services,Real Estate,/market-activity/stocks/linc,NASDAQ
LIND,Lindblad Expeditions Holdings Inc. Common Stock,$26.56,-3.03,-10.24%,1258549,1742858940.00,United States,2013,Transportation Services,Consumer Discretionary,/market-activity/stocks/lind,NASDAQ
LINE,Lineage Inc. Common Stock,$39.25,-0.07,-0.178%,1556575,8937617971.00,United States,2024,Real Estate Investment Trusts,Real Estate,/market-activity/stocks/line,NASDAQ
LINK,Interlink Electronics Inc. Common Stock,$5.82,0.79,15.706%,47321,91684840.00,United States,,Computer peripheral equipment,Technology,/market-activity/stocks/link,NASDAQ
LIQT,LiqTech International Inc. Common Stock,$0.5854,0.0153,2.684%,8970,19287666.00,Denmark,,Industrial Machinery/Components,Technology,/market-activity/stocks/liqt,NASDAQ
LITE,Lumentum Holdings Inc. Common Stock,$914.76,19.76,2.208%,3206592,82053972000.00,United States,,Telecommunications Equipment,Telecommunications,/market-activity/stocks/lite,NASDAQ
LITS,Lite Strategy Inc. Common Stock,$0.9855,0.0051,0.52%,106767,31420350.00,United States,2003,Biotechnology: Pharmaceutical Preparations,Health Care,/market-activity/stocks/lits,NASDAQ
LIVE,Live Ventures Incorporated Common Stock,$9.34,0.15,1.632%,4528,28689267.00,United States,,Other Specialty Stores,Consumer Discretionary,/market-activity/stocks/live,NASDAQ
LIVN,LivaNova PLC Ordinary Shares,$79.81,-0.51,-0.635%,593718,4397012794.00,United Kingdom,,Biotechnology: Electromedical & Electrotherapeutic Apparatus,Health Care,/market-activity/stocks/livn,NASDAQ
LKFN,Lakeland Financial Corporation Common Stock,$59.09,-0.52,-0.872%,108155,1468849766.00,United States,,Major Banks,Finance,/market-activity/stocks/lkfn,NASDAQ
LKFT,Lakefront Biotherapeutics American Depositary Shares,$28.50,-0.38,-1.316%,133485,1878066524.00,Belgium,2015,Biotechnology: Pharmaceutical Preparations,Health Care,/market-activity/stocks/lkft,NASDAQ
LKQ,LKQ Corporation Common Stock,$25.10,-0.43,-1.684%,4618449,6350352359.00,United States,2003,Motor Vehicles,Consumer Discretionary,/market-activity/stocks/lkq,NASDAQ
LKSP,Lake Superior Acquisition Corp. Class A Ordinary Shares,$10.20,0.00,0.00%,43,0.00,United States,2025,,,/market-activity/stocks/lksp,NASDAQ
LKSPR,Lake Superior Acquisition Corp. Rights,$1.10,0.00,0.00%,100,0.00,United States,2025,,,/market-activity/stocks/lkspr,NASDAQ
LLYVA,Liberty Live Holdings Inc. Series A Liberty Live Group Common Stock,$99.48,-0.41,-0.41%,99726,9152694804.00,United States,,Services-Misc. Amusement & Recreation,Consumer Discretionary,/market-activity/stocks/llyva,NASDAQ
LLYVK,Liberty Live Holdings Inc. Series C Liberty Live Group Common Stock,$103.52,-0.03,-0.029%,426064,9524396524.00,United States,,Services-Misc. Amusement & Recreation,Consumer Discretionary,/market-activity/stocks/llyvk,NASDAQ
LMAT,LeMaitre Vascular Inc. Common Stock,$80.28,-0.17,-0.211%,282817,1835943952.00,United States,2006,Medical/Dental Instruments,Health Care,/market-activity/stocks/lmat,NASDAQ
LMB,Limbach Holdings Inc. Common Stock,$41.22,-0.12,-0.29%,472896,491548211.00,United States,,Engineering & Construction,Consumer Discretionary,/market-activity/stocks/lmb,NASDAQ
LMNR,Limoneira Co Common Stock,$13.76,-0.02,-0.145%,80861,249496416.00,United States,,Farming/Seeds/Milling,Consumer Staples,/market-activity/stocks/lmnr,NASDAQ
LMRI,Lumexa Imaging Holdings Inc. Common Stock,$11.67,0.16,1.39%,260081,1121194970.00,United States,2025,Medical Specialities,Health Care,/market-activity/stocks/lmri,NASDAQ
LNAI,Lunai Bioworks Inc. Common Stock,$2.275,-0.095,-4.008%,30313,10314600.00,United States,,Biotechnology: Pharmaceutical Preparations,Health Care,/market-activity/stocks/lnai,NASDAQ
LNKS,Linkers Industries Limited Class A Ordinary Shares,$0.8133,-0.0064,-0.781%,25583,1306658.00,Malaysia,2024,Electrical Products,Technology,/market-activity/stocks/lnks,NASDAQ
LNSR,LENSAR Inc. Common Stock,$8.39,0.09,1.084%,82496,103078407.00,United States,,Medical/Dental Instruments,Health Care,/market-activity/stocks/lnsr,NASDAQ
LNT,Alliant Energy Corporation Common Stock,$67.98,-0.05,-0.073%,2360269,17626173838.00,United States,,Power Generation,Utilities,/market-activity/stocks/lnt,NASDAQ
LNTH,Lantheus Holdings Inc. Common Stock,$100.96,0.19,0.189%,851767,6589898374.00,United States,2015,Biotechnology: In Vitro & In Vivo Diagnostic Substances,Health Care,/market-activity/stocks/lnth,NASDAQ
LNZA,LanzaTech Global Inc. Common Stock,$6.34,0.17,2.755%,42518,82985293.00,United States,2021,Major Chemicals,Industrials,/market-activity/stocks/lnza,NASDAQ
LNZAW,LanzaTech Global Inc. Warrant,$0.0138,0.0002,1.471%,3219,180630.00,United States,2021,Major Chemicals,Industrials,/market-activity/stocks/lnzaw,NASDAQ
LOAN,Manhattan Bridge Capital Inc,$4.00,-0.075,-1.84%,14519,45702036.00,United States,,Real Estate Investment Trusts,Real Estate,/market-activity/stocks/loan,NASDAQ
LOBO,LOBO TECHNOLOGIES LTD. Class A Ordinary Shares,$0.5818,-0.0382,-6.161%,31404,8053240.00,China,2024,Motor Vehicles,Consumer Discretionary,/market-activity/stocks/lobo,NASDAQ
LOCO,El Pollo Loco Holdings Inc. Common Stock,$15.27,-0.04,-0.261%,166828,464710948.00,United States,2014,Restaurants,Consumer Discretionary,/market-activity/stocks/loco,NASDAQ
LOGI,Logitech International S.A. Ordinary Shares,$98.69,0.73,0.745%,857006,14131256485.00,United States,1997,Computer peripheral equipment,Technology,/market-activity/stocks/logi,NASDAQ
LONA,LeonaBio Inc. Common Stock,$7.92,-0.02,-0.252%,34175,74619571.00,United States,2020,Biotechnology: Biological Products (No Diagnostic Substances),Health Care,/market-activity/stocks/lona,NASDAQ
LOOP,Loop Industries Inc. Common Stock,$0.482,-0.0402,-7.698%,292447,23319339.00,Canada,,Major Chemicals,Industrials,/market-activity/stocks/loop,NASDAQ
LOPE,Grand Canyon Education Inc. Common Stock,$148.13,-3.06,-2.024%,442152,3861013931.00,United States,2008,Other Consumer Services,Real Estate,/market-activity/stocks/lope,NASDAQ
LOT,Lotus Technology Inc. American Depositary Shares,$1.15,-0.09,-7.258%,1048083,738403356.00,China,,Auto Manufacturing,Industrials,/market-activity/stocks/lot,NASDAQ
LOTWW,Lotus Technology Inc. Warrants,$0.0561,0.003,5.65%,9088,36021242.00,China,,Auto Manufacturing,Industrials,/market-activity/stocks/lotww,NASDAQ
LOVE,The Lovesac Company Common Stock,$15.595,-0.395,-2.47%,164302,228286129.00,United States,2018,Other Specialty Stores,Consumer Discretionary,/market-activity/stocks/love,NASDAQ
LPAA,Launch One Acquisition Corp. Class A Ordinary shares,$10.75,0.00,0.00%,60,0.00,United States,2024,,,/market-activity/stocks/lpaa,NASDAQ
LPAAW,Launch One Acquisition Corp. Warrant,$0.15,0.00,0.00%,4,0.00,United States,2024,Blank Checks,Finance,/market-activity/stocks/lpaaw,NASDAQ
LPBB,Launch Two Acquisition Corp. Class A Ordinary Shares,$10.80,0.00,0.00%,8184,0.00,United States,2024,,,/market-activity/stocks/lpbb,NASDAQ
LPBBW,Launch Two Acquisition Corp. Warrant,$0.2657,0.0056,2.153%,313,0.00,United States,2024,Blank Checks,Finance,/market-activity/stocks/lpbbw,NASDAQ
LPCN,Lipocine Inc. Common Stock,$2.24,0.07,3.226%,27533,18467127.00,United States,,Biotechnology: Pharmaceutical Preparations,Health Care,/market-activity/stocks/lpcn,NASDAQ
LPCV,Launchpad Cadenza Acquisition Corp I Class A Ordinary Share,$10.02,0.00,0.00%,6,0.00,United States,2026,,,/market-activity/stocks/lpcv,NASDAQ
LPCVU,Launchpad Cadenza Acquisition Corp I Unit,$10.10,0.00,0.00%,1,0.00,United States,2025,Blank Checks,Finance,/market-activity/stocks/lpcvu,NASDAQ
LPCVW,Launchpad Cadenza Acquisition Corp I Warrant,$0.33,0.00,0.00%,46953,0.00,United States,2026,,,/market-activity/stocks/lpcvw,NASDAQ
LPLA,LPL Financial Holdings Inc. Common Stock,$370.135,-0.555,-0.15%,751621,29145277509.00,United States,2010,Investment Bankers/Brokers/Service,Finance,/market-activity/stocks/lpla,NASDAQ
LPSN,LivePerson Inc. Common Stock,$3.10,0.28,9.929%,455703,38245621.00,United States,2000,Computer Software: Prepackaged Software,Technology,/market-activity/stocks/lpsn,NASDAQ
LPTH,LightPath Technologies Inc. Class A Common Stock,$10.06,-1.17,-10.419%,5369371,631661434.00,United States,1996,Semiconductors,Technology,/market-activity/stocks/lpth,NASDAQ
LQDA,Liquidia Corporation Common Stock,$68.17,0.48,0.709%,1054698,6101821099.00,United States,2018,Biotechnology: Pharmaceutical Preparations,Health Care,/market-activity/stocks/lqda,NASDAQ
LQDT,Liquidity Services Inc. Common Stock,$41.68,0.20,0.482%,190184,1305901838.00,United States,2006,Business Services,Consumer Discretionary,/market-activity/stocks/lqdt,NASDAQ
LRCX,Lam Research Corporation Common Stock,$301.49,-0.41,-0.136%,6949288,377260768290.00,United States,1984,Industrial Machinery/Components,Technology,/market-activity/stocks/lrcx,NASDAQ
LRE,Lead Real Estate Co. Ltd American Depositary Shares,$1.27,-0.025,-1.931%,4310,17325213.00,Japan,2023,Homebuilding,Consumer Discretionary,/market-activity/stocks/lre,NASDAQ
LRHC,La Rosa Holdings Corp. Common Stock,$0.4689,-0.001,-0.213%,191110,1555732.00,United States,2023,Real Estate,Finance,/market-activity/stocks/lrhc,NASDAQ
LRMR,Larimar Therapeutics Inc. Common Stock,$3.82,-0.19,-4.738%,1065530,396832819.00,United States,2014,Biotechnology: Pharmaceutical Preparations,Health Care,/market-activity/stocks/lrmr,NASDAQ
LSAK,Lesaka Technologies Inc. Common Stock,$4.56,-0.05,-1.085%,103263,391233381.00,South Africa,,Investment Bankers/Brokers/Service,Finance,/market-activity/stocks/lsak,NASDAQ
LSBK,Lake Shore Bancorp Inc. Common Stock,$17.24,0.06,0.349%,15967,135399305.00,United States,2006,Savings Institutions,Finance,/market-activity/stocks/lsbk,NASDAQ
LSCC,Lattice Semiconductor Corporation Common Stock,$115.34,0.94,0.822%,1269960,16381771572.00,United States,,Semiconductors,Technology,/market-activity/stocks/lscc,NASDAQ
LSE,Leishen Energy Holding Co. Ltd. Class A Ordinary Shares,$5.3001,0.04,0.76%,4560,90234203.00,China,2024,Oil and Gas Field Machinery,Consumer Discretionary,/market-activity/stocks/lse,NASDAQ
LSTA,Lisata Therapeutics Inc. Common Stock,$1.49,-0.20,-11.834%,243297,13426296.00,United States,,Biotechnology: Pharmaceutical Preparations,Health Care,/market-activity/stocks/lsta,NASDAQ
LSTR,Landstar System Inc. Common Stock,$180.63,0.60,0.333%,398926,6130026763.00,United States,1993,Trucking Freight/Courier Services,Industrials,/market-activity/stocks/lstr,NASDAQ
LTBR,Lightbridge Corporation Common Stock,$7.53,-0.02,-0.265%,590491,282059425.00,United States,,Major Chemicals,Basic Materials,/market-activity/stocks/ltbr,NASDAQ
LTGO,Latigo Biotherapeutics Inc. Common Stock,$22.02,-2.21,-9.121%,155062,1392501421.00,United States,2026,Biotechnology: Pharmaceutical Preparations,Health Care,/market-activity/stocks/ltgo,NASDAQ
LTGR,Long Table Growth Corp. Class A Ordinary Shares,$9.94,-0.01,-0.101%,638,0.00,United States,2026,,,/market-activity/stocks/ltgr,NASDAQ
LTGRU,Long Table Growth Corp. Units,$10.10,0.001,0.01%,3607,0.00,United States,2026,Blank Checks,Finance,/market-activity/stocks/ltgru,NASDAQ
LTRN,Lantern Pharma Inc. Common Stock,$2.03,-0.04,-1.932%,107975,25951816.00,United States,2020,Biotechnology: Pharmaceutical Preparations,Health Care,/market-activity/stocks/ltrn,NASDAQ
LTRX,Lantronix Inc. Common Stock,$5.30,-0.07,-1.304%,1868096,247538154.00,United States,2000,Computer Communications Equipment,Telecommunications,/market-activity/stocks/ltrx,NASDAQ
LTRYW,Sports Entertainment Gaming Global Corporation Warrants,$0.0067,-0.0001,-1.471%,11143,21839.00,United States,2023,Computer Software: Prepackaged Software,Technology,/market-activity/stocks/ltryw,NASDAQ
LUCD,Lucid Diagnostics Inc. Common Stock,$0.9786,-0.0128,-1.291%,423404,198894549.00,United States,2021,Medical/Dental Instruments,Health Care,/market-activity/stocks/lucd,NASDAQ
LUCY,Innovative Eyewear Inc. Common Stock,$0.9001,-0.0499,-5.253%,588695,7749137.00,United States,2022,Ophthalmic Goods,Health Care,/market-activity/stocks/lucy,NASDAQ
LUCYW,Innovative Eyewear Inc. Series A Warrants 8/16/27,$0.0363,0.0011,3.125%,397,312514.00,United States,2022,Ophthalmic Goods,Health Care,/market-activity/stocks/lucyw,NASDAQ
LULU,lululemon athletica inc. Common Stock,$120.26,-0.55,-0.455%,13645704,13040748709.00,Canada,2007,Apparel,Consumer Discretionary,/market-activity/stocks/lulu,NASDAQ
LUNG,Pulmonx Corporation Common Stock,$2.38,0.00,0.00%,320015,102216880.00,United States,2020,Medical/Dental Instruments,Health Care,/market-activity/stocks/lung,NASDAQ
LUNR,Intuitive Machines Inc. Class A Common Stock,$15.36,-0.01,-0.065%,4422209,3516273684.00,United States,2021,Industrial Machinery/Components,Industrials,/market-activity/stocks/lunr,NASDAQ
LVLU,Lulu's Fashion Lounge Holdings Inc. Common Stock,$13.28,-0.87,-6.148%,96398,38134529.00,United States,2021,Catalog/Specialty Distribution,Consumer Discretionary,/market-activity/stocks/lvlu,NASDAQ
LVO,LiveOne Inc. Common Stock,$3.87,0.00,0.00%,48519,53064623.00,United States,,Restaurants,Consumer Discretionary,/market-activity/stocks/lvo,NASDAQ
LWAC,LightWave Acquisition Corp. Class A Ordinary Shares,$10.33,0.03,0.291%,10025,0.00,United States,2025,Blank Checks,Finance,/market-activity/stocks/lwac,NASDAQ
LWACW,LightWave Acquisition Corp. Warrants,$0.2102,-0.0188,-8.21%,3960,0.00,United States,2025,Blank Checks,Finance,/market-activity/stocks/lwacw,NASDAQ
LWAY,Lifeway Foods Inc. Common Stock,$26.03,-0.32,-1.214%,92305,393228624.00,United States,,Packaged Foods,Consumer Staples,/market-activity/stocks/lway,NASDAQ
LWLG,Lightwave Logic Inc. Common Stock,$5.43,-0.06,-1.093%,2867336,837128195.00,United States,,Containers/Packaging,Industrials,/market-activity/stocks/lwlg,NASDAQ
LX,LexinFintech Holdings Ltd. American Depositary Shares,$1.07,-0.11,-9.322%,16103267,176323453.00,China,2017,Finance: Consumer Services,Finance,/market-activity/stocks/lx,NASDAQ
LXEH,Lixiang Education Holding Co. Ltd. American Depositary Shares,$1.68,-0.0001,-0.006%,1158,3220001.00,China,2020,Other Consumer Services,Real Estate,/market-activity/stocks/lxeh,NASDAQ
LXEO,Lexeo Therapeutics Inc. Common Stock,$4.76,-0.10,-2.058%,472041,390540174.00,United States,2023,Biotechnology: Biological Products (No Diagnostic Substances),Health Care,/market-activity/stocks/lxeo,NASDAQ
LXRX,Lexicon Pharmaceuticals Inc. Common Stock,$2.25,-0.04,-1.747%,6647482,1001150852.00,United States,,Biotechnology: Pharmaceutical Preparations,Health Care,/market-activity/stocks/lxrx,NASDAQ
LYEL,Lyell Immunopharma Inc. Common Stock,$14.32,-0.21,-1.445%,62778,350913619.00,United States,2021,Biotechnology: Pharmaceutical Preparations,Health Care,/market-activity/stocks/lyel,NASDAQ
LYFT,Lyft Inc. Class A Common Stock,$16.90,-0.80,-4.52%,9884397,6397330208.00,United States,2019,Business Services,Consumer Discretionary,/market-activity/stocks/lyft,NASDAQ
LYTS,LSI Industries Inc. Common Stock,$19.59,-0.07,-0.356%,423815,719195994.00,United States,1985,Building Products,Consumer Discretionary,/market-activity/stocks/lyts,NASDAQ
LZ,LegalZoom.com Inc. Common Stock,$6.23,0.08,1.301%,2001086,1066979779.00,United States,2021,EDP Services,Technology,/market-activity/stocks/lz,NASDAQ
LZMH,LZ Technology Holdings Limited Class B Ordinary Shares,$1.22,-0.06,-4.688%,44960,10953770.00,China,2025,EDP Services,Technology,/market-activity/stocks/lzmh,NASDAQ
MAAS,Maase Inc. Class A Ordinary Shares,$16.31,-0.24,-1.45%,63855,7211883677.00,China,2019,Investment Managers,Finance,/market-activity/stocks/maas,NASDAQ
MACI,Melar Acquisition Corp. I Class A Ordinary Shares,$10.95,-0.04,-0.364%,470,0.00,United States,2024,,,/market-activity/stocks/maci,NASDAQ
MAKO,Mako Mining Corp Common Stock,$10.06,-0.13,-1.276%,149589,881315445.00,Canada,,Precious Metals,Basic Materials,/market-activity/stocks/mako,NASDAQ
MAMA,Mama's Creations Inc. Common Stock,$16.23,-0.15,-0.916%,510754,754651033.00,United States,,Specialty Foods,Consumer Staples,/market-activity/stocks/mama,NASDAQ
MAMO,Massimo Group Common Stock,$0.9994,-0.0006,-0.06%,5757,41615965.00,United States,2024,Industrial Specialties,Consumer Discretionary,/market-activity/stocks/mamo,NASDAQ
MANH,Manhattan Associates Inc. Common Stock,$223.19,-0.09,-0.04%,535207,13013086701.00,United States,1998,Computer Software: Prepackaged Software,Technology,/market-activity/stocks/manh,NASDAQ
MAR,Marriott International Class A Common Stock,$341.76,-9.32,-2.655%,1422530,89119486587.00,United States,,Hotels/Resorts,Consumer Discretionary,/market-activity/stocks/mar,NASDAQ
MARA,MARA Holdings Inc. Common Stock,$10.77,0.10,0.937%,23640710,4160443429.00,United States,,Finance: Consumer Services,Finance,/market-activity/stocks/mara,NASDAQ
MARPS,Marine Petroleum Trust Units of Beneficial Interest,$4.5975,0.3329,7.806%,3075,9195000.00,United States,,Oil & Gas Production,Energy,/market-activity/stocks/marps,NASDAQ
MASK,3 E Network Technology Group Ltd Class A Ordinary Shares,$1.415,0.025,1.799%,55184,5121005.00,China,2025,EDP Services,Technology,/market-activity/stocks/mask,NASDAQ
MASS,908 Devices Inc. Common Stock,$10.67,-0.06,-0.559%,246222,441030632.00,United States,2020,Industrial Machinery/Components,Industrials,/market-activity/stocks/mass,NASDAQ
MAT,Mattel Inc. Common Stock,$14.95,-0.19,-1.255%,3922611,4271215000.00,United States,,Recreational Games/Products/Toys,Consumer Discretionary,/market-activity/stocks/mat,NASDAQ
MATH,Metalpha Technology Holding Limited Ordinary Shares,$0.772,-0.0498,-6.06%,18848,36371418.00,China,2017,Finance: Consumer Services,Finance,/market-activity/stocks/math,NASDAQ
MATW,Matthews International Corporation Class A Common Stock,$20.77,-0.16,-0.764%,724345,648297603.00,United States,1994,Metal Fabrications,Telecommunications,/market-activity/stocks/matw,NASDAQ
MAYS,J. W. Mays Inc. Common Stock,$42.60,0.30,0.709%,2597,85872228.00,United States,,Building operators,Real Estate,/market-activity/stocks/mays,NASDAQ
MAZE,Maze Therapeutics Inc. Common Stock,$26.57,-0.87,-3.171%,493471,1475941394.00,United States,2025,Biotechnology: Biological Products (No Diagnostic Substances),Health Care,/market-activity/stocks/maze,NASDAQ
MB,MasterBeef Group Ordinary Shares,$4.15,-0.13,-3.037%,6572,71193250.00,Hong Kong,2025,Restaurants,Consumer Discretionary,/market-activity/stocks/mb,NASDAQ
MBAI,MBody AI Ltd. Ordinary Share,$6.61,0.03,0.456%,55320,90921145.00,Israel,2015,Medical Electronics,Health Care,/market-activity/stocks/mbai,NASDAQ
MBBC,Marathon Bancorp Inc. Common Stock,$15.26,0.035,0.23%,1402,45028384.00,United States,,Banks,Finance,/market-activity/stocks/mbbc,NASDAQ
MBIN,Merchants Bancorp Common Stock,$52.64,-0.77,-1.442%,115189,2418180268.00,United States,2017,Major Banks,Finance,/market-activity/stocks/mbin,NASDAQ
MBINL,Merchants Bancorp Depositary Shares Each Representing a 1/40thInterest in a Share of 7.25% Fixed Rate Series E Non-CumulativePerpetual Preferred Stock without par value,$25.09,0.045,0.18%,7850,1152586302.00,United States,,Major Banks,Finance,/market-activity/stocks/mbinl,NASDAQ
MBINM,Merchants Bancorp Depositary Shares Each Representing a 1/40th Interest in a Share of 8.25% Fixed-Rate Reset Series D Non-Cumulative Perpetual Preferred Stock,$25.58,0.01,0.039%,10820,1175095959.00,United States,,Major Banks,Finance,/market-activity/stocks/mbinm,NASDAQ
MBINN,Merchants Bancorp Depositary Shares Preferred Series C,$19.92,-0.08,-0.40%,15580,915086454.00,United States,,Major Banks,Finance,/market-activity/stocks/mbinn,NASDAQ
MBIO,Mustang Bio Inc. Common Stock,$0.5375,-0.0001,-0.019%,9114,4072909.00,United States,,Biotechnology: Pharmaceutical Preparations,Health Care,/market-activity/stocks/mbio,NASDAQ
MBLY,Mobileye Global Inc. Class A Common Stock,$8.53,-0.05,-0.583%,3152740,7252100211.00,Israel,2022,Computer Software: Prepackaged Software,Technology,/market-activity/stocks/mbly,NASDAQ
MBNKO,Medallion Bank Fixed-Rate Reset Non-Cumulative Perpetual Preferred Stock Series G par value $1.00 per share,$25.74,0.09,0.351%,185,25740000.00,United States,,Commercial Banks,Finance,/market-activity/stocks/mbnko,NASDAQ
MBOT,Microbot Medical Inc. Common Stock,$1.49,0.01,0.676%,404797,100075553.00,Israel,,Medical/Dental Instruments,Health Care,/market-activity/stocks/mbot,NASDAQ
MBRX,Moleculin Biotech Inc. Common Stock,$0.6447,-0.0052,-0.80%,290994,12557067.00,United States,2016,Biotechnology: Pharmaceutical Preparations,Health Care,/market-activity/stocks/mbrx,NASDAQ
MBUU,Malibu Boats Inc. Class A Common Stock,$26.96,-0.40,-1.462%,392185,530499361.00,United States,2014,Marine Transportation,Industrials,/market-activity/stocks/mbuu,NASDAQ
MBVI,M3-Brigade Acquisition VI Corp. Class A Ordinary Shares,$10.21,-0.005,-0.049%,167,0.00,United States,2025,,,/market-activity/stocks/mbvi,NASDAQ
MBVIW,M3-Brigade Acquisition VI Corp. Warrant,$0.35,0.00,0.00%,2101,0.00,United States,2025,,,/market-activity/stocks/mbviw,NASDAQ
MBWM,Mercantile Bank Corporation Common Stock,$59.76,-0.45,-0.747%,114693,1033007117.00,United States,1998,Major Banks,Finance,/market-activity/stocks/mbwm,NASDAQ
MBX,MBX Biosciences Inc. Common Stock,$61.60,-1.40,-2.222%,518302,2966661914.00,United States,2024,Biotechnology: Pharmaceutical Preparations,Health Care,/market-activity/stocks/mbx,NASDAQ
MCAH,Mountain Crest Acquisition 6 Corp. Ordinary Shares,$10.00,-0.04,-0.398%,211,0.00,United States,2026,Blank Checks,Finance,/market-activity/stocks/mcah,NASDAQ
MCAHU,Mountain Crest Acquisition 6 Corp. Units,$10.42,0.00,0.00%,200,0.00,United States,2026,Blank Checks,Finance,/market-activity/stocks/mcahu,NASDAQ
MCBS,MetroCity Bankshares Inc. Common Stock,$34.82,-0.32,-0.911%,89307,1002162394.00,United States,2019,Major Banks,Finance,/market-activity/stocks/mcbs,NASDAQ
MCFT,MasterCraft Boat Holdings Inc. Common Stock,$23.28,-0.61,-2.553%,152662,378995839.00,United States,2015,Marine Transportation,Industrials,/market-activity/stocks/mcft,NASDAQ
MCGA,Yorkville Acquisition Corp. Class A Ordinary Share,$10.335,-0.015,-0.145%,824039,0.00,United States,2025,Electric Utilities: Central,Utilities,/market-activity/stocks/mcga,NASDAQ
MCGAU,Yorkville Acquisition Corp. Unit,$10.4101,0.00,0.00%,2,0.00,United States,2025,Blank Checks,Finance,/market-activity/stocks/mcgau,NASDAQ
MCGAW,Yorkville Acquisition Corp. Warrant,$0.3499,0.0499,16.633%,492,0.00,United States,2025,,,/market-activity/stocks/mcgaw,NASDAQ
MCHB,Mechanics Bancorp Class A Common Stock,$15.74,-0.15,-0.944%,493522,3467711840.00,United States,2012,Major Banks,Finance,/market-activity/stocks/mchb,NASDAQ
MCHP,Microchip Technology Incorporated Common Stock,$73.45,0.52,0.713%,7193259,39883988354.00,United States,1993,Semiconductors,Technology,/market-activity/stocks/mchp,NASDAQ
MCHPP,Microchip Technology Incorporated Depositary Shares Each Representing a 1/20th Interest in a Share of 7.50% Series A Mandatory Convertible Preferred Stock,$64.36,0.41,0.641%,115972,34948039353.00,United States,,Semiconductors,Technology,/market-activity/stocks/mchpp,NASDAQ
MCHX,Marchex Inc. Class B Common Stock,$1.81,-0.03,-1.63%,5877,80251581.00,United States,2004,Computer Software: Prepackaged Software,Technology,/market-activity/stocks/mchx,NASDAQ
MCRB,Seres Therapeutics Inc. Common Stock,$4.91,-0.20,-3.914%,44237,49319875.00,United States,2015,Biotechnology: Pharmaceutical Preparations,Health Care,/market-activity/stocks/mcrb,NASDAQ
MCRI,Monarch Casino & Resort Inc. Common Stock,$120.45,-2.12,-1.73%,177838,2158767654.00,United States,1993,Hotels/Resorts,Consumer Discretionary,/market-activity/stocks/mcri,NASDAQ
MDAI,Spectral AI Inc. Class A Common Stock,$1.57,0.00,0.00%,84823,50530337.00,United States,2021,Medical/Dental Instruments,Health Care,/market-activity/stocks/mdai,NASDAQ
MDAIW,Spectral AI Inc. Warrants,$0.53,0.00,0.00%,91,17058012.00,United States,2021,Medical/Dental Instruments,Health Care,/market-activity/stocks/mdaiw,NASDAQ
MDB,MongoDB Inc. Class A Common Stock,$453.37,6.75,1.511%,1753664,36465422744.00,United States,2017,Computer Software: Prepackaged Software,Technology,/market-activity/stocks/mdb,NASDAQ
MDBH,MDB Capital Holdings LLC Class A common,$2.94,-0.0129,-0.437%,3219,15989578.00,United States,2023,Finance: Consumer Services,Finance,/market-activity/stocks/mdbh,NASDAQ
MDCX,Medicus Pharma Ltd. Common Stock  ,$0.2618,0.0041,1.591%,413963,15751994.00,Canada,,Biotechnology: Pharmaceutical Preparations,Health Care,/market-activity/stocks/mdcx,NASDAQ
MDCXW,Medicus Pharma Ltd. Warrant,$0.3879,0.0577,17.474%,227,23339184.00,Canada,,Biotechnology: Pharmaceutical Preparations,Health Care,/market-activity/stocks/mdcxw,NASDAQ
MDGL,Madrigal Pharmaceuticals Inc. Common Stock,$540.03,6.27,1.175%,134578,12476921164.00,United States,2007,Biotechnology: Pharmaceutical Preparations,Health Care,/market-activity/stocks/mdgl,NASDAQ
MDIA,Mediaco Holding Inc. Class A Common Stock ,$1.09,-0.035,-3.111%,6956,91581645.00,United States,,Broadcasting,Consumer Discretionary,/market-activity/stocks/mdia,NASDAQ
MDLN,Medline Inc. Class A Common Stock,$35.03,-0.25,-0.709%,8414163,46054203445.00,United States,2025,Medical/Dental Instruments,Health Care,/market-activity/stocks/mdln,NASDAQ
MDLZ,Mondelez International Inc. Class A Common Stock,$62.07,-0.29,-0.465%,7277334,79220441098.00,United States,,Packaged Foods,Consumer Staples,/market-activity/stocks/mdlz,NASDAQ
MDRR,Medalist Diversified Inc. Common Stock,$12.1047,0.1047,0.873%,781,19712504.00,United States,2018,Real Estate Investment Trusts,Real Estate,/market-activity/stocks/mdrr,NASDAQ
MDWD,MediWound Ltd. Ordinary Shares,$12.61,-0.05,-0.395%,167028,162798606.00,Israel,2014, Medicinal Chemicals and Botanical Products ,Health Care,/market-activity/stocks/mdwd,NASDAQ
MDXG,MiMedx Group Inc Common Stock,$4.54,0.04,0.889%,1063394,661752525.00,United States,,Medical/Dental Instruments,Health Care,/market-activity/stocks/mdxg,NASDAQ
MDXH,MDxHealth SA Ordinary Shares,$0.7202,-0.0005,-0.069%,210752,68719599.00,Belgium,2021,Medical Specialities,Health Care,/market-activity/stocks/mdxh,NASDAQ
MEDP,Medpace Holdings Inc. Common Stock,$593.99,-6.66,-1.109%,347287,16579243953.00,United States,2016,Biotechnology: Commercial Physical & Biological Resarch,Health Care,/market-activity/stocks/medp,NASDAQ
MEDS,DataMeds AI Inc. Common Stock,$0.963,0.0024,0.25%,7822266,2948628.00,United States,2025,Other Pharmaceuticals,Health Care,/market-activity/stocks/meds,NASDAQ
MEGL,Magic Empire Global Limited Class A Ordinary Shares,$1.1849,-0.0051,-0.429%,2490,6000393.00,Hong Kong,2022,Finance: Consumer Services,Finance,/market-activity/stocks/megl,NASDAQ
MELI,MercadoLibre Inc. Common Stock,$1936.20,-30.05,-1.528%,335182,98159148032.00,Argentina,2007,Business Services,Consumer Discretionary,/market-activity/stocks/meli,NASDAQ
MENS,Jyong Biotech Ltd. Ordinary Shares,$2.23,-0.14,-5.907%,63236,169541697.00,Taiwan,2025,Biotechnology: Pharmaceutical Preparations,Health Care,/market-activity/stocks/mens,NASDAQ
MEOH,Methanex Corporation Common Stock,$58.95,1.28,2.22%,361676,4560623304.00,Canada,,Major Chemicals,Industrials,/market-activity/stocks/meoh,NASDAQ
MERC,Mercer International Inc. Common Stock,$0.3902,0.0044,1.14%,3087555,26150436.00,Canada,,Paper,Basic Materials,/market-activity/stocks/merc,NASDAQ
MESH,Meshflow Acquisition Corp. Class A Ordinary Shares,$10.07,-0.01,-0.099%,4522,0.00,United States,2026,,,/market-activity/stocks/mesh,NASDAQ
MESHU,Meshflow Acquisition Corp. Units,$10.1499,0.00,0.00%,2,0.00,United States,2025,,,/market-activity/stocks/meshu,NASDAQ
MESHW,Meshflow Acquisition Corp. Warrants,$0.2647,0.0378,16.659%,1541,0.00,United States,2026,,,/market-activity/stocks/meshw,NASDAQ
MESO,Mesoblast Limited American Depositary Shares,$16.76,-0.68,-3.899%,173736,2180221432.00,Australia,2015,Biotechnology: Biological Products (No Diagnostic Substances),Health Care,/market-activity/stocks/meso,NASDAQ
META,Meta Platforms Inc. Class A Common Stock,$572.34,-5.68,-0.983%,13361624,1458039712817.00,United States,2012,Computer Software: Programming Data Processing,Technology,/market-activity/stocks/meta,NASDAQ
METC,Ramaco Resources Inc. Class A Common Stock,$14.24,0.94,7.068%,3254929,902648523.00,United States,2017,Coal Mining,Energy,/market-activity/stocks/metc,NASDAQ
METCB,Ramaco Resources Inc. Class B Common Stock,$7.56,0.20,2.717%,138882,479215087.00,United States,,Coal Mining,Energy,/market-activity/stocks/metcb,NASDAQ
METCI,Ramaco Resources Inc. 8.250% Senior Notes due 2030,$25.45,0.00,0.00%,227,0.00,United States,,Coal Mining,Energy,/market-activity/stocks/metci,NASDAQ
METCZ,Ramaco Resources Inc. 8.375% Senior Notes due 2029,$25.4599,0.0049,0.019%,2072,0.00,United States,,Coal Mining,Energy,/market-activity/stocks/metcz,NASDAQ
MEVO,M Evo Global Acquisition Corp II Class A Ordinary Shares,$10.02,0.01,0.10%,696544,0.00,United States,2026,Blank Checks,Finance,/market-activity/stocks/mevo,NASDAQ
MEVOU,M Evo Global Acquisition Corp II Units,$10.13,-0.03,-0.295%,9374,0.00,United States,2026,Blank Checks,Finance,/market-activity/stocks/mevou,NASDAQ
MF,MindForge Inc. Class A Ordinary Shares,$21.69,2.20,11.288%,46204,39397716.00,China,2024,Computer Software: Programming Data Processing,Technology,/market-activity/stocks/mf,NASDAQ
MFI,mF International Limited Class A Ordinary Shares,$9.4657,0.2857,3.112%,15367,474955554.00,Hong Kong,2024,EDP Services,Technology,/market-activity/stocks/mfi,NASDAQ
MFIC,MidCap Financial Investment Corporation Common Stock,$9.81,0.19,1.975%,569125,808075481.00,United States,2004,Finance/Investors Services,Finance,/market-activity/stocks/mfic,NASDAQ
MFICL,MidCap Financial Investment Corporation 8.00% Notes due 2028,$25.59,0.02,0.078%,8322,2387639687.00,United States,,Finance/Investors Services,Finance,/market-activity/stocks/mficl,NASDAQ
MFIN,Medallion Financial Corp. Common Stock,$11.82,-0.13,-1.088%,67727,271390143.00,United States,,Finance: Consumer Services,Finance,/market-activity/stocks/mfin,NASDAQ
MFP,Midera Food Processing Inc. Common Stock,$46.88,0.11,0.235%,428654,2120403730.00,United States,,Industrial Machinery/Components,Industrials,/market-activity/stocks/mfp,NASDAQ
MGEE,MGE Energy Inc,$77.69,-0.46,-0.589%,168546,2935439892.00,United States,,Electric Utilities: Central,Energy,/market-activity/stocks/mgee,NASDAQ
MGIH,Millennium Group International Holdings Limited Ordinary Shares,$1.48,-0.07,-4.516%,31339,16650000.00,Hong Kong,2023,Publishing,Consumer Discretionary,/market-activity/stocks/mgih,NASDAQ
MGN,Megan Holdings Limited Class A Ordinary Shares,$0.1186,0.0088,8.015%,936402,109705.00,Malaysia,2025,Farming/Seeds/Milling,Consumer Staples,/market-activity/stocks/mgn,NASDAQ
MGNI,Magnite Inc. Common Stock,$23.49,-0.21,-0.886%,1667918,3369033448.00,United States,,Computer Software: Programming Data Processing,Technology,/market-activity/stocks/mgni,NASDAQ
MGNX,MacroGenics Inc. Common Stock,$3.99,-0.14,-3.39%,542807,254163746.00,United States,2013,Biotechnology: Pharmaceutical Preparations,Health Care,/market-activity/stocks/mgnx,NASDAQ
MGPI,MGP Ingredients Inc.,$16.61,-0.24,-1.424%,345027,355687802.00,United States,,Beverages (Production/Distribution),Consumer Staples,/market-activity/stocks/mgpi,NASDAQ
MGRC,McGrath RentCorp Common Stock,$112.44,0.16,0.143%,125751,2746421548.00,United States,1984,Diversified Commercial Services,Consumer Discretionary,/market-activity/stocks/mgrc,NASDAQ
MGRT,Mega Fortune Company Limited Ordinary Shares,$98.07,-1.43,-1.437%,3400,1348462500.00,Hong Kong,2025,EDP Services,Technology,/market-activity/stocks/mgrt,NASDAQ
MGRX,Mangoceuticals Inc. Common Stock,$0.3901,-0.0121,-3.008%,252317,8413451.00,United States,2023,Misc Health and Biotechnology Services,Health Care,/market-activity/stocks/mgrx,NASDAQ
MGTX,MeiraGTx Holdings plc Ordinary Shares,$13.81,-0.01,-0.072%,715710,1326353775.00,United States,2018,Biotechnology: Biological Products (No Diagnostic Substances),Health Care,/market-activity/stocks/mgtx,NASDAQ
MGX,Metagenomi Therapeutics Inc. Common Stock,$1.18,-0.01,-0.84%,106867,44576984.00,United States,2024,Biotechnology: Biological Products (No Diagnostic Substances),Health Care,/market-activity/stocks/mgx,NASDAQ
MGYR,Magyar Bancorp Inc. Common Stock,$19.36,-0.125,-0.642%,5488,124976215.00,United States,2006,Savings Institutions,Finance,/market-activity/stocks/mgyr,NASDAQ
MIAC,Meridian3 Industrials Acquisition Corp Class A Ordinary Shares,$9.83,0.00,0.00%,29698,0.00,United States,2026,,,/market-activity/stocks/miac,NASDAQ
MIACU,Meridian3 Industrials Acquisition Corp Units,$10.0499,-0.0001,-0.001%,33074,0.00,United States,2026,,,/market-activity/stocks/miacu,NASDAQ
MIACW,Meridian3 Industrials Acquisition Corp Warrant,$0.50,-0.52,-50.98%,7774,0.00,United States,2026,,,/market-activity/stocks/miacw,NASDAQ
MIDD,Middleby Corporation (The) Common Stock,$110.84,-1.91,-1.694%,375269,5012445163.00,United States,,Industrial Machinery/Components,Industrials,/market-activity/stocks/midd,NASDAQ
MIMI,Mint Incorporation Limited Class A Ordinary Shares,$0.8277,-0.1317,-13.727%,1456609,11085072.00,Hong Kong,2025,Business Services,Consumer Discretionary,/market-activity/stocks/mimi,NASDAQ
MIND,MIND Technology Inc. Common Stock (DE),$4.35,0.01,0.23%,152196,39537389.00,United States,1994,Industrial Machinery/Components,Industrials,/market-activity/stocks/mind,NASDAQ
MIRA,MIRA Pharmaceuticals Inc. Common Stock,$0.7702,0.0201,2.68%,44340,32365411.00,United States,2023,Biotechnology: Pharmaceutical Preparations,Health Care,/market-activity/stocks/mira,NASDAQ
MIRM,Mirum Pharmaceuticals Inc. Common Stock,$98.05,0.59,0.605%,419812,6366602504.00,United States,2019,Biotechnology: Pharmaceutical Preparations,Health Care,/market-activity/stocks/mirm,NASDAQ
MIST,Milestone Pharmaceuticals Inc. Common Shares,$1.16,0.00,0.00%,1003380,144417657.00,Canada,2019,Biotechnology: Pharmaceutical Preparations,Health Care,/market-activity/stocks/mist,NASDAQ
MITK,Mitek Systems Inc. Common Stock,$18.46,-0.39,-2.069%,449442,832959024.00,United States,,Computer peripheral equipment,Technology,/market-activity/stocks/mitk,NASDAQ
MKDW,MKDWELL Tech Inc. Ordinary Share,$10.9938,0.4438,4.207%,1961,375970832.00,Taiwan,,Consumer Electronics/Appliances,Technology,/market-activity/stocks/mkdw,NASDAQ
MKDWW,MKDWELL Tech Inc. Warrants,$0.0099,0.00,0.00%,230,338565.00,Taiwan,,Consumer Electronics/Appliances,Technology,/market-activity/stocks/mkdww,NASDAQ
MKLY,McKinley Acquisition Corporation Class A Ordinary Shares,$10.25,0.00,0.00%,106784,0.00,United States,2025,Blank Checks,Finance,/market-activity/stocks/mkly,NASDAQ
MKLYR,McKinley Acquisition Corporation Rights,$0.24,-0.01,-4.00%,2007,0.00,United States,2025,Blank Checks,Finance,/market-activity/stocks/mklyr,NASDAQ
MKLYU,McKinley Acquisition Corporation Units,$10.5985,0.0085,0.08%,516,0.00,United States,2025,Blank Checks,Finance,/market-activity/stocks/mklyu,NASDAQ
MKSI,MKS Inc. Common Stock,$256.24,0.48,0.188%,977618,17326323062.00,United States,1999,Industrial Machinery/Components,Industrials,/market-activity/stocks/mksi,NASDAQ
MKTW,MarketWise Inc. Class A Common Stock,$18.00,-0.005,-0.028%,13045,283940730.00,United States,,Computer Software: Prepackaged Software,Technology,/market-activity/stocks/mktw,NASDAQ
MKTX,MarketAxess Holdings Inc. Common Stock,$162.63,-0.09,-0.055%,781900,5723419863.00,United States,2004,Investment Bankers/Brokers/Service,Finance,/market-activity/stocks/mktx,NASDAQ
MKZR,MacKenzie Realty Capital Inc. Common Stock,$1.50,-0.01,-0.662%,33248,4162032.00,United States,,Real Estate Investment Trusts,Real Estate,/market-activity/stocks/mkzr,NASDAQ
MLAA,Mountain Lake Acquisition Corp. II Class A Ordinary Shares,$10.00,0.00,0.00%,251355,0.00,United States,2026,Blank Checks,Finance,/market-activity/stocks/mlaa,NASDAQ
MLAAW,Mountain Lake Acquisition Corp. II Warrants,$0.23,0.02,9.524%,3267,0.00,United States,2026,Blank Checks,Finance,/market-activity/stocks/mlaaw,NASDAQ
MLAB,Mesa Laboratories Inc. Common Stock,$127.87,-1.06,-0.822%,155927,715543769.00,United States,,Industrial Machinery/Components,Industrials,/market-activity/stocks/mlab,NASDAQ
MLCI,Mount Logan Capital Inc. Common Stock,$3.21,0.02,0.627%,6567,35915945.00,United States,,Investment Managers,Finance,/market-activity/stocks/mlci,NASDAQ
MLCIL,Mount Logan Capital Inc. 8.00% Notes Due 2031,$22.70,0.00,0.00%,61,0.00,United States,,Investment Managers,Finance,/market-activity/stocks/mlcil,NASDAQ
MLCO,Melco Resorts & Entertainment Limited American Depositary Shares,$5.08,-0.24,-4.511%,2145196,1998803226.00,Hong Kong,2006,Hotels/Resorts,Consumer Discretionary,/market-activity/stocks/mlco,NASDAQ
MLEC,Moolec Science SA Ordinary Shares,$6.80,0.00,0.00%,31610,4937602.00,Luxembourg,,Blank Checks,Finance,/market-activity/stocks/mlec,NASDAQ
MLECW,Moolec Science SA Warrant,$0.0159,0.00,0.00%,151,11545.00,Luxembourg,,Blank Checks,Finance,/market-activity/stocks/mlecw,NASDAQ
MLGO,MicroAlgo Inc. Class A Ordinary Shares,$3.99,-0.05,-1.238%,40866,49625469.00,United States,2021,EDP Services,Technology,/market-activity/stocks/mlgo,NASDAQ
MLKN,MillerKnoll Inc. Common Stock,$22.59,-0.54,-2.335%,597678,1538903946.00,United States,,Office Equipment/Supplies/Services,Consumer Discretionary,/market-activity/stocks/mlkn,NASDAQ
MLTX,MoonLake Immunotherapeutics Class A Ordinary Shares,$15.05,0.06,0.40%,1017671,1280855609.00,United States,2020,Biotechnology: Pharmaceutical Preparations,Health Care,/market-activity/stocks/mltx,NASDAQ
MLYS,Mineralys Therapeutics Inc. Common Stock,$25.67,0.07,0.273%,1077508,2269404738.00,United States,2023,Biotechnology: Pharmaceutical Preparations,Health Care,/market-activity/stocks/mlys,NASDAQ
MMED,MiniMed Group Inc. Common Stock,$20.26,0.16,0.796%,2482158,5700149602.00,United States,2026,Medical/Dental Instruments,Health Care,/market-activity/stocks/mmed,NASDAQ
MMLP,Martin Midstream Partners L.P. Limited Partnership,$2.34,0.09,4.00%,1363,91551765.00,United States,2002,Oil Refining/Marketing,Energy,/market-activity/stocks/mmlp,NASDAQ
MMSI,Merit Medical Systems Inc. Common Stock,$90.66,0.17,0.188%,407595,5413346677.00,United States,,Medical/Dental Instruments,Health Care,/market-activity/stocks/mmsi,NASDAQ
MMTX,Miluna Acquisition Corp Class A Ordinary Share,$10.165,-0.015,-0.147%,5477,0.00,Taiwan,2025,Blank Checks,Finance,/market-activity/stocks/mmtx,NASDAQ
MMYT,MakeMyTrip Limited Ordinary Shares,$58.26,-0.76,-1.288%,294566,5479857648.00,India,2010,Transportation Services,Consumer Discretionary,/market-activity/stocks/mmyt,NASDAQ
MNDO,MIND C.T.I. Ltd. Ordinary Shares,$1.00,-0.03,-2.913%,151225,20185166.00,Israel,,EDP Services,Technology,/market-activity/stocks/mndo,NASDAQ
MNDR,Mobile-health Network Solutions Class A Ordinary Shares,$1.57,0.02,1.29%,33851,1875423.00,Singapore,2024,Computer Software: Prepackaged Software,Technology,/market-activity/stocks/mndr,NASDAQ
MNDY,monday.com Ltd. Ordinary Shares,$101.14,0.43,0.427%,1142460,4339608316.00,Israel,2021,Computer Software: Prepackaged Software,Technology,/market-activity/stocks/mndy,NASDAQ
MNKD,MannKind Corporation Common Stock,$4.01,0.06,1.519%,2805170,1289393381.00,United States,2004,Biotechnology: Pharmaceutical Preparations,Health Care,/market-activity/stocks/mnkd,NASDAQ
MNOV,Medicinova Inc Common Stock,$1.435,0.00,0.00%,18673,70632488.00,United States,,Biotechnology: Pharmaceutical Preparations,Health Care,/market-activity/stocks/mnov,NASDAQ
MNPR,Monopar Therapeutics Inc. Common Stock,$111.93,0.04,0.036%,141869,751293412.00,United States,2019,Biotechnology: Pharmaceutical Preparations,Health Care,/market-activity/stocks/mnpr,NASDAQ
MNRO,Monro Inc. Common Stock,$12.46,-0.50,-3.858%,845072,389550188.00,United States,1991,Automotive Aftermarket,Consumer Discretionary,/market-activity/stocks/mnro,NASDAQ
MNSB,MainStreet Bancshares Inc. Common Stock,$24.94,-0.21,-0.835%,19576,177599635.00,United States,,Major Banks,Finance,/market-activity/stocks/mnsb,NASDAQ
MNSBP,MainStreet Bancshares Inc. Depositary Shares,$25.85,0.00,0.00%,7,184079815.00,United States,,Major Banks,Finance,/market-activity/stocks/mnsbp,NASDAQ
MNST,Monster Beverage Corporation,$45.92,-0.94,-2.006%,12161218,134939620463.00,United States,,Beverages (Production/Distribution),Consumer Staples,/market-activity/stocks/mnst,NASDAQ
MNTK,Montauk Renewables Inc. Common Stock,$1.72,-0.05,-2.825%,132510,244826759.00,United States,2021,Natural Gas Distribution,Utilities,/market-activity/stocks/mntk,NASDAQ
MNTS,Momentus Inc. Class A Common Stock,$4.25,0.15,3.659%,678994,93344454.00,United States,2019,Military/Government/Technical,Industrials,/market-activity/stocks/mnts,NASDAQ
MNY,MoneyHero Limited Class A Ordinary Shares,$0.8699,-0.02,-2.247%,4620,38652456.00,Singapore,,Business Services,Consumer Discretionary,/market-activity/stocks/mny,NASDAQ
MNYWW,MoneyHero Limited Warrants,$0.0428,-0.0023,-5.10%,266,1901742.00,Singapore,,Business Services,Consumer Discretionary,/market-activity/stocks/mnyww,NASDAQ
MOB,Mobilicom Limited Ordinary Shares,$5.54,0.00,0.00%,144780,69988875.00,Israel,2022,Aerospace,Industrials,/market-activity/stocks/mob,NASDAQ
MOBBW,Mobilicom Limited Warrants,$1.98,0.00,0.00%,79,25014075.00,Israel,2022,Aerospace,Industrials,/market-activity/stocks/mobbw,NASDAQ
MOBI,Mobia Medical Inc. Common Stock,$11.16,-0.18,-1.587%,101444,371528631.00,United States,2026,Medical/Dental Instruments,Health Care,/market-activity/stocks/mobi,NASDAQ
MOBX,Mobix Labs Inc. Class A Common Stock,$1.32,0.21,18.919%,17808780,22406839.00,United States,2021,Semiconductors,Technology,/market-activity/stocks/mobx,NASDAQ
MOBXW,Mobix Labs Inc Warrants,$0.0887,0.0054,6.483%,12127,1505672.00,United States,2021,Semiconductors,Technology,/market-activity/stocks/mobxw,NASDAQ
MODD,Modular Medical Inc. Common Stock,$3.76,0.30,8.671%,128071,30647094.00,United States,,Medical/Dental Instruments,Health Care,/market-activity/stocks/modd,NASDAQ
MOLN,Molecular Partners AG American Depositary Shares,$4.50,0.00,0.00%,339,168800234.00,Switzerland,2021,Biotechnology: Biological Products (No Diagnostic Substances),Health Care,/market-activity/stocks/moln,NASDAQ
MOMO,Hello Group Inc. American Depositary Shares,$5.54,-0.18,-3.147%,1069907,818520602.00,China,2014,Computer Software: Prepackaged Software,Technology,/market-activity/stocks/momo,NASDAQ
MORN,Morningstar Inc. Common Stock,$218.94,1.29,0.593%,346237,8213221235.00,United States,2005,Investment Managers,Finance,/market-activity/stocks/morn,NASDAQ
MOVE,Corvex Inc. Common Stock,$10.95,-0.54,-4.70%,6931036,302737990.00,United States,2021,EDP Services,Technology,/market-activity/stocks/move,NASDAQ
MPAA,Motorcar Parts  of America Inc. Common Stock,$11.62,0.12,1.043%,209603,220003865.00,United States,,Auto Parts:O.E.M.,Consumer Discretionary,/market-activity/stocks/mpaa,NASDAQ
MPB,Mid Penn Bancorp Common Stock,$36.41,-0.26,-0.709%,103719,922455178.00,United States,,Major Banks,Finance,/market-activity/stocks/mpb,NASDAQ
MPLT,MapLight Therapeutics Inc. Common Stock,$12.97,0.37,2.937%,440597,566144663.00,United States,2025,Biotechnology: Pharmaceutical Preparations,Health Care,/market-activity/stocks/mplt,NASDAQ
MPWR,Monolithic Power Systems Inc. Common Stock,$1267.77,11.51,0.916%,688972,62302021110.00,United States,2004,Semiconductors,Technology,/market-activity/stocks/mpwr,NASDAQ
MQ,Marqeta Inc. Class A Common Stock,$16.42,-0.05,-0.304%,778244,1709302854.00,United States,2021,Computer Software: Prepackaged Software,Technology,/market-activity/stocks/mq,NASDAQ
MRAM,Everspin Technologies Inc. Common Stock,$16.25,-0.30,-1.813%,581093,395687646.00,United States,2016,Semiconductors,Technology,/market-activity/stocks/mram,NASDAQ
MRBK,Meridian Corporation Common Stock,$19.27,-0.05,-0.259%,58909,229872755.00,United States,2017,Major Banks,Finance,/market-activity/stocks/mrbk,NASDAQ
MRCO,Mercator Acquisition Corp. Class A Ordinary Shares,$9.87,0.00,0.00%,51208,0.00,United States,2026,Blank Checks,Finance,/market-activity/stocks/mrco,NASDAQ
MRCOU,Mercator Acquisition Corp. Units,$10.02,0.00,0.00%,44,0.00,United States,2026,Blank Checks,Finance,/market-activity/stocks/mrcou,NASDAQ
MRCOW,Mercator Acquisition Corp. Warrant,$0.3398,-0.0001,-0.029%,8,0.00,United States,2026,Blank Checks,Finance,/market-activity/stocks/mrcow,NASDAQ
MRCY,Mercury Systems Inc Common Stock,$87.33,-1.21,-1.367%,590167,5251688495.00,United States,1998,Electrical Products,Technology,/market-activity/stocks/mrcy,NASDAQ
MRDN,Meridian Holdings Inc. Common Stock,$13.92,-0.02,-0.143%,114998,176359148.00,United States,,Computer Software: Prepackaged Software,Technology,/market-activity/stocks/mrdn,NASDAQ
MREO,Mereo BioPharma Group plc American Depositary Shares,$0.2668,0.0143,5.663%,1311047,41392848.00,United Kingdom,,Biotechnology: Pharmaceutical Preparations,Health Care,/market-activity/stocks/mreo,NASDAQ
MRKR,Marker Therapeutics Inc. Common Stock,$1.33,-0.04,-2.92%,59500,22175259.00,United States,,Biotechnology: Pharmaceutical Preparations,Health Care,/market-activity/stocks/mrkr,NASDAQ
MRLN,Merlin Inc. Common Stock,$3.03,-0.25,-7.622%,1343669,306235386.00,United States,2024,EDP Services,Technology,/market-activity/stocks/mrln,NASDAQ
MRM,MEDIROM Healthcare Technologies Inc. American Depositary Share,$0.94,-0.01,-1.053%,9387,7427833.00,Japan,2020,Other Consumer Services,Consumer Discretionary,/market-activity/stocks/mrm,NASDAQ
MRNA,Moderna Inc. Common Stock,$140.34,2.35,1.703%,18537485,56028764662.00,United States,2018,Biotechnology: Biological Products (No Diagnostic Substances),Health Care,/market-activity/stocks/mrna,NASDAQ
MRNO,Murano Global Investments PLC Ordinary Shares,$0.214,0.0005,0.234%,86711,16957975.00,Mexico,,Hotels/Resorts,Consumer Discretionary,/market-activity/stocks/mrno,NASDAQ
MRNOW,Murano Global Investments PLC Warrants,$0.0092,0.0027,41.538%,8199,729034.00,Mexico,,Hotels/Resorts,Consumer Discretionary,/market-activity/stocks/mrnow,NASDAQ
MRTN,Marten Transport Ltd. Common Stock,$14.42,0.06,0.418%,587825,1177561267.00,United States,1986,Trucking Freight/Courier Services,Industrials,/market-activity/stocks/mrtn,NASDAQ
MRVI,Maravai LifeSciences Holdings Inc. Class A Common Stock,$7.64,-0.04,-0.521%,5318034,1983906495.00,United States,2020,Biotechnology: Pharmaceutical Preparations,Health Care,/market-activity/stocks/mrvi,NASDAQ
MRVL,Marvell Technology Inc. Common Stock,$211.66,-4.96,-2.29%,23566976,185364721092.00,United States,2000,Semiconductors,Technology,/market-activity/stocks/mrvl,NASDAQ
MRX,Marex Group Limited Ordinary Shares,$72.48,-0.36,-0.494%,675440,5373148026.00,United Kingdom,2024,Investment Bankers/Brokers/Service,Finance,/market-activity/stocks/mrx,NASDAQ
MSAI,MultiSensor AI Holdings Inc. Common Stock,$5.21,-0.16,-2.98%,3929,11491426.00,United States,2021,Electronic Components,Technology,/market-activity/stocks/msai,NASDAQ
MSAIW,MultiSensor AI Holdings Inc. Warrant,$0.0134,-0.0042,-23.864%,55836,29556.00,United States,2021,Electronic Components,Technology,/market-activity/stocks/msaiw,NASDAQ
MSBI,Midland States Bancorp Inc. Common Stock,$32.79,-0.21,-0.636%,125210,680461752.00,United States,2016,Major Banks,Finance,/market-activity/stocks/msbi,NASDAQ
MSBIP,Midland States Bancorp Inc. Depositary Shares Each Representing a 1/40th Interest in a Share of 7.750% Fixed-Rate Reset Non-Cumulative Perpetual Preferred Stock Series A,$25.30,-0.20,-0.784%,52854,525028434.00,United States,,Major Banks,Finance,/market-activity/stocks/msbip,NASDAQ
MSEX,Middlesex Water Company Common Stock,$58.00,-0.49,-0.838%,148280,1092948868.00,United States,,Water Supply,Utilities,/market-activity/stocks/msex,NASDAQ
MSFT,Microsoft Corporation Common Stock,$507.29,-6.24,-1.215%,27188675,3766904972129.00,United States,1986,Computer Software: Prepackaged Software,Technology,/market-activity/stocks/msft,NASDAQ
MSGM,Motorsport Games Inc. Class A Common Stock,$3.88,-0.01,-0.257%,19553,17804552.00,United States,2021,Computer Software: Prepackaged Software,Technology,/market-activity/stocks/msgm,NASDAQ
MSGY,Masonglory Limited Class A Ordinary Shares ,$1.90,-0.03,-1.554%,50508,4027288.00,Hong Kong,2025,Engineering & Construction,Consumer Discretionary,/market-activity/stocks/msgy,NASDAQ
MSLE,Satellos Bioscience Inc. Common Stock,$9.34,0.68,7.852%,53277,198161540.00,Canada,,Biotechnology: Pharmaceutical Preparations,Health Care,/market-activity/stocks/msle,NASDAQ
MSS,Maison Solutions Inc. Class A Common Stock,$1.54,-0.06,-3.75%,239101,1317222.00,United States,2023,Food Chains,Consumer Staples,/market-activity/stocks/mss,NASDAQ
MSTR,Strategy Inc Common Stock Class A,$132.94,5.63,4.422%,23974616,51078971338.00,United States,1998,Computer Software: Prepackaged Software,Technology,/market-activity/stocks/mstr,NASDAQ
MTAKU,Market Technology Acquisition Corp Unit,$9.98,-0.02,-0.20%,24538,0.00,United States,2026,Blank Checks,Finance,/market-activity/stocks/mtaku,NASDAQ
MTC,MMTec Inc. Common Shares,$4.14,0.35,9.235%,23208,412293538.00,China,2019,Computer Software: Prepackaged Software,Technology,/market-activity/stocks/mtc,NASDAQ
MTCH,Match Group Inc. Common Stock,$40.65,-0.93,-2.237%,3028314,9331247540.00,United States,,Computer Software: Programming Data Processing,Technology,/market-activity/stocks/mtch,NASDAQ
MTEK,Maris-Tech Ltd. Ordinary Shares,$1.12,0.01,0.901%,13895,10862461.00,Israel,2022,Telecommunications Equipment,Telecommunications,/market-activity/stocks/mtek,NASDAQ
MTEKW,Maris-Tech Ltd. Warrants,$0.103,-0.0219,-17.534%,2813,998958.00,Israel,2022,Telecommunications Equipment,Telecommunications,/market-activity/stocks/mtekw,NASDAQ
MTEN,Mingteng International Corporation Inc. Class A Ordinary Shares,$1.03,-0.02,-1.905%,141615,7879361.00,China,2024,Building Products,Industrials,/market-activity/stocks/mten,NASDAQ
MTEX,Mannatech Incorporated Common Stock,$7.18,0.44,6.528%,3031,13855031.00,United States,, Medicinal Chemicals and Botanical Products ,Health Care,/market-activity/stocks/mtex,NASDAQ
MTLS,Materialise NV American Depositary Shares,$7.21,0.19,2.707%,148147,425874411.00,Belgium,2014,Computer Software: Prepackaged Software,Technology,/market-activity/stocks/mtls,NASDAQ
MTRX,Matrix Service Company Common Stock,$10.81,-0.02,-0.185%,395260,304126919.00,United States,1990,Engineering & Construction,Consumer Discretionary,/market-activity/stocks/mtrx,NASDAQ
MTSI,MACOM Technology Solutions Holdings Inc. Common Stock,$263.83,-1.44,-0.543%,808117,20148942726.00,United States,2012,Semiconductors,Technology,/market-activity/stocks/mtsi,NASDAQ
MTVA,MetaVia Inc. Common Stock,$1.72,0.02,1.176%,23305,11331534.00,United States,2016,Biotechnology: Pharmaceutical Preparations,Health Care,/market-activity/stocks/mtva,NASDAQ
MU,Micron Technology Inc. Common Stock,$958.73,25.87,2.773%,22459054,1082783095658.00,United States,,Semiconductors,Technology,/market-activity/stocks/mu,NASDAQ
MUZE,Muzero Acquisition Corp Class A Ordinary Shares,$10.00,0.00,0.00%,8228,0.00,United States,2026,Blank Checks,Finance,/market-activity/stocks/muze,NASDAQ
MUZEU,Muzero Acquisition Corp Unit,$10.10,-0.04,-0.394%,109,0.00,United States,2026,Blank Checks,Finance,/market-activity/stocks/muzeu,NASDAQ
MUZEW,Muzero Acquisition Corp Warrant,$0.2994,0.0593,24.698%,94487,0.00,United States,2026,Blank Checks,Finance,/market-activity/stocks/muzew,NASDAQ
MVBF,MVB Financial Corp. Common Stock,$30.27,-0.16,-0.526%,52913,392526437.00,United States,,Major Banks,Finance,/market-activity/stocks/mvbf,NASDAQ
MVIS,MicroVision Inc. Common Stock,$1.81,-0.03,-1.63%,791663,54571549.00,United States,1996,Industrial Machinery/Components,Technology,/market-activity/stocks/mvis,NASDAQ
MVST,Microvast Holdings Inc. Common Stock,$0.718,-0.0041,-0.568%,15304251,276095761.00,United States,2019,Industrial Machinery/Components,Miscellaneous,/market-activity/stocks/mvst,NASDAQ
MWC,Micware Co. Ltd. American Depositary Shares,$1.45,0.03,2.113%,66305,86158150.00,Japan,2026,EDP Services,Technology,/market-activity/stocks/mwc,NASDAQ
MWH,SOLV Energy Inc. Class A Common Stock,$25.52,-0.77,-2.929%,1676665,5164909145.00,United States,2026,Military/Government/Technical,Industrials,/market-activity/stocks/mwh,NASDAQ
MWYN,Marwynn Holdings Inc. Common stock,$1.30,0.04,3.175%,27616,26253245.00,United States,2025,Food Distributors,Consumer Discretionary,/market-activity/stocks/mwyn,NASDAQ
MXCT,MaxCyte Inc. Common Stock,$1.29,0.07,5.738%,777287,133136006.00,United States,2021,Biotechnology: Commercial Physical & Biological Resarch,Health Care,/market-activity/stocks/mxct,NASDAQ
MXL,MaxLinear Inc. Common Stock,$59.91,-1.82,-2.948%,2395813,5433429073.00,United States,2010,Semiconductors,Technology,/market-activity/stocks/mxl,NASDAQ
MYFW,First Western Financial Inc. Common Stock,$30.97,0.24,0.781%,55160,302426045.00,United States,2018,Major Banks,Finance,/market-activity/stocks/myfw,NASDAQ
MYGN,Myriad Genetics Inc. Common Stock,$3.22,0.06,1.899%,1543053,307991857.00,United States,1995,Biotechnology: In Vitro & In Vivo Diagnostic Substances,Health Care,/market-activity/stocks/mygn,NASDAQ
MYPS,PLAYSTUDIOS Inc.  Class A Common Stock,$0.5147,0.0151,3.022%,414020,61826475.00,United States,2020,Computer Software: Prepackaged Software,Technology,/market-activity/stocks/myps,NASDAQ
MYRG,MYR Group Inc. Common Stock,$291.42,-3.00,-1.019%,352239,4537190835.00,United States,2008,Water Sewer Pipeline Comm & Power Line Construction,Industrials,/market-activity/stocks/myrg,NASDAQ
MYSE,Myseum.AI Inc. Common Stock,$2.73,0.00,0.00%,67255,14186254.00,United States,2021,Telecommunications Equipment,Telecommunications,/market-activity/stocks/myse,NASDAQ
MYSZ,My Size Inc. Common Stock,$2.52,-0.08,-3.077%,14283,1835775.00,Israel,,Computer Software: Prepackaged Software,Technology,/market-activity/stocks/mysz,NASDAQ
MYX,Maywood Acquisition Corp. 2 Class A Ordinary Share,$9.94,0.00,0.00%,20,0.00,United States,2026,Blank Checks,Finance,/market-activity/stocks/myx,NASDAQ
MYXXR,Maywood Acquisition Corp. 2 Rights,$0.20,0.00,0.00%,1,0.00,United States,2026,Blank Checks,Finance,/market-activity/stocks/myxxr,NASDAQ
MYXXW,Maywood Acquisition Corp. 2 Warrants,$0.0846,0.0047,5.882%,236,0.00,United States,2026,Blank Checks,Finance,/market-activity/stocks/myxxw,NASDAQ
MZTI,The Marzetti Company Common Stock,$112.65,-2.19,-1.907%,393882,3074331150.00,United States,,Packaged Foods,Consumer Staples,/market-activity/stocks/mzti,NASDAQ
NA,Nano Labs Ltd Class A Ordinary Shares,$2.17,-0.05,-2.252%,324004,50374575.00,China,2022,Semiconductors,Technology,/market-activity/stocks/na,NASDAQ
NAAS,NaaS Technology Inc. American Depositary Shares,$3.25,0.10,3.175%,22233,55429927.00,China,2017,Other Specialty Stores,Consumer Discretionary,/market-activity/stocks/naas,NASDAQ
NAGE,Niagen Bioscience Inc. Common Stock,$3.13,-0.16,-4.863%,477260,247664386.00,United States,, Medicinal Chemicals and Botanical Products ,Health Care,/market-activity/stocks/nage,NASDAQ
NAII,Natural Alternatives International Inc. Common Stock,$2.11,-0.05,-2.315%,3818,13240733.00,United States,, Medicinal Chemicals and Botanical Products ,Health Care,/market-activity/stocks/naii,NASDAQ
NAKA,Nakamoto Inc. Common Stock,$7.49,0.05,0.672%,190214,134033123.00,United States,2024,Medical/Nursing Services,Health Care,/market-activity/stocks/naka,NASDAQ
NAMI,Jinxin Technology Holding Company American Depositary Shares,$2.40,-0.05,-2.041%,19605,7590854.00,China,2024,Other Consumer Services,Real Estate,/market-activity/stocks/nami,NASDAQ
NAMM,Namib Minerals Ordinary Shares,$1.38,-0.03,-2.128%,151741,77076320.00,Cayman Islands,,Precious Metals,Basic Materials,/market-activity/stocks/namm,NASDAQ
NAMMW,Namib Minerals Warrants,$0.2342,0.0192,8.93%,748,13080633.00,Cayman Islands,,Precious Metals,Basic Materials,/market-activity/stocks/nammw,NASDAQ
NAMS,NewAmsterdam Pharma Company N.V. Ordinary Shares,$25.34,-0.56,-2.162%,1546155,3029071862.00,Netherlands,,Biotechnology: Pharmaceutical Preparations,Health Care,/market-activity/stocks/nams,NASDAQ
NATH,Nathan's Famous Inc. Common Stock,$97.86,-0.61,-0.619%,23414,400997105.00,United States,1993,Restaurants,Consumer Discretionary,/market-activity/stocks/nath,NASDAQ
NATR,Nature's Sunshine Products Inc. Common Stock,$14.15,-0.06,-0.422%,257076,248976608.00,United States,,Biotechnology: Pharmaceutical Preparations,Health Care,/market-activity/stocks/natr,NASDAQ
NAUT,Nautilus Biotechnology Inc. Common Stock,$0.9724,0.0867,9.789%,782004,123742979.00,United States,2020,Biotechnology: Laboratory Analytical Instruments,Industrials,/market-activity/stocks/naut,NASDAQ
NAVI,Navient Corporation Common Stock,$9.51,0.05,0.529%,1175623,891884204.00,United States,,Investment Bankers/Brokers/Service,Finance,/market-activity/stocks/navi,NASDAQ
NAVN,Navan Inc. Class A Common Stock,$29.06,0.56,1.965%,3497490,7390866474.00,United States,2025,Computer Software: Prepackaged Software,Technology,/market-activity/stocks/navn,NASDAQ
NB,NioCorp Developments Ltd. Common Stock,$4.19,0.06,1.453%,2390306,610009731.00,United States,,Metal Mining,Basic Materials,/market-activity/stocks/nb,NASDAQ
NBBK,NB Bancorp Inc. Common Stock,$22.33,-0.13,-0.579%,217360,978466882.00,United States,2023,Banks,Finance,/market-activity/stocks/nbbk,NASDAQ
NBIS,Nebius Group N.V. Class A Ordinary Shares,$206.32,-2.86,-1.367%,10529617,56089168578.00,Netherlands,2011,Computer Software: Programming Data Processing,Technology,/market-activity/stocks/nbis,NASDAQ
NBIX,Neurocrine Biosciences Inc. Common Stock,$154.03,-0.03,-0.019%,1741065,15657023349.00,United States,1996,Biotechnology: Biological Products (No Diagnostic Substances),Health Care,/market-activity/stocks/nbix,NASDAQ
NBN,Northeast Bank Common Stock,$126.15,-3.08,-2.383%,116864,1025599500.00,United States,,Major Banks,Finance,/market-activity/stocks/nbn,NASDAQ
NBP,NovaBridge Biosciences American Depositary Shares,$1.82,-0.02,-1.087%,273789,209994679.00,China,2020,Biotechnology: Pharmaceutical Preparations,Health Care,/market-activity/stocks/nbp,NASDAQ
NBRG,Newbridge Acquisition Limited Class A Ordinary Share,$10.05,-0.01,-0.099%,4541,0.00,Hong Kong,2026,Blank Checks,Finance,/market-activity/stocks/nbrg,NASDAQ
NBRGR,Newbridge Acquisition Limited Rights,$0.1975,-0.0225,-10.227%,5001,0.00,Hong Kong,2026,,,/market-activity/stocks/nbrgr,NASDAQ
NBRGU,Newbridge Acquisition Limited Unit,$10.22,-0.02,-0.195%,3432,0.00,Hong Kong,2026,Blank Checks,Finance,/market-activity/stocks/nbrgu,NASDAQ
NBTB,NBT Bancorp Inc. Common Stock,$51.42,-0.13,-0.252%,356332,2671786337.00,United States,,Major Banks,Finance,/market-activity/stocks/nbtb,NASDAQ
NBTX,Nanobiotix S.A. American Depositary Shares,$40.64,-0.59,-1.431%,113721,2064833178.00,France,2020,Biotechnology: Pharmaceutical Preparations,Health Care,/market-activity/stocks/nbtx,NASDAQ
NCEL,NewcelX Ltd. Ordinary Shares,$3.275,0.085,2.665%,13872,18916819.00,Switzerland,2021,Biotechnology: Pharmaceutical Preparations,Health Care,/market-activity/stocks/ncel,NASDAQ
NCEW,New Century Logistics (BVI) Limited Ordinary Shares,$18.19,0.00,0.00%,89,58208000.00,Hong Kong,2024,Integrated Freight & Logistics,Industrials,/market-activity/stocks/ncew,NASDAQ
NCI,Neo-Concept International Group Holdings Limited Class A Ordinary Shares,$12.69,0.12,0.955%,141842,30002739.00,Hong Kong,2024,Apparel,Consumer Discretionary,/market-activity/stocks/nci,NASDAQ
NCMI,National CineMedia Inc. Common Stock,$2.52,-0.08,-3.077%,851178,237057516.00,United States,2007,Advertising,Consumer Discretionary,/market-activity/stocks/ncmi,NASDAQ
NCNA,NuCana plc American Depositary Share,$1.47,-0.29,-16.477%,192881,6118097.00,United Kingdom,2017,Biotechnology: Pharmaceutical Preparations,Health Care,/market-activity/stocks/ncna,NASDAQ
NCNO,nCino Inc. Common Stock,$22.60,-0.39,-1.696%,2367139,2389637532.00,United States,2020,Computer Software: Prepackaged Software,Technology,/market-activity/stocks/ncno,NASDAQ
NCO,Southern Cross Acquisition I Corp. Ordinary Shares,$9.91,0.04,0.405%,2780,0.00,United States,2026,,,/market-activity/stocks/nco,NASDAQ
NCOOU,Southern Cross Acquisition I Corp. Units,$10.0001,-0.0199,-0.199%,4460,0.00,United States,2026,Blank Checks,Finance,/market-activity/stocks/ncoou,NASDAQ
NCOOW,Southern Cross Acquisition I Corp. Warrants,$0.04,0.005,14.286%,992,0.00,United States,2026,,,/market-activity/stocks/ncoow,NASDAQ
NCPL,Netcapital Inc. Common Stock,$0.7156,0.024,3.47%,24660289,5615957.00,United States,,Finance: Consumer Services,Finance,/market-activity/stocks/ncpl,NASDAQ
NCPLW,Netcapital Inc. Warrants,$0.03,-0.0057,-15.966%,16125,235437.00,United States,,Finance: Consumer Services,Finance,/market-activity/stocks/ncplw,NASDAQ
NCRA,Nocera Inc. Common Stock,$2.83,0.94,49.735%,63254611,6187781.00,Taiwan,,Farming/Seeds/Milling,Consumer Staples,/market-activity/stocks/ncra,NASDAQ
NCSM,NCS Multistage Holdings Inc. Common Stock,$53.35,1.71,3.311%,30208,140018302.00,United States,2017,Oilfield Services/Equipment,Energy,/market-activity/stocks/ncsm,NASDAQ
NCT,Intercont (Cayman) Limited Class A Ordinary shares,$5.21,0.34,6.982%,919252,133607001.00,China,2025,Restaurants,Consumer Discretionary,/market-activity/stocks/nct,NASDAQ
NCTY,The9 Limited American Depository Shares,$4.43,0.03,0.682%,188575,67660130.00,China,2004,Finance: Consumer Services,Finance,/market-activity/stocks/ncty,NASDAQ
NDAQ,Nasdaq Inc. Common Stock,$98.61,-0.70,-0.705%,3599202,55120758653.00,United States,,Investment Bankers/Brokers/Service,Finance,/market-activity/stocks/ndaq,NASDAQ
NDLS,Noodles & Company Class A Common Stock,$14.36,-0.415,-2.809%,20624,85681238.00,United States,2013,Restaurants,Consumer Discretionary,/market-activity/stocks/ndls,NASDAQ
NDRA,ENDRA Life Sciences Inc. Common Stock,$5.005,0.00,0.00%,1170,7506689.00,United States,2017,Biotechnology: Electromedical & Electrotherapeutic Apparatus,Health Care,/market-activity/stocks/ndra,NASDAQ
NDSN,Nordson Corporation Common Stock,$321.72,-2.87,-0.884%,434980,17919600030.00,United States,,Industrial Machinery/Components,Industrials,/market-activity/stocks/ndsn,NASDAQ
NECB,NorthEast Community Bancorp Inc. Common Stock,$26.35,-0.08,-0.303%,30648,362735655.00,United States,2021,Banks,Finance,/market-activity/stocks/necb,NASDAQ
NEGG,Newegg Commerce Inc. Common Shares,$16.28,-0.42,-2.515%,32108,341447326.00,China,2010,Other Specialty Stores,Consumer Discretionary,/market-activity/stocks/negg,NASDAQ
NEO,NeoGenomics Inc. Common Stock,$17.91,-0.14,-0.776%,1579102,2300995130.00,United States,,Precision Instruments,Health Care,/market-activity/stocks/neo,NASDAQ
NEOG,Neogen Corporation Common Stock,$11.56,-0.10,-0.858%,1666736,2521305418.00,United States,1989,Biotechnology: In Vitro & In Vivo Diagnostic Substances,Health Care,/market-activity/stocks/neog,NASDAQ
NEON,Neonode Inc. Common Stock,$0.8851,-0.0109,-1.217%,119257,14854564.00,Sweden,,Industrial Machinery/Components,Technology,/market-activity/stocks/neon,NASDAQ
NEOV,NeoVolta Inc. Common Stock,$4.24,0.90,26.946%,10119102,249580167.00,United States,,Industrial Machinery/Components,Miscellaneous,/market-activity/stocks/neov,NASDAQ
NEOVW,NeoVolta Inc. Warrant,$1.20,-0.02,-1.639%,18290,70635896.00,United States,,Industrial Machinery/Components,Miscellaneous,/market-activity/stocks/neovw,NASDAQ
NEPH,Nephros Inc. Common Stock,$4.28,-0.27,-5.934%,37672,46481314.00,United States,,Medical/Dental Instruments,Health Care,/market-activity/stocks/neph,NASDAQ
NERV,Minerva Neurosciences Inc Common Stock,$4.56,-0.28,-5.785%,116343,217728869.00,United States,2014,Biotechnology: Pharmaceutical Preparations,Health Care,/market-activity/stocks/nerv,NASDAQ
NESR,National Energy Services Reunited Corp Ordinary Shares,$35.11,0.67,1.945%,1745365,3540905083.00,United States,,Oilfield Services/Equipment,Energy,/market-activity/stocks/nesr,NASDAQ
NEUP,Neuphoria Therapeutics Inc. Common Stock,$3.76,0.00,0.00%,52192,20321112.00,United States,2021,Biotechnology: Pharmaceutical Preparations,Health Care,/market-activity/stocks/neup,NASDAQ
NEWT,NewtekOne Inc. Common Stock,$11.79,-0.12,-1.008%,394358,340550978.00,United States,,Major Banks,Finance,/market-activity/stocks/newt,NASDAQ
NEWTG,NewtekOne Inc. 8.50% Fixed Rate Senior Notes due 2029,$25.335,0.1062,0.421%,4030,666864120.00,United States,,Major Banks,Finance,/market-activity/stocks/newtg,NASDAQ
NEWTH,NewtekOne Inc. 8.625% Fixed Rate Senior Notes due 2029,$25.20,0.02,0.079%,3260,0.00,United States,,Major Banks,Finance,/market-activity/stocks/newth,NASDAQ
NEWTI,NewtekOne Inc. 8.00% Fixed Rate Senior Notes due 2028,$25.1224,-0.0576,-0.229%,1697,661268095.00,United States,,Major Banks,Finance,/market-activity/stocks/newti,NASDAQ
NEWTO,NewtekOne Inc. 8.50% Fixed Rate Senior Notes due 2031,$25.995,0.00,0.00%,39,0.00,United States,,Major Banks,Finance,/market-activity/stocks/newto,NASDAQ
NEWTP,NewtekOne Inc. Depositary Shares Non-Cumulative Perpetual Preferred Stock Series B,$25.001,-0.249,-0.986%,743,722147160.00,United States,,Major Banks,Finance,/market-activity/stocks/newtp,NASDAQ
NEXM,NexMetals Mining Corp. Common Shares,$2.52,0.11,4.564%,117784,89833373.00,Canada,,Metal Mining,Basic Materials,/market-activity/stocks/nexm,NASDAQ
NEXN,Nexxen International Ltd. Ordinary Shares,$9.75,-0.48,-4.692%,387056,543277595.00,Israel,2021,Computer Software: Programming Data Processing,Technology,/market-activity/stocks/nexn,NASDAQ
NEXR,Nexera Technologies Ltd Ordinary Shares,$1.86,-0.07,-3.627%,123669,1036883.00,Israel,2022,Other Specialty Stores,Consumer Discretionary,/market-activity/stocks/nexr,NASDAQ
NEXRW,Nexera Technologies Ltd Warrant,$0.0128,-0.0001,-0.775%,210,7136.00,Israel,2022,Other Specialty Stores,Consumer Discretionary,/market-activity/stocks/nexrw,NASDAQ
NEXT,NextDecade Corporation Common Stock,$7.54,0.19,2.585%,3162873,2007038165.00,United States,2015,Oil & Gas Production,Utilities,/market-activity/stocks/next,NASDAQ
NFE,New Fortress Energy Inc. Class A Common Stock,$0.29,-0.0026,-0.889%,2049120,82834049.00,United States,2019,Oil/Gas Transmission,Utilities,/market-activity/stocks/nfe,NASDAQ
NFLX,Netflix Inc. Common Stock,$81.05,-0.67,-0.82%,30710712,337487310740.00,United States,2002,Consumer Electronics/Video Chains,Consumer Discretionary,/market-activity/stocks/nflx,NASDAQ
NGEN,NervGen Pharma Corp. Common stock,$2.21,-0.07,-3.07%,798277,235171919.00,Canada,,Biotechnology: Pharmaceutical Preparations,Health Care,/market-activity/stocks/ngen,NASDAQ
NGNE,Neurogene Inc. Common Stock ,$36.24,-0.34,-0.929%,120412,725212484.00,Canada,2014,Biotechnology: Pharmaceutical Preparations,Health Care,/market-activity/stocks/ngne,NASDAQ
NHIC,NewHold Investment Corp III Class A Ordinary Shares,$10.59,-0.01,-0.094%,310529,0.00,United States,2025,,,/market-activity/stocks/nhic,NASDAQ
NHICU,NewHold Investment Corp III Units,$11.0001,0.00,0.00%,10,0.00,United States,2025,Blank Checks,Finance,/market-activity/stocks/nhicu,NASDAQ
NHICW,NewHold Investment Corp III Warrants,$1.50,-0.05,-3.226%,1005,0.00,United States,2025,,,/market-activity/stocks/nhicw,NASDAQ
NHIV,NewHold Investment Corp IV Class A Ordinary Shares,$10.12,0.00,0.00%,16,0.00,United States,2026,Blank Checks,Finance,/market-activity/stocks/nhiv,NASDAQ
NHIVW,NewHold Investment Corp IV Warrants,$0.5001,-0.0239,-4.561%,320,0.00,United States,2026,Blank Checks,Finance,/market-activity/stocks/nhivw,NASDAQ
NHP,National Healthcare Properties Inc. Class A Common Stock,$16.06,0.00,0.00%,278094,1170852309.00,United States,,Real Estate Investment Trusts,Real Estate,/market-activity/stocks/nhp,NASDAQ
NHPAP,National Healthcare Properties Inc. 7.375% Series A Cumulative Redeemable Perpetual Preferred Stock,$25.22,-0.015,-0.059%,31273,1838660973.00,United States,,Real Estate Investment Trusts,Real Estate,/market-activity/stocks/nhpap,NASDAQ
NHPBP,National Healthcare Properties Inc. 7.125% Series B Cumulative Redeemable Perpetual Preferred Stock,$25.45,0.16,0.633%,1674,1855429094.00,United States,,Real Estate Investment Trusts,Real Estate,/market-activity/stocks/nhpbp,NASDAQ
NHTC,Natural Health Trends Corp. Common Stock,$1.63,0.03,1.875%,38377,13981892.00,United States,,Consumer Specialties,Consumer Discretionary,/market-activity/stocks/nhtc,NASDAQ
NICE,NICE Ltd American Depositary Shares,$109.18,0.345,0.317%,487695,6485682864.00,Israel,,Computer Software: Prepackaged Software,Technology,/market-activity/stocks/nice,NASDAQ
NICM,Nicola Mining Inc. American Depositary Shares,$6.52,-0.36,-5.233%,511,124708966.00,Canada,,Metal Mining,Basic Materials,/market-activity/stocks/nicm,NASDAQ
NIKI,Niki BioSolutions Inc. Common Stock,$6.86,-0.04,-0.58%,94326,20396728.00,Hong Kong,2018,Industrial Machinery/Components,Industrials,/market-activity/stocks/niki,NASDAQ
NIOBW,NioCorp Developments Ltd. Warrant,$1.175,-0.025,-2.083%,13104,171064781.00,United States,,Metal Mining,Basic Materials,/market-activity/stocks/niobw,NASDAQ
NIPG,NIP Group Inc. American Depositary Shares,$14.35,0.79,5.826%,68888,122284759.00,Sweden,2024,Services-Misc. Amusement & Recreation,Consumer Discretionary,/market-activity/stocks/nipg,NASDAQ
NIU,Niu Technologies American Depositary Shares,$2.02,0.03,1.508%,91532,158440898.00,China,2018,Auto Manufacturing,Industrials,/market-activity/stocks/niu,NASDAQ
NIVF,NewGenIvf Group Limited Class A Ordinary Shares,$0.4497,0.028,6.64%,423531,2880686.00,Singapore,,Misc Health and Biotechnology Services,Health Care,/market-activity/stocks/nivf,NASDAQ
NIVFW,NewGenIvf Group Limited Warrants,$0.0175,0.00,0.00%,2,112101.00,Singapore,,Misc Health and Biotechnology Services,Health Care,/market-activity/stocks/nivfw,NASDAQ
NIXX,Nixxy Inc. Common Stock,$0.6294,-0.0057,-0.897%,297309,18195223.00,United States,,EDP Services,Technology,/market-activity/stocks/nixx,NASDAQ
NKLR,Terra Innovatum Global N.V. Ordinary shares,$5.39,-0.25,-4.433%,360198,595599894.00,Italy,,Metal Fabrications,Industrials,/market-activity/stocks/nklr,NASDAQ
NKSH,National Bankshares Inc. Common Stock,$41.20,0.26,0.635%,32977,262469544.00,United States,,Major Banks,Finance,/market-activity/stocks/nksh,NASDAQ
NKTR,Nektar Therapeutics  Common Stock,$71.38,-1.14,-1.572%,381490,2437126912.00,United States,,Biotechnology: Pharmaceutical Preparations,Health Care,/market-activity/stocks/nktr,NASDAQ
NKTX,Nkarta Inc. Common Stock,$2.71,-0.05,-1.812%,481579,194103184.00,United States,2020,Biotechnology: Pharmaceutical Preparations,Health Care,/market-activity/stocks/nktx,NASDAQ
NMAD,Nomad Power Solutions Inc. Common Stock,$4.14,-0.17,-3.944%,137995,66658422.00,United States,,Biotechnology: Pharmaceutical Preparations,Health Care,/market-activity/stocks/nmad,NASDAQ
NMFC,New Mountain Finance Corporation Common Stock,$7.63,0.09,1.194%,433539,720671736.00,United States,,Finance/Investors Services,Finance,/market-activity/stocks/nmfc,NASDAQ
NMFCZ,New Mountain Finance Corporation 8.250% Notes due 2028,$25.29,0.041,0.162%,4678,2689868704.00,United States,,,,/market-activity/stocks/nmfcz,NASDAQ
NMIH,NMI Holdings Inc. Common Stock,$44.35,-0.46,-1.027%,432911,3335911692.00,United States,2013,Property-Casualty Insurers,Finance,/market-activity/stocks/nmih,NASDAQ
NMP,NMP Acquisition Corp. Class A Ordinary Shares,$10.34,0.00,0.00%,15,0.00,United States,2025,Blank Checks,Finance,/market-activity/stocks/nmp,NASDAQ
NMRA,Neumora Therapeutics Inc. Common Stock,$1.33,-0.06,-4.317%,632374,249901563.00,United States,2023,Biotechnology: Biological Products (No Diagnostic Substances),Health Care,/market-activity/stocks/nmra,NASDAQ
NMRK,Newmark Group Inc. Class A Common Stock,$15.23,-0.60,-3.79%,1848628,2760111989.00,United States,2017,Real Estate,Finance,/market-activity/stocks/nmrk,NASDAQ
NMTC,NeuroOne Medical Technologies Corporation Common Stock,$1.70,-0.07,-3.955%,259229,15479797.00,United States,,Medical/Dental Instruments,Health Care,/market-activity/stocks/nmtc,NASDAQ
NN,NextNav Inc. Common Stock,$15.87,0.51,3.32%,3255130,2679013272.00,United States,,Industrial Machinery/Components,Industrials,/market-activity/stocks/nn,NASDAQ
NNBR,NN Inc. Common Stock,$3.43,0.04,1.18%,1295864,283252364.00,United States,1994,Industrial Machinery/Components,Industrials,/market-activity/stocks/nnbr,NASDAQ
NNDM,Nano Dimension Ltd. American Depositary Shares,$1.57,-0.01,-0.633%,1471970,331017247.00,Israel,,Electrical Products,Technology,/market-activity/stocks/nndm,NASDAQ
NNE,Nano Nuclear Energy Inc. Common Stock,$18.29,0.32,1.781%,1188756,982139090.00,United States,2024,Electric Utilities: Central,Utilities,/market-activity/stocks/nne,NASDAQ
NNNN,Anbio Biotechnology Class A Ordinary Shares,$7.30,-0.37,-4.824%,279203,1050405760.00,Germany,2025,Biotechnology: In Vitro & In Vivo Diagnostic Substances,Health Care,/market-activity/stocks/nnnn,NASDAQ
NNOX,NANO-X IMAGING LTD Ordinary Shares,$0.8074,-0.0222,-2.676%,1429887,63452466.00,Israel,2020,Medical Electronics,Health Care,/market-activity/stocks/nnox,NASDAQ
NODK,NI Holdings Inc. Common Stock,$15.00,-0.21,-1.381%,30022,306070845.00,United States,2017,Property-Casualty Insurers,Finance,/market-activity/stocks/nodk,NASDAQ
NOEM,CO2 Energy Transition Corp. Common Stock,$10.63,-0.03,-0.281%,1328,0.00,United States,2025,,,/market-activity/stocks/noem,NASDAQ
NOEMR,CO2 Energy Transition Corp. Right,$0.19,-0.004,-2.062%,1258,0.00,United States,2025,,,/market-activity/stocks/noemr,NASDAQ
NOEMW,CO2 Energy Transition Corp. Warrant,$0.1424,0.00,0.00%,10,0.00,United States,2025,,,/market-activity/stocks/noemw,NASDAQ
NOMA,NOMADAR Corp. Class A Common Stock,$2.10,-0.03,-1.408%,9229,32095411.00,United States,,Services-Misc. Amusement & Recreation,Consumer Discretionary,/market-activity/stocks/noma,NASDAQ
NOVT,Novanta Inc. Common Stock,$146.22,4.02,2.827%,385739,5529714329.00,United States,,Industrial Machinery/Components,Miscellaneous,/market-activity/stocks/novt,NASDAQ
NOVTU,Novanta Inc. Tangible Equity Units,$62.25,0.61,0.99%,11628,2354156183.00,United States,,Industrial Machinery/Components,Miscellaneous,/market-activity/stocks/novtu,NASDAQ
NPAC,New Providence Acquisition Corp. III Class A Ordinary Shares,$10.45,0.0099,0.095%,30940,0.00,United States,2025,Blank Checks,Finance,/market-activity/stocks/npac,NASDAQ
NPACU,New Providence Acquisition Corp. III Units,$10.59,0.00,0.00%,102,0.00,United States,2025,Blank Checks,Finance,/market-activity/stocks/npacu,NASDAQ
NPACW,New Providence Acquisition Corp. III Warrants,$0.28,0.00,0.00%,91,0.00,United States,2025,Blank Checks,Finance,/market-activity/stocks/npacw,NASDAQ
NPCE,Neuropace Inc. Common Stock,$14.65,0.24,1.666%,148276,502850614.00,United States,2021,Medical/Dental Instruments,Health Care,/market-activity/stocks/npce,NASDAQ
NPT,Texxon Holding Limited Ordinary shares,$3.48,-0.05,-1.416%,45052,77203800.00,China,2025,Specialty Chemicals,Consumer Discretionary,/market-activity/stocks/npt,NASDAQ
NRC,NRC Health Common Stock,$20.94,-0.91,-4.165%,96958,463183712.00,United States,,Biotechnology: Commercial Physical & Biological Resarch,Health Care,/market-activity/stocks/nrc,NASDAQ
NRDS,NerdWallet Inc. Class A Common Stock,$9.88,-0.02,-0.202%,442873,631560959.00,United States,2021,EDP Services,Technology,/market-activity/stocks/nrds,NASDAQ
NRIM,Northrim BanCorp Inc Common Stock,$25.57,-0.08,-0.312%,128170,568798667.00,United States,,Savings Institutions,Finance,/market-activity/stocks/nrim,NASDAQ
NRIX,Nurix Therapeutics Inc. Common stock,$25.78,-0.43,-1.641%,1244220,2675491788.00,United States,2020,Biotechnology: Pharmaceutical Preparations,Health Care,/market-activity/stocks/nrix,NASDAQ
NRSN,NeuroSense Therapeutics Ltd. Ordinary Shares,$0.4267,0.0063,1.499%,167266,16114794.00,Israel,2021,Biotechnology: Pharmaceutical Preparations,Health Care,/market-activity/stocks/nrsn,NASDAQ
NRSNW,NeuroSense Therapeutics Ltd. Warrant,$0.07,0.00,0.00%,7,2643627.00,Israel,2021,Biotechnology: Pharmaceutical Preparations,Health Care,/market-activity/stocks/nrsnw,NASDAQ
NRXP,NRX Pharmaceuticals Inc. Common Stock,$3.48,-0.07,-1.972%,425894,150669269.00,United States,2017,Biotechnology: Pharmaceutical Preparations,Health Care,/market-activity/stocks/nrxp,NASDAQ
NSAIU,NorthStrive Acquisition Corp I. Units,$10.00,0.00,0.00%,146786,0.00,United States,2026,,,/market-activity/stocks/nsaiu,NASDAQ
NSIT,Insight Enterprises Inc. Common Stock,$157.02,1.37,0.88%,290416,4608356427.00,United States,1995,Catalog/Specialty Distribution,Consumer Discretionary,/market-activity/stocks/nsit,NASDAQ
NSLR,Neostellar Capital Corp. Common Stock,$10.13,-0.07,-0.686%,159255,268173739.00,United States,2011,Finance: Consumer Services,Finance,/market-activity/stocks/nslr,NASDAQ
NSLRL,Neostellar Capital Corp. 6.00% Notes due 2026,$25.29,0.00,0.00%,37,669507784.00,United States,,Finance: Consumer Services,Finance,/market-activity/stocks/nslrl,NASDAQ
NSPR,InspireMD Inc. Common Stock,$0.8908,0.0408,4.80%,72612,41412506.00,Israel,,Medical/Dental Instruments,Health Care,/market-activity/stocks/nspr,NASDAQ
NSSC,NAPCO Security Technologies Inc. Common Stock,$36.24,0.89,2.518%,539070,1296248157.00,United States,,Telecommunications Equipment,Telecommunications,/market-activity/stocks/nssc,NASDAQ
NSTS,NSTS Bancorp Inc. Common Stock,$13.99,0.00,0.00%,4318,73491303.00,United States,2022,Savings Institutions,Finance,/market-activity/stocks/nsts,NASDAQ
NSYS,Nortech Systems Incorporated Common Stock,$11.59,-0.25,-2.111%,10421,33075148.00,United States,,Industrial Machinery/Components,Technology,/market-activity/stocks/nsys,NASDAQ
NTAP,NetApp Inc. Common Stock,$185.29,-1.73,-0.925%,3066215,36360246962.00,United States,1995,Electronic Components,Technology,/market-activity/stocks/ntap,NASDAQ
NTCL,NETCLASS TECHNOLOGY INC Class A Ordinary Shares,$2.27,-0.13,-5.417%,24091,4832508.00,China,2024,Computer Software: Prepackaged Software,Technology,/market-activity/stocks/ntcl,NASDAQ
NTCT,NetScout Systems Inc. Common Stock,$38.83,-0.23,-0.589%,864336,2823224925.00,United States,1999,EDP Services,Technology,/market-activity/stocks/ntct,NASDAQ
NTES,NetEase Inc. American Depositary Shares,$121.78,-0.98,-0.798%,394554,77711240627.00,China,,Computer Software: Prepackaged Software,Technology,/market-activity/stocks/ntes,NASDAQ
NTGR,NETGEAR Inc. Common Stock,$21.16,0.07,0.332%,488927,575108084.00,United States,2003,Telecommunications Equipment,Utilities,/market-activity/stocks/ntgr,NASDAQ
NTHI,NeOnc Technologies Holdings Inc. Common Stock,$4.94,0.25,5.33%,174651,128125643.00,United States,,Biotechnology: Pharmaceutical Preparations,Health Care,/market-activity/stocks/nthi,NASDAQ
NTIC,Northern Technologies International Corporation Common Stock,$8.01,-0.12,-1.476%,963,76066476.00,United States,,Industrial Specialties,Industrials,/market-activity/stocks/ntic,NASDAQ
NTLA,Intellia Therapeutics Inc. Common Stock,$12.73,-0.14,-1.088%,2923089,1783812802.00,United States,2016,Biotechnology: In Vitro & In Vivo Diagnostic Substances,Health Care,/market-activity/stocks/ntla,NASDAQ
NTNX,Nutanix Inc. Class A Common Stock,$68.57,-0.59,-0.853%,2707982,18535877302.00,United States,2016,Computer Software: Prepackaged Software,Technology,/market-activity/stocks/ntnx,NASDAQ
NTRA,Natera Inc. Common Stock,$321.96,-4.30,-1.318%,1325994,46408656973.00,United States,2015,Medical Specialities,Health Care,/market-activity/stocks/ntra,NASDAQ
NTRB,Nutriband Inc. Common Stock,$4.367,-0.093,-2.085%,25829,53085178.00,United States,,Industrial Specialties,Health Care,/market-activity/stocks/ntrb,NASDAQ
NTRBW,Nutriband Inc. Warrant,$0.45,0.00,0.00%,1382,5470192.00,United States,,Industrial Specialties,Health Care,/market-activity/stocks/ntrbw,NASDAQ
NTRP,NextTrip Inc. Common Stock,$1.43,-0.14,-8.917%,79433,21573124.00,United States,,Transportation Services,Consumer Discretionary,/market-activity/stocks/ntrp,NASDAQ
NTRS,Northern Trust Corporation Common Stock,$185.56,-1.23,-0.658%,777191,33949250971.00,United States,,Major Banks,Finance,/market-activity/stocks/ntrs,NASDAQ
NTRSO,Northern Trust Corporation Depositary Shares Each Representing a 1/1000th Interest in a Share of Series E Non-Cumulative Perpetual Preferred Stock,$18.94,0.32,1.719%,44707,3465180068.00,United States,,Major Banks,Finance,/market-activity/stocks/ntrso,NASDAQ
NTSK,Netskope Inc. Class A Common Stock,$15.31,0.22,1.458%,5267007,6184071066.00,United States,2025,Computer Software: Prepackaged Software,Technology,/market-activity/stocks/ntsk,NASDAQ
NTWK,NetSol Technologies Inc. Common  Stock,$4.05,-0.08,-1.937%,10119,48099477.00,United States,,Computer Software: Prepackaged Software,Technology,/market-activity/stocks/ntwk,NASDAQ
NTWO,Newbury Street II Acquisition Corp Class A Ordinary Shares,$10.93,-0.14,-1.265%,133689,0.00,United States,2024,,,/market-activity/stocks/ntwo,NASDAQ
NTWOU,Newbury Street II Acquisition Corp Unit,$11.88,0.00,0.00%,8,0.00,United States,2024,,,/market-activity/stocks/ntwou,NASDAQ
NTWOW,Newbury Street II Acquisition Corp Warrant,$1.25,-0.05,-3.846%,31202,0.00,United States,2024,,,/market-activity/stocks/ntwow,NASDAQ
NUAI,New Era Energy & Digital Inc. Common Stock,$4.745,0.085,1.824%,4129734,505624064.00,United States,,Oil & Gas Production,Energy,/market-activity/stocks/nuai,NASDAQ
NUAIW,New Era Energy & Digital Inc. Warrants,$2.41,0.19,8.559%,11073,256808007.00,United States,,Oil & Gas Production,Energy,/market-activity/stocks/nuaiw,NASDAQ
NUCL,Eagle Nuclear Energy Corp. Common stock,$6.99,0.23,3.402%,233954,206762788.00,United States,,Other Metals and Minerals,Basic Materials,/market-activity/stocks/nucl,NASDAQ
NUCLW,Eagle Nuclear Energy Corp. Warrants,$0.80,-0.0299,-3.603%,65489,23663838.00,United States,,Other Metals and Minerals,Basic Materials,/market-activity/stocks/nuclw,NASDAQ
NUR,Nuran Wireless Inc. Common Shares,$2.00,0.09,4.712%,26801,26389400.00,Canada,,,,/market-activity/stocks/nur,NASDAQ
NUTX,Nutex Health Inc. Common Stock,$188.76,-0.49,-0.259%,154696,1292623383.00,United States,,Business Services,Consumer Discretionary,/market-activity/stocks/nutx,NASDAQ
NUWE,Nuwellis Inc. Common Stock,$0.7925,-0.0964,-10.845%,708723,2890457.00,United States,,Biotechnology: Electromedical & Electrotherapeutic Apparatus,Health Care,/market-activity/stocks/nuwe,NASDAQ
NVAX,Novavax Inc. Common Stock,$9.37,0.11,1.188%,7266462,1545541453.00,United States,,Biotechnology: Biological Products (No Diagnostic Substances),Health Care,/market-activity/stocks/nvax,NASDAQ
NVCR,NovoCure Limited Ordinary Shares,$17.65,-0.17,-0.954%,914822,2055269076.00,Jersey,2015,Medical/Dental Instruments,Health Care,/market-activity/stocks/nvcr,NASDAQ
NVCT,Nuvectis Pharma Inc. Common Stock,$22.73,-1.00,-4.214%,192568,741317720.00,United States,2022,Biotechnology: Pharmaceutical Preparations,Health Care,/market-activity/stocks/nvct,NASDAQ
NVDA,NVIDIA Corporation Common Stock,$220.78,3.23,1.485%,124323248,5320798000000.00,United States,1999,Semiconductors,Technology,/market-activity/stocks/nvda,NASDAQ
NVEC,NVE Corporation Common Stock,$100.12,-0.77,-0.763%,137146,484297060.00,United States,,Semiconductors,Technology,/market-activity/stocks/nvec,NASDAQ
NVMI,Nova Ltd. Ordinary Shares,$348.45,-0.61,-0.175%,310859,11074776593.00,Israel,2000,Electronic Components,Technology,/market-activity/stocks/nvmi,NASDAQ
NVNI,Nvni Group Limited Ordinary Shares,$0.8394,-0.1568,-15.74%,98372,9814376.00,Cayman Islands,,Computer Software: Prepackaged Software,Technology,/market-activity/stocks/nvni,NASDAQ
NVNO,enVVeno Medical Corporation Common Stock,$11.47,0.72,6.698%,24948,7969654.00,United States,2018,Medical/Dental Instruments,Health Care,/market-activity/stocks/nvno,NASDAQ
NVTS,Navitas Semiconductor Corporation Common Stock,$11.59,0.10,0.87%,9943609,3026073526.00,United States,,Semiconductors,Technology,/market-activity/stocks/nvts,NASDAQ
NVX,NOVONIX Limited American Depository Shares,$3.08,-0.43,-12.251%,66708,66290313.00,Australia,,Industrial Machinery/Components,Miscellaneous,/market-activity/stocks/nvx,NASDAQ
NWBI,Northwest Bancshares Inc. Common Stock,$15.29,-0.05,-0.326%,1037286,2239359975.00,United States,2009,Major Banks,Finance,/market-activity/stocks/nwbi,NASDAQ
NWE,NorthWestern Energy Group Inc. Common Stock,$69.16,-1.16,-1.65%,351977,4254574506.00,United States,,Power Generation,Utilities,/market-activity/stocks/nwe,NASDAQ
NWFL,Norwood Financial Corp. Common Stock,$34.16,0.01,0.029%,20990,372414848.00,United States,,Major Banks,Finance,/market-activity/stocks/nwfl,NASDAQ
NWGL,CL Workshop Group Limited American Depositary Shares,$0.8501,-0.0165,-1.904%,76229,24528076.00,China,2023,Forest Products,Basic Materials,/market-activity/stocks/nwgl,NASDAQ
NWL,Newell Brands Inc. Common Stock,$6.25,0.15,2.459%,11852796,2661875000.00,United States,,Plastic Products,Industrials,/market-activity/stocks/nwl,NASDAQ
NWPX,NWPX Infrastructure Inc. Common Stock,$109.92,-2.11,-1.883%,346996,1059321244.00,United States,1995,Steel/Iron Ore,Industrials,/market-activity/stocks/nwpx,NASDAQ
NWS,News Corporation Class B Common Stock,$34.41,-0.44,-1.263%,1207112,18617621274.00,United States,,Newspapers/Magazines,Consumer Discretionary,/market-activity/stocks/nws,NASDAQ
NWSA,News Corporation Class A Common Stock,$30.71,-0.26,-0.84%,5091841,16615726513.00,United States,,Newspapers/Magazines,Consumer Discretionary,/market-activity/stocks/nwsa,NASDAQ
NWTG,Newton Golf Company Inc. Common Stock,$1.18,-0.02,-1.667%,10989,6398286.00,United States,2023,Recreational Games/Products/Toys,Consumer Discretionary,/market-activity/stocks/nwtg,NASDAQ
NXGL,NexGel Inc Common Stock,$0.3588,0.0068,1.932%,188465,3497461.00,United States,2021,Medical/Dental Instruments,Health Care,/market-activity/stocks/nxgl,NASDAQ
NXGLW,NexGel Inc Warrant,$0.018,0.00,0.00%,10,175458.00,United States,2021,Medical/Dental Instruments,Health Care,/market-activity/stocks/nxglw,NASDAQ
NXH,Neighborhood Intelligence Inc. Common Stock,$3.93,0.00,0.00%,2338830,0.00,United States,2026,,,/market-activity/stocks/nxh,NASDAQ
NXL,Nexalin Technology Inc. Common Stock,$7.23,-0.2701,-3.601%,31530,179896759.00,United States,2022,Biotechnology: Electromedical & Electrotherapeutic Apparatus,Health Care,/market-activity/stocks/nxl,NASDAQ
NXPI,NXP Semiconductors N.V. Common Stock,$224.64,1.06,0.474%,2990565,56646160047.00,Netherlands,2010,Semiconductors,Technology,/market-activity/stocks/nxpi,NASDAQ
NXPL,NextPlat Corp Common Stock,$9.68,0.42,4.536%,16728,26263989.00,United States,,Telecommunications Equipment,Telecommunications,/market-activity/stocks/nxpl,NASDAQ
NXST,Nexstar Media Group Inc. Common Stock,$182.13,-1.19,-0.649%,331949,5611115861.00,United States,2003,Broadcasting,Industrials,/market-activity/stocks/nxst,NASDAQ
NXT,Nextpower Inc. Common Stock,$82.03,-3.41,-3.991%,2704285,12446372526.00,United States,2023,Semiconductors,Technology,/market-activity/stocks/nxt,NASDAQ
NXTC,NextCure Inc. Common Stock,$6.39,0.30,4.926%,54707,29249324.00,United States,2019,Biotechnology: Pharmaceutical Preparations,Health Care,/market-activity/stocks/nxtc,NASDAQ
NXTS,Nexentis Technologies Inc. Common Stock,$1.80,-0.04,-2.174%,35877,2615999.00,Israel,,Agricultural Chemicals,Industrials,/market-activity/stocks/nxts,NASDAQ
NXTT,Next Technology Holding Inc. Ordinary Shares,$5.80,-0.22,-3.654%,50385,8543180.00,China,,EDP Services,Technology,/market-activity/stocks/nxtt,NASDAQ
NXXT,NextNRG Inc. Common Stock,$0.23,-0.0008,-0.347%,1725573,38670693.00,United States,2021,Retail-Auto Dealers and Gas Stations,Consumer Discretionary,/market-activity/stocks/nxxt,NASDAQ
NYAX,Nayax Ltd. Ordinary Shares,$52.06,1.01,1.978%,31128,1944919692.00,Israel,,Computer Software: Prepackaged Software,Technology,/market-activity/stocks/nyax,NASDAQ
NYXH,Nyxoah SA Ordinary Shares,$1.56,-0.04,-2.50%,105894,156113591.00,Belgium,2021,Medical/Dental Instruments,Health Care,/market-activity/stocks/nyxh,NASDAQ
OABI,OmniAb Inc. Common Stock,$4.38,-0.09,-2.013%,1179241,636809943.00,United States,2021,Biotechnology: Commercial Physical & Biological Resarch,Health Care,/market-activity/stocks/oabi,NASDAQ
OABIW,OmniAb Inc. Warrant,$0.26,0.01,4.00%,3172,37801503.00,United States,2021,Biotechnology: Commercial Physical & Biological Resarch,Health Care,/market-activity/stocks/oabiw,NASDAQ
OACC,Oaktree Acquisition Corp. III Life Sciences Class A Ordinary Share,$10.7601,0.0201,0.187%,55448,0.00,United States,2024,Blank Checks,Finance,/market-activity/stocks/oacc,NASDAQ
OACCU,Oaktree Acquisition Corp. III Life Sciences Unit,$10.9988,0.00,0.00%,4,0.00,United States,2024,Blank Checks,Finance,/market-activity/stocks/oaccu,NASDAQ
OACCW,Oaktree Acquisition Corp. III Life Sciences Warrant,$0.95,0.00,0.00%,307,0.00,United States,2024,Blank Checks,Finance,/market-activity/stocks/oaccw,NASDAQ
OBA,Oxley Bridge Acquisition Limited Class A Ordinary Shares,$10.31,0.00,0.00%,71,0.00,Hong Kong,2025,Blank Checks,Finance,/market-activity/stocks/oba,NASDAQ
OBAI,Our Bond Inc. Common Stock,$0.3444,-0.0148,-4.12%,1017888,10323571.00,United States,,Telecommunications Equipment,Consumer Discretionary,/market-activity/stocks/obai,NASDAQ
OBAWU,Oxley Bridge Acquisition Limited Unit,$10.37,0.00,0.00%,8,0.00,Hong Kong,2025,,,/market-activity/stocks/obawu,NASDAQ
OBIO,Orchestra BioMed Holdings Inc. Ordinary Shares,$5.04,-0.145,-2.797%,276557,302929447.00,United States,2020, Medicinal Chemicals and Botanical Products ,Health Care,/market-activity/stocks/obio,NASDAQ
OBT,Orange County Bancorp Inc. Common Stock,$37.95,-0.15,-0.394%,49175,508832196.00,United States,,Major Banks,Finance,/market-activity/stocks/obt,NASDAQ
OBX,Obsidian Therapeutics Inc. Common Stock,$17.51,1.21,7.423%,142527,1081643059.00,United States,,Biotechnology: Pharmaceutical Preparations,Health Care,/market-activity/stocks/obx,NASDAQ
OCC,Optical Cable Corporation Common Stock,$13.42,-0.13,-0.959%,70311,118459575.00,United States,,Telecommunications Equipment,Industrials,/market-activity/stocks/occ,NASDAQ
OCCI,OFS Credit Company Inc. Common Stock,$2.57,-0.14,-5.166%,720675,29854431.00,United States,2018,Trusts Except Educational Religious and Charitable,Finance,/market-activity/stocks/occi,NASDAQ
OCCIM,OFS Credit Company Inc. 7.875% Series F Term Preferred Stock,$25.175,-0.025,-0.099%,18617,0.00,United States,,,,/market-activity/stocks/occim,NASDAQ
OCCIN,OFS Credit Company Inc. 5.25% Series E Term Preferred Stock Due 2026,$24.955,-0.035,-0.14%,10190,289890007.00,United States,,Trusts Except Educational Religious and Charitable,Finance,/market-activity/stocks/occin,NASDAQ
OCFC,OceanFirst Financial Corp. Common Stock,$18.84,-0.04,-0.212%,1118745,1820795926.00,United States,,Major Banks,Finance,/market-activity/stocks/ocfc,NASDAQ
OCG,Oriental Culture Holding LTD Ordinary Shares,$1.54,-0.07,-4.348%,72534,2985000.00,China,2020,Other Consumer Services,Consumer Discretionary,/market-activity/stocks/ocg,NASDAQ
OCGN,Ocugen Inc. Common Stock,$1.33,0.01,0.758%,4658360,451016833.00,United States,2014,Biotechnology: Biological Products (No Diagnostic Substances),Health Care,/market-activity/stocks/ocgn,NASDAQ
OCLTU,OceanLight Acquisition Corporation Units,$10.01,0.00,0.00%,58519,0.00,United States,2026,Blank Checks,Finance,/market-activity/stocks/ocltu,NASDAQ
OCS,Oculis Holding AG Ordinary shares,$12.25,0.04,0.328%,114065,710309366.00,Switzerland,,Biotechnology: Pharmaceutical Preparations,Health Care,/market-activity/stocks/ocs,NASDAQ
OCSL,Oaktree Specialty Lending Corporation Common Stock,$13.26,0.24,1.843%,485836,1168014035.00,United States,,Finance: Consumer Services,Finance,/market-activity/stocks/ocsl,NASDAQ
OCTV,Octave Intelligence plc Class B Ordinary Shares,$20.00,0.15,0.756%,2110416,5368755760.00,United States,,Computer Software: Prepackaged Software,Technology,/market-activity/stocks/octv,NASDAQ
OCUL,Ocular Therapeutix Inc. Common Stock,$10.49,0.13,1.255%,1520517,2303770455.00,United States,2014,Biotechnology: Pharmaceutical Preparations,Health Care,/market-activity/stocks/ocul,NASDAQ
ODD,ODDITY Tech Ltd. Class A Ordinary Shares,$14.40,0.05,0.348%,1074461,815856264.00,Israel,2023,Package Goods/Cosmetics,Consumer Discretionary,/market-activity/stocks/odd,NASDAQ
ODFL,Old Dominion Freight Line Inc. Common Stock,$199.96,1.33,0.67%,1655680,41463030135.00,United States,1991,Trucking Freight/Courier Services,Industrials,/market-activity/stocks/odfl,NASDAQ
ODTX,Odyssey Therapeutics Inc. Common Stock,$24.52,0.16,0.657%,170375,1178395082.00,United States,2026,Biotechnology: Biological Products (No Diagnostic Substances),Health Care,/market-activity/stocks/odtx,NASDAQ
ODYS,Odysight.ai Inc. Common Stock,$3.67,-0.11,-2.91%,18456,74296966.00,Israel,,EDP Services,Technology,/market-activity/stocks/odys,NASDAQ
OESX,Orion Energy Systems Inc. Common Stock,$22.985,-3.515,-13.264%,149070,93992239.00,United States,2015,Building Products,Consumer Discretionary,/market-activity/stocks/oesx,NASDAQ
OFAL,OFA Group Class A Ordinary Shares,$0.7462,-0.0611,-7.568%,241654,17754841.00,Hong Kong,2025,Military/Government/Technical,Consumer Discretionary,/market-activity/stocks/ofal,NASDAQ
OFIX,Orthofix Medical Inc. Common Stock (DE),$9.39,-0.31,-3.196%,334680,382479189.00,Curacao,1992,Medical/Dental Instruments,Health Care,/market-activity/stocks/ofix,NASDAQ
OFLX,Omega Flex Inc. Common Stock,$26.64,-0.36,-1.333%,31158,268912738.00,United States,,Industrial Specialties,Industrials,/market-activity/stocks/oflx,NASDAQ
OFS,OFS Capital Corporation Common Stock,$3.58,-0.14,-3.763%,126819,47965119.00,United States,,Finance/Investors Services,Finance,/market-activity/stocks/ofs,NASDAQ
OFSSH,OFS Capital Corporation 4.95% Notes due 2028,$23.76,0.16,0.678%,108,318338333.00,United States,,Finance Companies,Finance,/market-activity/stocks/ofssh,NASDAQ
OFSSO,OFS Capital Corporation 7.50% Notes due 2028,$25.20,0.00,0.00%,108,0.00,United States,,,,/market-activity/stocks/ofsso,NASDAQ
OGGWZ,Osisko Gold Group Inc. Warrant expiring 5/27/2027,$0.0499,0.0049,10.889%,3469,15261308.00,Canada,,Precious Metals,Basic Materials,/market-activity/stocks/oggwz,NASDAQ
OGI,Organigram Global Inc. Common Shares,$1.21,-0.005,-0.412%,271769,170617861.00,Canada,,Biotechnology: Pharmaceutical Preparations,Health Care,/market-activity/stocks/ogi,NASDAQ
OHAC,Oceanhawk Acquisition Corp. Class A Ordinary Shares,$9.96,0.00,0.00%,299808,0.00,United States,2026,,,/market-activity/stocks/ohac,NASDAQ
OHACR,Oceanhawk Acquisition Corp. Rights,$0.23,0.02,9.524%,2355,0.00,United States,2026,,,/market-activity/stocks/ohacr,NASDAQ
OHACU,Oceanhawk Acquisition Corp. Units,$10.14,0.00,0.00%,25,0.00,United States,2026,,,/market-activity/stocks/ohacu,NASDAQ
OIM,OneIM Acquisition Corp. Class A Ordinary Shares,$10.12,0.00,0.00%,17,0.00,United States,2026,,,/market-activity/stocks/oim,NASDAQ
OIO,OIO Group Ordinary Shares,$1.85,-0.167,-8.28%,106162,643840900.00,Singapore,,Environmental Services,Utilities,/market-activity/stocks/oio,NASDAQ
OIOWW,OIO Group Warrants,$0.033,0.00,0.00%,9,11484730.00,Singapore,,Environmental Services,Utilities,/market-activity/stocks/oioww,NASDAQ
OKTA,Okta Inc. Class A Common Stock,$173.04,6.81,4.097%,4724228,30251013381.00,United States,2017,Computer Software: Prepackaged Software,Technology,/market-activity/stocks/okta,NASDAQ
OKUR,OnKure Therapeutics Inc. Class A Common Stock,$3.63,-0.16,-4.222%,100480,147001602.00,United States,2021,Biotechnology: Pharmaceutical Preparations,Health Care,/market-activity/stocks/okur,NASDAQ
OKYO,OKYO Pharma Limited Ordinary Shares,$1.52,-0.15,-8.982%,63905,79768881.00,Guernsey,2022,Biotechnology: Biological Products (No Diagnostic Substances),Health Care,/market-activity/stocks/okyo,NASDAQ
OLB,The OLB Group Inc. Common Stock,$0.296,-0.0106,-3.457%,80291,7110013.00,United States,,Business Services,Consumer Discretionary,/market-activity/stocks/olb,NASDAQ
OLED,Universal Display Corporation Common Stock,$83.17,0.19,0.229%,901159,3823061667.00,United States,,Electrical Products,Technology,/market-activity/stocks/oled,NASDAQ
OLLI,Ollie's Bargain Outlet Holdings Inc. Common Stock,$75.42,3.00,4.143%,2679641,4559387283.00,United States,2015,Department/Specialty Retail Stores,Consumer Discretionary,/market-activity/stocks/olli,NASDAQ
OLMA,Olema Pharmaceuticals Inc. Common Stock,$10.43,0.16,1.558%,937028,912600041.00,United States,2020,Biotechnology: Pharmaceutical Preparations,Health Care,/market-activity/stocks/olma,NASDAQ
OLOX,Olenox Industries Inc. Common Stock,$0.9926,-0.0974,-8.936%,814641,1647068.00,United States,2017,RETAIL: Building Materials,Consumer Discretionary,/market-activity/stocks/olox,NASDAQ
OM,Outset Medical Inc. Common Stock,$3.82,-0.12,-3.046%,100010,71805166.00,United States,2020,Biotechnology: Electromedical & Electrotherapeutic Apparatus,Health Care,/market-activity/stocks/om,NASDAQ
OMAB,Grupo Aeroportuario del Centro Norte S.A.B. de C.V. ADS,$99.30,-1.36,-1.351%,98264,4793327975.00,Mexico,2006,Aerospace,Consumer Discretionary,/market-activity/stocks/omab,NASDAQ
OMCL,Omnicell Inc. Common Stock ($0.001 par value),$35.16,2.08,6.288%,1037986,1603819321.00,United States,2001,Computer Manufacturing,Technology,/market-activity/stocks/omcl,NASDAQ
OMDA,Omada Health Inc. Common Stock,$24.55,0.86,3.63%,1404800,1502870059.00,United States,2025,Medical/Nursing Services,Health Care,/market-activity/stocks/omda,NASDAQ
OMER,Omeros Corporation Common Stock,$18.79,0.18,0.967%,1328644,1360176458.00,United States,2009,Biotechnology: Pharmaceutical Preparations,Health Care,/market-activity/stocks/omer,NASDAQ
OMEX,Odyssey Marine Exploration Inc. Common Stock,$0.8557,0.0317,3.847%,323984,50222222.00,United States,,Marine Transportation,Consumer Discretionary,/market-activity/stocks/omex,NASDAQ
OMH,Ohmyhome Limited Class A Ordinary Shares,$3.24,-0.26,-7.429%,188284,273567589.00,Singapore,2023,Real Estate,Finance,/market-activity/stocks/omh,NASDAQ
OMSE,OMS Energy Technologies Inc. Ordinary Shares,$4.82,0.19,4.104%,59068,204602753.00,Singapore,2025,Oil and Gas Field Machinery,Consumer Discretionary,/market-activity/stocks/omse,NASDAQ
ON,ON Semiconductor Corporation Common Stock,$74.09,1.48,2.038%,5790471,28844616037.00,United States,,Semiconductors,Technology,/market-activity/stocks/on,NASDAQ
ONB,Old National Bancorp Common Stock,$25.58,-0.27,-1.044%,2916555,9786140600.00,United States,,Major Banks,Finance,/market-activity/stocks/onb,NASDAQ
ONBPO,Old National Bancorp Depositary Shares Each Representing a 1/40th Interest in a Share of Series C Preferred Stock,$24.82,-0.115,-0.461%,13072,9495387400.00,United States,,Major Banks,Finance,/market-activity/stocks/onbpo,NASDAQ
ONBPP,Old National Bancorp Depositary Shares Each Representing a 1/40th Interest in a Share of Series A Preferred Stock,$24.80,-0.1385,-0.555%,7107,9487736000.00,United States,,Major Banks,Finance,/market-activity/stocks/onbpp,NASDAQ
ONC,BeOne Medicines Ltd. American Depositary Shares,$359.58,-7.15,-1.95%,346042,40884920932.00,Cayman Islands,2016,Biotechnology: Pharmaceutical Preparations,Health Care,/market-activity/stocks/onc,NASDAQ
ONCH,1RT Acquisition Corp. Class A Ordinary Share,$10.33,0.01,0.097%,2779,0.00,United States,2025,,,/market-activity/stocks/onch,NASDAQ
ONCHU,1RT Acquisition Corp. Units,$10.43,-0.02,-0.191%,1616,0.00,United States,2025,,,/market-activity/stocks/onchu,NASDAQ
ONCHW,1RT Acquisition Corp. Warrant,$0.40,0.00,0.00%,6,0.00,United States,2025,Blank Checks,Finance,/market-activity/stocks/onchw,NASDAQ
ONCO,Onconetix Inc. Common Stock,$0.6268,0.0145,2.368%,153648,2475300.00,United States,2022,Biotechnology: Pharmaceutical Preparations,Health Care,/market-activity/stocks/onco,NASDAQ
ONCY,Oncolytics Biotech Inc. Common Stock,$0.8382,-0.0184,-2.148%,428901,106879305.00,Canada,,Biotechnology: Pharmaceutical Preparations,Health Care,/market-activity/stocks/oncy,NASDAQ
ONDS,Ondas Inc. Common Stock,$7.655,-0.245,-3.101%,29540857,4367578170.00,United States,,Radio And Television Broadcasting And Communications Equipment,Technology,/market-activity/stocks/onds,NASDAQ
ONEG,OneConstruction Group Limited Ordinary Shares,$1.03,0.01,0.98%,34066,16480000.00,Hong Kong,2024,Homebuilding,Consumer Discretionary,/market-activity/stocks/oneg,NASDAQ
ONEW,OneWater Marine Inc. Class A Common Stock,$11.99,0.02,0.167%,76212,199820772.00,United States,2020,Auto & Home Supply Stores,Consumer Discretionary,/market-activity/stocks/onew,NASDAQ
ONFO,Onfolio Holdings Inc. Common Stock,$1.32,-0.03,-2.222%,165923,3237580.00,United States,2022,EDP Services,Technology,/market-activity/stocks/onfo,NASDAQ
ONFOW,Onfolio Holdings Inc. Warrant,$0.0118,-0.0019,-13.869%,6736,28942.00,United States,2022,EDP Services,Technology,/market-activity/stocks/onfow,NASDAQ
ONMD,OneMedNet Corp Class A Common Stock,$0.589,0.009,1.552%,602663,34919719.00,United Kingdom,2021,Biotechnology: Commercial Physical & Biological Resarch,Health Care,/market-activity/stocks/onmd,NASDAQ
ONMDW,OneMedNet Corp Warrant,$0.0348,-0.0001,-0.287%,1097,2063168.00,United Kingdom,2021,Biotechnology: Commercial Physical & Biological Resarch,Health Care,/market-activity/stocks/onmdw,NASDAQ
OPAD,Offerpad Solutions Inc. Class A Common Stock,$4.40,-0.005,-0.114%,49350,21264096.00,United States,,Real Estate,Finance,/market-activity/stocks/opad,NASDAQ
OPAL,OPAL Fuels Inc. Class A Common Stock,$1.99,-0.07,-3.398%,273036,347765596.00,United States,2021,Natural Gas Distribution,Utilities,/market-activity/stocks/opal,NASDAQ
OPBK,OP Bancorp Common Stock,$15.01,-0.12,-0.793%,43000,224138551.00,United States,2018,Major Banks,Finance,/market-activity/stocks/opbk,NASDAQ
OPCH,Option Care Health Inc. Common Stock,$23.45,-0.45,-1.883%,1768041,3512463948.00,United States,,Medical/Nursing Services,Health Care,/market-activity/stocks/opch,NASDAQ
OPEN,Opendoor Technologies Inc Common Stock,$3.20,-0.09,-2.736%,32090835,3107491360.00,United States,,Real Estate,Finance,/market-activity/stocks/open,NASDAQ
OPENL,Opendoor Technologies Inc  Series A Warrants each whole warrant exercisable to purchase one share of Common Stock at an exercise price of $13.00 per warrant,$0.1092,-0.0108,-9.00%,282756,106043143.00,United States,,Real Estate,Finance,/market-activity/stocks/openl,NASDAQ
OPENW,Opendoor Technologies Inc  Series K Warrants each whole warrant exercisable to purchase one share of Common Stock at an exercise price of $9.00 per warrant,$0.1977,-0.0073,-3.561%,95692,191984701.00,United States,,Real Estate,Finance,/market-activity/stocks/openw,NASDAQ
OPENZ,Opendoor Technologies Inc  Series Z Warrants each whole warrant exercisable to purchase one share of Common Stock at an exercise price of $17.00 per warrant,$0.111,-0.0134,-10.772%,237720,107791107.00,United States,,Real Estate,Finance,/market-activity/stocks/openz,NASDAQ
OPI,Office Properties Income Trust Common shares of beneficial interest,$17.67,-0.08,-0.451%,76078,387919706.00,United States,,Real Estate,Finance,/market-activity/stocks/opi,NASDAQ
OPK,OPKO Health Inc. Common Stock,$1.47,-0.01,-0.676%,2360580,1097102491.00,United States,,Biotechnology: Pharmaceutical Preparations,Health Care,/market-activity/stocks/opk,NASDAQ
OPRA,Opera Limited American Depositary Shares,$19.23,-0.39,-1.988%,255629,1728402265.00,Norway,2018,Computer Software: Prepackaged Software,Technology,/market-activity/stocks/opra,NASDAQ
OPRT,Oportun Financial Corporation Common Stock,$7.35,-0.01,-0.136%,277841,338006310.00,United States,2019,Finance: Consumer Services,Finance,/market-activity/stocks/oprt,NASDAQ
OPRX,OptimizeRx Corporation Common Stock,$7.98,0.03,0.377%,170867,150310889.00,United States,,Business Services,Consumer Discretionary,/market-activity/stocks/oprx,NASDAQ
OPTH,Optimi Health Corp. Common Shares,$4.91,-0.015,-0.305%,30554,28114007.00,Canada,,Biotechnology: Pharmaceutical Preparations,Health Care,/market-activity/stocks/opth,NASDAQ
OPTX,Syntec Optics Holdings Inc. Class A Common Stock,$8.19,-0.33,-3.873%,178515,329892201.00,United States,2022,Electronic Components,Technology,/market-activity/stocks/optx,NASDAQ
OPTXW,Syntec Optics Holdings Inc. Warrant,$1.46,0.025,1.742%,30426,58808622.00,United States,2022,Electronic Components,Technology,/market-activity/stocks/optxw,NASDAQ
OPXS,Optex Systems Holdings Inc. Common Stock,$9.84,-0.225,-2.235%,79870,68485150.00,United States,,Electronic Components,Technology,/market-activity/stocks/opxs,NASDAQ
ORBS,Eightco Holdings Inc. Common Stock,$0.7656,-0.0387,-4.812%,6989138,329037577.00,United States,,Finance Companies,Finance,/market-activity/stocks/orbs,NASDAQ
ORGO,Organogenesis Holdings Inc. Class A Common Stock,$1.72,-0.02,-1.149%,638406,221320223.00,United States,2016,Biotechnology: Pharmaceutical Preparations,Health Care,/market-activity/stocks/orgo,NASDAQ
ORIC,Oric Pharmaceuticals Inc. Common Stock,$12.99,-0.25,-1.888%,1158807,1346448001.00,United States,2020,Biotechnology: Pharmaceutical Preparations,Health Care,/market-activity/stocks/oric,NASDAQ
ORIO,Orion Digital Corp. Common Shares,$1.01,-0.08,-7.339%,122220,24018810.00,Canada,,Finance: Consumer Services,Finance,/market-activity/stocks/orio,NASDAQ
ORIQ,Origin Investment Corp I Ordinary Shares,$10.39,0.00,0.00%,7,0.00,Singapore,2025,,,/market-activity/stocks/oriq,NASDAQ
ORIQW,Origin Investment Corp I Warrant.,$0.1396,-0.0004,-0.286%,3469,0.00,Singapore,2025,Blank Checks,Finance,/market-activity/stocks/oriqw,NASDAQ
ORKA,Oruka Therapeutics Inc. Common Stock,$92.62,1.475,1.618%,1292881,6132342321.00,United States,,Biotechnology: In Vitro & In Vivo Diagnostic Substances,Health Care,/market-activity/stocks/orka,NASDAQ
ORKT,Orangekloud Technology Inc. Class A Ordinary Shares,$0.97,0.0019,0.196%,101054,5664577.00,Singapore,2024,Computer Software: Prepackaged Software,Technology,/market-activity/stocks/orkt,NASDAQ
ORLY,O'Reilly Automotive Inc. Common Stock,$88.80,0.30,0.339%,6399450,71835718330.00,United States,1993,Auto & Home Supply Stores,Consumer Discretionary,/market-activity/stocks/orly,NASDAQ
ORMP,Oramed Pharmaceuticals Inc. Common Stock,$5.02,-0.01,-0.199%,242865,208818717.00,Israel,,Biotechnology: Pharmaceutical Preparations,Health Care,/market-activity/stocks/ormp,NASDAQ
ORRF,Orrstown Financial Services Inc. Common Stock,$41.70,-0.26,-0.62%,80052,820223404.00,United States,,Major Banks,Finance,/market-activity/stocks/orrf,NASDAQ
OSBC,Old Second Bancorp Inc. Common Stock,$25.08,-0.16,-0.634%,415765,1275962957.00,United States,,Major Banks,Finance,/market-activity/stocks/osbc,NASDAQ
OSIS,OSI Systems Inc. Common Stock (DE),$207.91,1.27,0.615%,248237,3314494567.00,United States,1997,Semiconductors,Technology,/market-activity/stocks/osis,NASDAQ
OSPN,OneSpan Inc. Common Stock,$16.52,-0.02,-0.121%,311181,608797898.00,United States,,EDP Services,Technology,/market-activity/stocks/ospn,NASDAQ
OSPR,Osprey Acquisition Corp. III Class A Ordinary Shares,$9.84,-0.01,-0.102%,165555,0.00,United States,2026,Blank Checks,Finance,/market-activity/stocks/ospr,NASDAQ
OSPRU,Osprey Acquisition Corp. III Units,$10.00,-0.01,-0.10%,8779,0.00,United States,2026,Blank Checks,Finance,/market-activity/stocks/ospru,NASDAQ
OSPRW,Osprey Acquisition Corp. III Warrants,$0.40,-0.10,-20.00%,1272,0.00,United States,2026,Blank Checks,Finance,/market-activity/stocks/osprw,NASDAQ
OSS,One Stop Systems Inc. Common Stock,$10.42,0.01,0.096%,567960,259876155.00,United States,2018,Computer Manufacturing,Technology,/market-activity/stocks/oss,NASDAQ
OSUR,OraSure Technologies Inc. Common Stock,$3.59,-0.01,-0.278%,326106,247597371.00,United States,,Medical/Dental Instruments,Health Care,/market-activity/stocks/osur,NASDAQ
OSW,OneSpaWorld Holdings Limited Common Shares,$24.83,-0.43,-1.702%,1539284,2520213019.00,Bahamas,,Hotels/Resorts,Consumer Discretionary,/market-activity/stocks/osw,NASDAQ
OTEX,Open Text Corporation Common Shares,$24.93,-0.17,-0.677%,956471,6247527231.00,Canada,1996,EDP Services,Technology,/market-activity/stocks/otex,NASDAQ
OTGA,OTG Acquisition Corp. I Class A Ordinary Share ,$10.22,-0.01,-0.098%,310,0.00,United States,2025,Blank Checks,Finance,/market-activity/stocks/otga,NASDAQ
OTGAU,OTG Acquisition Corp. I Unit,$10.37,0.00,0.00%,2,0.00,United States,2025,Blank Checks,Finance,/market-activity/stocks/otgau,NASDAQ
OTLK,Outlook Therapeutics Inc. Common Stock,$0.6334,-0.0115,-1.783%,6423836,154199681.00,United States,2016,Biotechnology: Biological Products (No Diagnostic Substances),Health Care,/market-activity/stocks/otlk,NASDAQ
OTLY,Oatly Group AB American Depositary Shares,$14.45,-0.22,-1.50%,59240,461132128.00,Sweden,2021,Packaged Foods,Consumer Staples,/market-activity/stocks/otly,NASDAQ
OTTR,Otter Tail Corporation Common Stock,$90.47,-0.37,-0.407%,210827,3798435423.00,United States,,Electric Utilities: Central,Utilities,/market-activity/stocks/ottr,NASDAQ
OUST,Ouster Inc. Common Stock,$34.44,-0.18,-0.52%,1646234,2483548749.00,United States,,Industrial Machinery/Components,Industrials,/market-activity/stocks/oust,NASDAQ
OVBC,Ohio Valley Banc Corp. Common Stock,$45.73,0.145,0.318%,34721,215434076.00,United States,,Major Banks,Finance,/market-activity/stocks/ovbc,NASDAQ
OVID,Ovid Therapeutics Inc. Common Stock,$2.67,-0.13,-4.643%,1392652,521445278.00,United States,2017,Biotechnology: Pharmaceutical Preparations,Health Care,/market-activity/stocks/ovid,NASDAQ
OVLY,Oak Valley Bancorp (CA) Common Stock,$33.59,-0.39,-1.148%,13298,282582862.00,United States,,Major Banks,Finance,/market-activity/stocks/ovly,NASDAQ
OWLS,OBOOK Holdings Inc. Class A Common Shares,$5.37,-0.09,-1.648%,21575,203122457.00,Taiwan,,Computer Software: Prepackaged Software,Technology,/market-activity/stocks/owls,NASDAQ
OXBR,Oxbridge Re Holdings Limited Ordinary Shares,$1.31,0.00,0.00%,27517,10661536.00,Cayman Islands,2014,Property-Casualty Insurers,Finance,/market-activity/stocks/oxbr,NASDAQ
OXBRW,Oxbridge Re Holdings Limited Warrant expiring 3/26/2029,$0.109,0.00,0.00%,6,887105.00,Cayman Islands,2014,Property-Casualty Insurers,Finance,/market-activity/stocks/oxbrw,NASDAQ
OXLC,Oxford Lane Capital Corp. Common Stock,$9.71,0.00,0.00%,1746762,1685656000.00,United States,2011,Investment Managers,Finance,/market-activity/stocks/oxlc,NASDAQ
OXLCG,Oxford Lane Capital Corp. 7.95% Notes due 2032,$25.185,-0.005,-0.02%,1834,0.00,United States,,Investment Managers,Finance,/market-activity/stocks/oxlcg,NASDAQ
OXLCI,Oxford Lane Capital Corp. 8.75% Notes due 2030,$25.79,0.04,0.155%,10937,0.00,United States,,,,/market-activity/stocks/oxlci,NASDAQ
OXLCL,Oxford Lane Capital Corp. 6.75% Notes due 2031,$24.355,-0.035,-0.144%,623,4228028000.00,United States,,Finance Companies,Finance,/market-activity/stocks/oxlcl,NASDAQ
OXLCM,Oxford Lane Capital Corp. Preferred Stock Shares 8.25% Series 2031,$25.09,-0.0619,-0.246%,7311,4355624000.00,United States,,Investment Managers,Finance,/market-activity/stocks/oxlcm,NASDAQ
OXLCN,Oxford Lane Capital Corp. 7.125% Series 2029 Term Preferred Stock,$24.60,-0.11,-0.445%,5620,4270560000.00,United States,,Investment Managers,Finance,/market-activity/stocks/oxlcn,NASDAQ
OXLCO,Oxford Lane Capital Corp. Preferred Stock Shares 6.00% Series 2029,$23.975,0.055,0.23%,5652,4162060000.00,United States,,Investment Managers,Finance,/market-activity/stocks/oxlco,NASDAQ
OXLCZ,Oxford Lane Capital Corp. 5.00% Notes due 2027,$24.982,-0.048,-0.192%,6686,4336875200.00,United States,,Finance Companies,Finance,/market-activity/stocks/oxlcz,NASDAQ
OXSQ,Oxford Square Capital Corp. Common Stock,$1.34,-0.025,-1.832%,1957078,144328419.00,United States,2003,Blank Checks,Finance,/market-activity/stocks/oxsq,NASDAQ
OXSQG,Oxford Square Capital Corp. 5.50% Notes due 2028,$24.0752,0.0952,0.397%,517,1534983231.00,United States,,Other Consumer Services,Consumer Discretionary,/market-activity/stocks/oxsqg,NASDAQ
OXSQH,Oxford Square Capital Corp. 7.75% Notes due 2030,$24.98,0.00,0.00%,3675,0.00,United States,,Blank Checks,Finance,/market-activity/stocks/oxsqh,NASDAQ
OYSE,Oyster Enterprises II Acquisition Corp Class A Ordinary Shares,$10.37,0.01,0.097%,708,0.00,United States,2025,Blank Checks,Finance,/market-activity/stocks/oyse,NASDAQ
OYSER,Oyster Enterprises II Acquisition Corp Rights,$0.135,0.0243,21.951%,1503,0.00,United States,2025,Blank Checks,Finance,/market-activity/stocks/oyser,NASDAQ
OYSEU,Oyster Enterprises II Acquisition Corp Units,$10.66,0.00,0.00%,176,0.00,United States,2025,Blank Checks,Finance,/market-activity/stocks/oyseu,NASDAQ
OZK,Bank OZK Common Stock,$49.08,-0.32,-0.648%,1264194,5552721359.00,United States,,Major Banks,Finance,/market-activity/stocks/ozk,NASDAQ
OZKAP,Bank OZK 4.625% Series A Non-Cumulative Perpetual Preferred Stock,$16.10,-0.025,-0.155%,24557,1821491725.00,United States,,Major Banks,Finance,/market-activity/stocks/ozkap,NASDAQ
PAA,Plains All American Pipeline L.P. Common Units representing Limited Partner Interests,$25.65,0.17,0.667%,2710279,18097779699.00,United States,1998,Natural Gas Distribution,Energy,/market-activity/stocks/paa,NASDAQ
PAAC,Proem Acquisition Corp I Ordinary Shares,$9.97,0.00,0.00%,7,144235990.00,United States,2026,Investment Managers,Finance,/market-activity/stocks/paac,NASDAQ
PAACU,Proem Acquisition Corp I Units,$10.15,-0.15,-1.456%,361,0.00,United States,2026,Investment Managers,Finance,/market-activity/stocks/paacu,NASDAQ
PACB,Pacific Biosciences of California Inc. Common Stock,$1.355,-0.045,-3.214%,6082634,421175678.00,United States,2010,Biotechnology: Laboratory Analytical Instruments,Industrials,/market-activity/stocks/pacb,NASDAQ
PACH,Pioneer Acquisition I Corp Class A Ordinary Shares,$10.32,0.01,0.097%,5647,0.00,United States,2025,,,/market-activity/stocks/pach,NASDAQ
PACHU,Pioneer Acquisition I Corp Units,$10.38,0.00,0.00%,91,0.00,United States,2025,,,/market-activity/stocks/pachu,NASDAQ
PACHW,Pioneer Acquisition I Corp Warrants,$0.1802,-0.0298,-14.19%,2443,0.00,United States,2025,,,/market-activity/stocks/pachw,NASDAQ
PAGP,Plains GP Holdings L.P. Class A Units representing Limited Partner Interests,$28.22,0.25,0.894%,1953671,5584854379.00,United States,,Natural Gas Distribution,Energy,/market-activity/stocks/pagp,NASDAQ
PAHC,Phibro Animal Health Corporation Class A Common Stock,$37.74,0.07,0.186%,357377,1532304497.00,United States,2014,Biotechnology: Pharmaceutical Preparations,Health Care,/market-activity/stocks/pahc,NASDAQ
PAL,Proficient Auto Logistics Inc. Common Stock,$5.04,-0.09,-1.754%,437147,141386732.00,United States,2024,Transportation Services,Consumer Discretionary,/market-activity/stocks/pal,NASDAQ
PALI,Palisade Bio Inc. Common Stock,$1.95,-0.05,-2.50%,1645698,339827588.00,United States,,Biotechnology: Biological Products (No Diagnostic Substances),Health Care,/market-activity/stocks/pali,NASDAQ
PALO,Paloma Acquisition Corp I Class A Ordinary Shares,$9.985,0.00,0.00%,23,0.00,United States,2026,Blank Checks,Finance,/market-activity/stocks/palo,NASDAQ
PAMT,PAMT CORP Common Stock,$12.13,0.11,0.915%,23827,254029577.00,United States,,Trucking Freight/Courier Services,Industrials,/market-activity/stocks/pamt,NASDAQ
PANL,Pangaea Logistics Solutions Ltd. Common Shares,$8.12,0.06,0.744%,397082,531647029.00,United States,2013,Marine Transportation,Consumer Discretionary,/market-activity/stocks/panl,NASDAQ
PANW,Palo Alto Networks Inc. Common Stock,$382.13,10.54,2.836%,8796966,311435950000.00,United States,,Computer peripheral equipment,Technology,/market-activity/stocks/panw,NASDAQ
PARA,Banzai International Inc. Class A Common Stock,$1.10,0.01,0.917%,165923,,United States,2021,Broadcasting,Industrials,/market-activity/stocks/para,NASDAQ
PARAW,Banzai International Inc. Warrant,$0.0065,-0.0012,-15.584%,12000,23081.00,United States,2021,Computer Software: Prepackaged Software,Technology,/market-activity/stocks/paraw,NASDAQ
PARK,Park Dental Partners Inc. Common Stock,$20.74,-0.11,-0.528%,8827,98624549.00,United States,2025,Misc Health and Biotechnology Services,Health Care,/market-activity/stocks/park,NASDAQ
PASG,Passage Bio Inc. Common Stock,$4.43,-0.09,-1.991%,16426,14254898.00,United States,2020,Biotechnology: Biological Products (No Diagnostic Substances),Health Care,/market-activity/stocks/pasg,NASDAQ
PASW,Ping An Biomedical Co. Ltd. Class A Ordinary Shares,$0.1516,0.0209,15.991%,346900113,18881780.00,Hong Kong,1999,Apparel,Consumer Discretionary,/market-activity/stocks/pasw,NASDAQ
PATK,Patrick Industries Inc. Common Stock,$81.72,-1.75,-2.097%,416749,2624704534.00,United States,,Auto Parts:O.E.M.,Consumer Discretionary,/market-activity/stocks/patk,NASDAQ
PAVM,PAVmed Inc. Common Stock,$5.21,0.29,5.894%,31440,41658733.00,United States,2016,Medical/Dental Instruments,Health Care,/market-activity/stocks/pavm,NASDAQ
PAVS,Paranovus Entertainment Technology Ltd. Class A Ordinary Shares,$5.21,0.41,8.542%,44383,4530814.00,China,2019,EDP Services,Technology,/market-activity/stocks/pavs,NASDAQ
PAX,Patria Investments Limited Class A Common Shares,$11.34,0.00,0.00%,1375540,1840331416.00,Cayman Islands,2021,Investment Managers,Finance,/market-activity/stocks/pax,NASDAQ
PAYO,Payoneer Global Inc. Common Stock,$7.11,0.00,0.00%,2540678,2409229444.00,United States,,Business Services,Consumer Discretionary,/market-activity/stocks/payo,NASDAQ
PAYP,PayPay Corporation American Depository Shares,$15.13,-0.15,-0.982%,308374,10245175633.00,Japan,2026,Business Services,Consumer Discretionary,/market-activity/stocks/payp,NASDAQ
PAYS,Paysign Inc. Common Stock,$12.46,-0.43,-3.336%,1087280,703518464.00,United States,,EDP Services,Technology,/market-activity/stocks/pays,NASDAQ
PAYX,Paychex Inc. Common Stock,$127.34,0.30,0.236%,2470383,45292655392.00,United States,1983,Diversified Commercial Services,Industrials,/market-activity/stocks/payx,NASDAQ
PBAM,Private Bancorp of America Inc. Common Stock,$88.70,0.00,0.00%,36143,505704512.00,United States,,Major Banks,Finance,/market-activity/stocks/pbam,NASDAQ
PBFS,Pioneer Bancorp Inc. Common Stock,$17.46,-0.17,-0.964%,5887,433735436.00,United States,2019,Banks,Finance,/market-activity/stocks/pbfs,NASDAQ
PBHC,Pathfinder Bancorp Inc. Common Stock (MD),$15.71,-0.40,-2.483%,8674,76953236.00,United States,,Major Banks,Finance,/market-activity/stocks/pbhc,NASDAQ
PBK,PowerBank Corporation Common Stock,$0.4393,0.0071,1.643%,756336,20628117.00,Canada,,Power Generation,Utilities,/market-activity/stocks/pbk,NASDAQ
PBLS,Parabilis Medicines Inc. Common Stock,$39.01,-0.10,-0.256%,529952,4757348690.00,United States,2026,Biotechnology: Pharmaceutical Preparations,Health Care,/market-activity/stocks/pbls,NASDAQ
PBM,Psyence Biomedical Ltd. Common Shares,$4.34,0.13,3.088%,26339,16554184.00,Canada,,Biotechnology: Pharmaceutical Preparations,Health Care,/market-activity/stocks/pbm,NASDAQ
PBMWW,Psyence Biomedical Ltd. Warrant,$0.0197,-0.0084,-29.893%,4415,75142.00,Canada,,Biotechnology: Pharmaceutical Preparations,Health Care,/market-activity/stocks/pbmww,NASDAQ
PBYI,Puma Biotechnology Inc Common Stock,$9.11,0.05,0.552%,242902,470258801.00,United States,,Biotechnology: Pharmaceutical Preparations,Health Care,/market-activity/stocks/pbyi,NASDAQ
PCAP,ProCap Acquisition Corp Class A Ordinary Shares,$10.36,-0.01,-0.096%,175,0.00,United States,2025,Blank Checks,Finance,/market-activity/stocks/pcap,NASDAQ
PCAPU,ProCap Acquisition Corp Unit,$10.46,0.00,0.00%,72,0.00,United States,2025,,,/market-activity/stocks/pcapu,NASDAQ
PCAR,PACCAR Inc. Common Stock,$124.13,-1.21,-0.965%,2613822,65337681616.00,United States,,Auto Manufacturing,Industrials,/market-activity/stocks/pcar,NASDAQ
PCB,PCB Bancorp Common Stock,$27.33,-0.16,-0.582%,21800,383838973.00,United States,2018,Major Banks,Finance,/market-activity/stocks/pcb,NASDAQ
PCLA,PicoCELA Inc. American Depositary Shares,$6.76,-0.21,-3.013%,36703,64989322.00,Japan,2025,Building Products,Consumer Discretionary,/market-activity/stocks/pcla,NASDAQ
PCRX,Pacira BioSciences Inc. Common Stock,$25.90,0.14,0.543%,380507,1032422847.00,United States,2011,Biotechnology: Pharmaceutical Preparations,Health Care,/market-activity/stocks/pcrx,NASDAQ
PCSA,Processa Pharmaceuticals Inc. Common Stock,$2.05,-0.01,-0.485%,15705,5726441.00,United States,,Biotechnology: Pharmaceutical Preparations,Health Care,/market-activity/stocks/pcsa,NASDAQ
PCT,PureCycle Technologies Inc. Common stock,$6.53,0.03,0.462%,2794783,1311908409.00,United States,,Major Chemicals,Industrials,/market-activity/stocks/pct,NASDAQ
PCTTU,PureCycle Technologies Inc. Unit,$11.00,0.00,0.00%,9,2209952910.00,United States,,Major Chemicals,Industrials,/market-activity/stocks/pcttu,NASDAQ
PCTY,Paylocity Holding Corporation Common Stock,$160.22,2.29,1.45%,1039443,8500786612.00,United States,2014,Computer Software: Prepackaged Software,Technology,/market-activity/stocks/pcty,NASDAQ
PCVX,Vaxcyte Inc. Common Stock,$60.74,0.905,1.512%,1748998,9038432586.00,United States,2020,Biotechnology: Biological Products (No Diagnostic Substances),Health Care,/market-activity/stocks/pcvx,NASDAQ
PCYO,Pure Cycle Corporation Common Stock,$11.095,-0.335,-2.931%,117833,267360320.00,United States,,Water Supply,Utilities,/market-activity/stocks/pcyo,NASDAQ
PDC,Perpetuals.com Ltd American Depositary Shares,$3.04,0.22,7.801%,20333,9273733.00,Japan,2023,EDP Services,Technology,/market-activity/stocks/pdc,NASDAQ
PDD,PDD Holdings Inc. American Depositary Shares,$84.00,-1.69,-1.972%,12547379,119565302808.00,China,2018,Business Services,Consumer Discretionary,/market-activity/stocks/pdd,NASDAQ
PDEX,Pro-Dex Inc. Common Stock,$62.10,-0.455,-0.727%,33642,198270334.00,United States,,Medical/Dental Instruments,Health Care,/market-activity/stocks/pdex,NASDAQ
PDFS,PDF Solutions Inc. Common Stock,$44.48,-0.33,-0.736%,989840,1878266568.00,United States,2001,Computer Software: Prepackaged Software,Technology,/market-activity/stocks/pdfs,NASDAQ
PDLB,Ponce Financial Group Inc. Common Stock,$20.28,-0.17,-0.831%,71608,490530632.00,United States,2017,Savings Institutions,Finance,/market-activity/stocks/pdlb,NASDAQ
PDSB,PDS Biotechnology Corporation Common Stock,$0.214,0.0031,1.47%,1353711,11977866.00,United States,2015,Biotechnology: Pharmaceutical Preparations,Health Care,/market-activity/stocks/pdsb,NASDAQ
PDYN,Palladyne AI Corp. Common Stock,$5.71,-0.05,-0.868%,634336,281722892.00,United States,,Computer Software: Prepackaged Software,Technology,/market-activity/stocks/pdyn,NASDAQ
PDYNW,Palladyne AI Corp Warrants,$0.0088,-0.0028,-24.138%,40799,434179.00,United States,,Computer Software: Prepackaged Software,Technology,/market-activity/stocks/pdynw,NASDAQ
PEBK,Peoples Bancorp of North Carolina Inc. Common Stock,$43.70,-0.10,-0.228%,21141,238667113.00,United States,,Major Banks,Finance,/market-activity/stocks/pebk,NASDAQ
PEBO,Peoples Bancorp Inc. Common Stock,$39.37,-0.29,-0.731%,192539,1415048942.00,United States,,Major Banks,Finance,/market-activity/stocks/pebo,NASDAQ
PECE,Peace Acquisition Corp Ordinary Shares,$9.99,0.00,0.00%,25,0.00,United States,2026,Blank Checks,Finance,/market-activity/stocks/pece,NASDAQ
PECER,Peace Acquisition Corp Right,$0.36,0.00,0.00%,4209,0.00,United States,2026,Blank Checks,Finance,/market-activity/stocks/pecer,NASDAQ
PECO,Phillips Edison & Company Inc. Common Stock,$38.65,-0.42,-1.075%,986864,4974255000.00,United States,2021,Real Estate Investment Trusts,Real Estate,/market-activity/stocks/peco,NASDAQ
PEGA,Pegasystems Inc. Common Stock,$36.81,0.64,1.769%,2181446,6051746025.00,United States,1996,EDP Services,Technology,/market-activity/stocks/pega,NASDAQ
PENG,Penguin Solutions Inc. Common Stock,$49.08,-0.43,-0.869%,1616283,2514991667.00,United States,2017,Semiconductors,Technology,/market-activity/stocks/peng,NASDAQ
PENN,PENN Entertainment Inc. Common Stock,$16.71,-0.65,-3.744%,2446214,2240252736.00,United States,1994,Hotels/Resorts,Consumer Discretionary,/market-activity/stocks/penn,NASDAQ
PEP,PepsiCo Inc. Common Stock,$140.34,-0.73,-0.517%,6555616,191548881250.00,United States,,Beverages (Production/Distribution),Consumer Staples,/market-activity/stocks/pep,NASDAQ
PEPG,PepGen Inc. Common Stock,$2.99,-0.09,-2.922%,365804,207085956.00,United States,2022,Biotechnology: Pharmaceutical Preparations,Health Care,/market-activity/stocks/pepg,NASDAQ
PERI,Perion Network Ltd. Ordinary Shares,$9.75,0.05,0.515%,265715,383470610.00,Israel,2006,EDP Services,Technology,/market-activity/stocks/peri,NASDAQ
PESI,Perma-Fix Environmental Services Inc. Common Stock,$18.15,0.03,0.166%,217600,385113071.00,United States,,Environmental Services,Industrials,/market-activity/stocks/pesi,NASDAQ
PETS,PetMed Express Inc. Common Stock,$1.89,0.01,0.532%,67111,40973147.00,United States,,Retail-Drug Stores and Proprietary Stores,Consumer Staples,/market-activity/stocks/pets,NASDAQ
PETZ,TDH Holdings Inc. Common Shares,$1.15,-0.0397,-3.337%,6188382,11871758.00,China,2017,Real Estate,Finance,/market-activity/stocks/petz,NASDAQ
PFAI,Pinnacle Food Group Limited Class A Common Shares,$2.8292,-0.2208,-7.239%,1593,33205132.00,Canada,2025,Farming/Seeds/Milling,Consumer Staples,/market-activity/stocks/pfai,NASDAQ
PFBC,Preferred Bank Common Stock,$102.43,-1.10,-1.062%,53998,1470557805.00,United States,,Major Banks,Finance,/market-activity/stocks/pfbc,NASDAQ
PFG,Principal Financial Group Inc Common Stock,$110.16,-1.25,-1.122%,2123246,23585767253.00,United States,2001,Accident &Health Insurance,Finance,/market-activity/stocks/pfg,NASDAQ
PFIS,Peoples Financial Services Corp. Common Stock,$68.67,-0.335,-0.485%,33418,687411902.00,United States,,Major Banks,Finance,/market-activity/stocks/pfis,NASDAQ
PFSA,Profusa Inc. Common Stock,$3.00,0.07,2.389%,1194926,1816941.00,United States,,Medical/Dental Instruments,Health Care,/market-activity/stocks/pfsa,NASDAQ
PFX,PhenixFIN Corporation Common Stock,$46.81,-5.9054,-11.202%,47680,90402889.00,United States,,Finance: Consumer Services,Finance,/market-activity/stocks/pfx,NASDAQ
PFXNZ,PhenixFIN Corporation  5.25% Notes due 2028,$24.0999,0.0199,0.083%,1145,48293043.00,United States,,Finance: Consumer Services,Finance,/market-activity/stocks/pfxnz,NASDAQ
PGAC,Pantages Capital Acquisition Corporation Class A Ordinary Shares,$10.69,0.00,0.00%,8,0.00,United States,2025,,,/market-activity/stocks/pgac,NASDAQ
PGACU,Pantages Capital Acquisition Corporation Unit,$10.84,0.00,0.00%,22,0.00,United States,2024,,,/market-activity/stocks/pgacu,NASDAQ
PGC,Peapack-Gladstone Financial Corporation Common Stock,$44.64,-0.47,-1.042%,132552,791375777.00,United States,,Commercial Banks,Finance,/market-activity/stocks/pgc,NASDAQ
PGEN,Precigen Inc. Common Stock,$6.93,-0.02,-0.288%,4134209,2481184262.00,United States,,Biotechnology: Pharmaceutical Preparations,Health Care,/market-activity/stocks/pgen,NASDAQ
PGNY,Progyny Inc. Common Stock,$25.59,-0.41,-1.577%,911935,1963438761.00,United States,2019,Misc Health and Biotechnology Services,Health Care,/market-activity/stocks/pgny,NASDAQ
PGY,Pagaya Technologies Ltd. Class A Ordinary Shares,$21.74,-0.24,-1.092%,1599056,1813677827.00,United States,,Finance: Consumer Services,Finance,/market-activity/stocks/pgy,NASDAQ
PGYWW,Pagaya Technologies Ltd. Warrants,$0.0171,-0.0014,-7.568%,6326,1426582.00,United States,,Finance: Consumer Services,Finance,/market-activity/stocks/pgyww,NASDAQ
PHAR,Pharming Group N.V. ADS each representing 10 ordinary shares,$11.48,-0.22,-1.88%,12364,810777640.00,Netherlands,,Biotechnology: Pharmaceutical Preparations,Health Care,/market-activity/stocks/phar,NASDAQ
PHAT,Phathom Pharmaceuticals Inc. Common Stock,$9.57,0.39,4.248%,1211484,774221938.00,United States,2019,Biotechnology: Pharmaceutical Preparations,Health Care,/market-activity/stocks/phat,NASDAQ
PHIO,Phio Pharmaceuticals Corp. Common Stock,$1.09,-0.04,-3.54%,250160,12662803.00,United States,,Biotechnology: Pharmaceutical Preparations,Health Care,/market-activity/stocks/phio,NASDAQ
PHOE,Phoenix Asia Holdings Limited Ordinary Shares,$21.26,0.52,2.507%,5877,459216000.00,Hong Kong,2025,Engineering & Construction,Consumer Discretionary,/market-activity/stocks/phoe,NASDAQ
PHOS,First Phosphate Corp. American Depositary Shares,$17.30,-0.80,-4.42%,48127,327220037.00,Canada,,Mining & Quarrying of Nonmetallic Minerals (No Fuels),Industrials,/market-activity/stocks/phos,NASDAQ
PHUN,Phunware Inc. Common Stock,$2.08,-0.01,-0.478%,45702,42562364.00,Greece,2016,EDP Services,Technology,/market-activity/stocks/phun,NASDAQ
PHVS,Pharvaris N.V. Ordinary Shares,$34.61,-0.71,-2.01%,557517,2411155938.00,Netherlands,2021,Biotechnology: Pharmaceutical Preparations,Health Care,/market-activity/stocks/phvs,NASDAQ
PI,Impinj Inc. Common Stock,$174.32,4.26,2.505%,331589,5326245274.00,United States,2016,Industrial Machinery/Components,Technology,/market-activity/stocks/pi,NASDAQ
PICS,PicS N.V. Class A Common Shares,$10.61,0.56,5.572%,832682,1374923831.00,Brazil,2026,Finance: Consumer Services,Finance,/market-activity/stocks/pics,NASDAQ
PIII,P3 Health Partners Inc. Class A Common Stock,$9.06,-0.16,-1.735%,6752,65784497.00,United States,2021,Medical/Nursing Services,Health Care,/market-activity/stocks/piii,NASDAQ
PIIIW,P3 Health Partners Inc. Warrant,$0.0128,-0.0001,-0.775%,28960,92941.00,United States,2021,Medical/Nursing Services,Health Care,/market-activity/stocks/piiiw,NASDAQ
PKBK,Parke Bancorp Inc. Common Stock,$33.75,-0.24,-0.706%,51025,396949613.00,United States,,Major Banks,Finance,/market-activity/stocks/pkbk,NASDAQ
PKOH,Park-Ohio Holdings Corp. Common Stock,$45.13,-0.63,-1.377%,98006,653934151.00,United States,,Industrial Specialties,Industrials,/market-activity/stocks/pkoh,NASDAQ
PLAB,Photronics Inc. Common Stock,$28.14,0.41,1.479%,2025927,1659238462.00,United States,1987,Semiconductors,Technology,/market-activity/stocks/plab,NASDAQ
PLAY,Dave & Buster's Entertainment Inc. Common Stock,$8.97,-0.43,-4.574%,1646804,312054585.00,United States,2014,Restaurants,Consumer Discretionary,/market-activity/stocks/play,NASDAQ
PLBC,Plumas Bancorp,$61.23,-0.60,-0.97%,32496,426100550.00,United States,,Finance Companies,Finance,/market-activity/stocks/plbc,NASDAQ
PLBL,Polibeli Group Ltd Class A Ordinary Shares,$5.66,0.04,0.712%,808261,2073753080.00,Indonesia,,Consumer Electronics/Appliances,Consumer Discretionary,/market-activity/stocks/plbl,NASDAQ
PLBY,Playboy Inc. Common Stock,$1.18,-0.02,-1.667%,687206,141373072.00,United States,2020,Other Specialty Stores,Consumer Discretionary,/market-activity/stocks/plby,NASDAQ
PLCE,Children's Place Inc. (The) Common Stock,$2.49,0.02,0.81%,65823,55370297.00,United States,1997,Clothing/Shoe/Accessory Stores,Consumer Discretionary,/market-activity/stocks/plce,NASDAQ
PLCI,Pelican Acquisition II Corporation Ordinary Shares,$9.90,0.00,0.00%,3303,0.00,United States,2026,Blank Checks,Finance,/market-activity/stocks/plci,NASDAQ
PLCIR,Pelican Acquisition II Corporation Right,$0.1301,0.00,0.00%,14,0.00,United States,2026,Blank Checks,Finance,/market-activity/stocks/plcir,NASDAQ
PLCIU,Pelican Acquisition II Corporation Unit,$10.00,-0.075,-0.744%,8136,0.00,United States,2026,Blank Checks,Finance,/market-activity/stocks/plciu,NASDAQ
PLMK,Plum Acquisition Corp. IV Class A Ordinary Shares,$10.65,-0.08,-0.746%,1923,0.00,United States,2025,,,/market-activity/stocks/plmk,NASDAQ
PLMKW,Plum Acquisition Corp. IV Warrants,$0.355,0.00,0.00%,17,0.00,United States,2025,,,/market-activity/stocks/plmkw,NASDAQ
PLMR,Palomar Holdings Inc. Common stock,$132.57,0.94,0.714%,190573,3488935235.00,United States,2019,Property-Casualty Insurers,Finance,/market-activity/stocks/plmr,NASDAQ
PLPC,Preformed Line Products Company Common Stock,$400.85,-3.20,-0.792%,62740,1959635796.00,United States,,Water Sewer Pipeline Comm & Power Line Construction,Industrials,/market-activity/stocks/plpc,NASDAQ
PLRX,Pliant Therapeutics Inc. Common Stock,$1.10,-0.01,-0.901%,400015,68114087.00,United States,2020,Biotechnology: Pharmaceutical Preparations,Health Care,/market-activity/stocks/plrx,NASDAQ
PLRZ,Polyrizon Ltd. Ordinary Shares,$14.51,1.365,10.384%,45040,30238535.00,Israel,2024,Medical/Dental Instruments,Health Care,/market-activity/stocks/plrz,NASDAQ
PLSE,Pulse Biosciences Inc Common Stock (DE),$50.33,2.76,5.802%,657276,3589666810.00,United States,2016,Medical/Dental Instruments,Health Care,/market-activity/stocks/plse,NASDAQ
PLSM,Pulsenmore Ltd. Ordinary Shares,$2.62,0.05,1.946%,31428,17037451.00,Israel,,Medical/Dental Instruments,Health Care,/market-activity/stocks/plsm,NASDAQ
PLTK,Playtika Holding Corp. Common Stock,$2.27,-0.05,-2.155%,1152223,865819282.00,Israel,2021,EDP Services,Technology,/market-activity/stocks/pltk,NASDAQ
PLTR,Palantir Technologies Inc. Class A Common Stock,$186.38,0.09,0.048%,25904155,447694727602.00,United States,,Computer Software: Prepackaged Software,Technology,/market-activity/stocks/pltr,NASDAQ
PLUG,Plug Power Inc. Common Stock,$2.16,-0.03,-1.37%,35031809,3017941800.00,United States,1999,Industrial Machinery/Components,Energy,/market-activity/stocks/plug,NASDAQ
PLUR,Pluri Inc. Common Stock,$1.47,-0.06,-3.922%,48917,15860633.00,Israel,,Biotechnology: Biological Products (No Diagnostic Substances),Health Care,/market-activity/stocks/plur,NASDAQ
PLUS,ePlus inc. Common Stock,$87.97,0.69,0.791%,161915,2295174071.00,United States,1996,Retail: Computer Software & Peripheral Equipment,Technology,/market-activity/stocks/plus,NASDAQ
PLUT,Plutus Financial Group Limited Ordinary Shares,$2.55,0.00,0.00%,268,39142500.00,Hong Kong,2025,Investment Bankers/Brokers/Service,Finance,/market-activity/stocks/plut,NASDAQ
PLXS,Plexus Corp. Common Stock,$239.47,-1.40,-0.581%,206252,6382378148.00,United States,,Electrical Products,Technology,/market-activity/stocks/plxs,NASDAQ
PLYX,Polaryx Therapeutics Inc. Common Stock,$2.01,-0.05,-2.427%,41403,100190446.00,United States,,Biotechnology: Pharmaceutical Preparations,Health Care,/market-activity/stocks/plyx,NASDAQ
PMA,Ming Shing Group Holdings Limited Ordinary Shares,$1.20,0.04,3.448%,5109,15570000.00,Hong Kong,2024,Engineering & Construction,Consumer Discretionary,/market-activity/stocks/pma,NASDAQ
PMAX,Powell Max Limited Class A Ordinary Shares,$1.03,-0.03,-2.83%,43468,2020824.00,Hong Kong,2024,Other Consumer Services,Consumer Discretionary,/market-activity/stocks/pmax,NASDAQ
PMCB,PharmaCyte  Biotech Inc. Common Stock,$0.5009,-0.0141,-2.738%,105517,5377487.00,United States,,Biotechnology: Biological Products (No Diagnostic Substances),Health Care,/market-activity/stocks/pmcb,NASDAQ
PMEC,Primech Holdings Ltd. Ordinary Shares,$0.4803,-0.0209,-4.17%,8390,18452159.00,Singapore,2023,Diversified Commercial Services,Consumer Discretionary,/market-activity/stocks/pmec,NASDAQ
PMN,ProMIS Neurosciences Inc. Common Shares (ON),$13.07,-0.715,-5.187%,24573,117207748.00,Canada,,Biotechnology: Pharmaceutical Preparations,Health Care,/market-activity/stocks/pmn,NASDAQ
PMTR,Perimeter Acquisition Corp. I Class A Ordinary Shares,$10.42,0.015,0.144%,694,0.00,United States,2025,Blank Checks,Finance,/market-activity/stocks/pmtr,NASDAQ
PMTRU,Perimeter Acquisition Corp. I Unit,$11.14,0.21,1.921%,354,0.00,United States,2025,Blank Checks,Finance,/market-activity/stocks/pmtru,NASDAQ
PMTS,CPI Card Group Inc. Common Stock,$28.97,0.14,0.486%,130930,334043481.00,United States,,Publishing,Consumer Discretionary,/market-activity/stocks/pmts,NASDAQ
PMVP,PMV Pharmaceuticals Inc. Common Stock,$1.21,-0.01,-0.82%,1081292,64684250.00,United States,2020,Biotechnology: Pharmaceutical Preparations,Health Care,/market-activity/stocks/pmvp,NASDAQ
PN,PN Smart Energy Limited Class A Ordinary Shares,$2.64,-0.09,-3.297%,64985,38950626.00,China,2025,Retail: Computer Software & Peripheral Equipment,Technology,/market-activity/stocks/pn,NASDAQ
PNBK,Patriot National Bancorp Inc. Common Stock,$1.06,0.03,2.913%,330421,125866732.00,United States,,Major Banks,Finance,/market-activity/stocks/pnbk,NASDAQ
PNRG,PrimeEnergy Resources Corporation Common Stock,$211.08,1.38,0.658%,170311,334055208.00,United States,,Oil & Gas Production,Energy,/market-activity/stocks/pnrg,NASDAQ
PNTG,The Pennant Group Inc. Common Stock ,$36.76,-0.32,-0.863%,272594,1283992760.00,United States,,Medical/Nursing Services,Health Care,/market-activity/stocks/pntg,NASDAQ
POCI,Precision Optics Corporation Inc. Common stock,$4.30,-0.10,-2.273%,10809,47062937.00,United States,,Biotechnology: Electromedical & Electrotherapeutic Apparatus,Health Care,/market-activity/stocks/poci,NASDAQ
PODC,PodcastOne Inc. Common Stock,$2.785,0.105,3.918%,34528,84253758.00,United States,,Computer Software: Programming Data Processing,Technology,/market-activity/stocks/podc,NASDAQ
PODD,Insulet Corporation Common Stock,$148.66,3.53,2.432%,6634924,10310195223.00,United States,2007,Medical/Dental Instruments,Health Care,/market-activity/stocks/podd,NASDAQ
POET,POET Technologies Inc. Common Shares,$7.46,-0.04,-0.533%,5198993,1291013336.00,Canada,,Semiconductors,Technology,/market-activity/stocks/poet,NASDAQ
POLA,Polar Power Inc. Common Stock,$1.39,-0.03,-2.113%,520841,5854074.00,United States,2016,Industrial Machinery/Components,Miscellaneous,/market-activity/stocks/pola,NASDAQ
POLE,Andretti Acquisition Corp. II Class A Ordinary Shares,$10.85,0.14,1.307%,202903,0.00,United States,2024,,,/market-activity/stocks/pole,NASDAQ
POLEW,Andretti Acquisition Corp. II Warrant,$0.1399,0.0298,27.066%,1584,0.00,United States,2024,,,/market-activity/stocks/polew,NASDAQ
POM,POMDOCTOR LIMITED American Depositary Shares,$0.945,-0.0053,-0.558%,3294,7045214.00,China,2025,Other Specialty Stores,Consumer Discretionary,/market-activity/stocks/pom,NASDAQ
PONO,Pono Capital Four Inc. Class A Ordinary Shares,$10.01,0.00,0.00%,208,0.00,Cayman Islands,2026,Blank Checks,Finance,/market-activity/stocks/pono,NASDAQ
PONOR,Pono Capital Four Inc. Rights,$0.22,0.0043,1.994%,16332,0.00,Cayman Islands,2026,Blank Checks,Finance,/market-activity/stocks/ponor,NASDAQ
PONY,Pony AI Inc. American Depositary Shares ,$7.09,-0.49,-6.464%,5217349,3073809611.00,China,2024,EDP Services,Technology,/market-activity/stocks/pony,NASDAQ
POOL,Pool Corporation Common Stock,$186.52,-1.55,-0.824%,567814,6778276130.00,United States,1995,Industrial Specialties,Consumer Discretionary,/market-activity/stocks/pool,NASDAQ
POWI,Power Integrations Inc. Common Stock,$51.38,0.085,0.166%,946916,2870770051.00,United States,1997,Semiconductors,Technology,/market-activity/stocks/powi,NASDAQ
POWL,Powell Industries Inc. Common Stock,$179.73,-2.98,-1.631%,651975,6548024728.00,United States,,Electrical Products,Energy,/market-activity/stocks/powl,NASDAQ
POWW,Outdoor Holding Company Common Stock,$2.16,-0.02,-0.917%,377093,250593171.00,United States,,Ordnance And Accessories,Industrials,/market-activity/stocks/poww,NASDAQ
POWWP,Outdoor Holding Company 8.75% Series A Cumulative Redeemable Perpetual Preferred Stock,$24.025,0.175,0.734%,1256,2787268952.00,United States,,Ordnance And Accessories,Industrials,/market-activity/stocks/powwp,NASDAQ
PPBT,Purple Biotech Ltd. American Depositary Shares,$1.70,0.02,1.19%,12361,2765674.00,Israel,2015,Biotechnology: Pharmaceutical Preparations,Health Care,/market-activity/stocks/ppbt,NASDAQ
PPC,Pilgrim's Pride Corporation Common Stock,$31.38,-0.31,-0.978%,1187526,7471845483.00,United States,,Meat/Poultry/Fish,Consumer Staples,/market-activity/stocks/ppc,NASDAQ
PPCB,Propanc Biopharma Inc. Common Stock,$1.35,0.00,0.00%,798070,4730557.00,Australia,,Biotechnology: Pharmaceutical Preparations,Health Care,/market-activity/stocks/ppcb,NASDAQ
PPHC,Public Policy Holding Company Inc. Common Stock,$10.84,-0.12,-1.095%,65398,272461004.00,United States,2026,,,/market-activity/stocks/pphc,NASDAQ
PPIH,Perma-Pipe International Holdings Inc. Common Stock,$27.43,0.79,2.965%,80509,222888308.00,United States,,Pollution Control Equipment,Industrials,/market-activity/stocks/ppih,NASDAQ
PPLI,People Incorporated Common Stock,$38.28,-0.86,-2.197%,1151889,2850479049.00,United States,,Computer Software: Programming Data Processing,Technology,/market-activity/stocks/ppli,NASDAQ
PPSI,Pioneer Power Solutions Inc. Common Stock,$2.93,0.06,2.091%,53603,32520849.00,United States,,Industrial Machinery/Components,Miscellaneous,/market-activity/stocks/ppsi,NASDAQ
PPTA,Perpetua Resources Corp. Common Shares,$24.94,-0.17,-0.677%,1458672,3119889327.00,Canada,,Precious Metals,Basic Materials,/market-activity/stocks/ppta,NASDAQ
PRAA,PRA Group Inc. Common Stock,$18.82,-0.32,-1.672%,352325,708535473.00,United States,2002,Finance Companies,Finance,/market-activity/stocks/praa,NASDAQ
PRAX,Praxis Precision Medicines Inc. Common Stock,$350.30,5.55,1.61%,380515,9780371796.00,United States,2020,Biotechnology: Pharmaceutical Preparations,Health Care,/market-activity/stocks/prax,NASDAQ
PRCH,Porch Group Inc. Common Stock,$16.99,-0.41,-2.356%,1086922,2239826428.00,United States,2020,Computer Software: Prepackaged Software,Technology,/market-activity/stocks/prch,NASDAQ
PRCT,PROCEPT BioRobotics Corporation Common Stock,$21.20,0.37,1.776%,939843,1214201571.00,United States,2021,Medical/Dental Instruments,Health Care,/market-activity/stocks/prct,NASDAQ
PRDO,Perdoceo Education Corporation Common Stock,$33.24,-0.33,-0.983%,547768,2080061308.00,United States,,Other Consumer Services,Real Estate,/market-activity/stocks/prdo,NASDAQ
PRE,Prenetics Global Limited Class A Ordinary Share,$26.25,0.49,1.902%,196910,440458121.00,Hong Kong,,Blank Checks,Finance,/market-activity/stocks/pre,NASDAQ
PRENW,Prenetics Global Limited Warrant,$0.0106,0.0006,6.00%,6500,177861.00,Hong Kong,,Blank Checks,Finance,/market-activity/stocks/prenw,NASDAQ
PRFX,PRF Technologies Ltd. Ordinary Shares,$0.9536,-0.0075,-0.78%,49243,2900689.00,Israel,2020,Biotechnology: Pharmaceutical Preparations,Health Care,/market-activity/stocks/prfx,NASDAQ
PRGS,Progress Software Corporation Common Stock (DE),$46.27,1.51,3.374%,680088,1897668826.00,United States,1991,Computer Software: Prepackaged Software,Technology,/market-activity/stocks/prgs,NASDAQ
PRHI,Presurance Holdings Inc. Common Stock,$6.18,-0.555,-8.241%,2813,23150849.00,United States,2015,Property-Casualty Insurers,Finance,/market-activity/stocks/prhi,NASDAQ
PRHIZ,Presurance Holdings Inc. 9.75% Senior Unsecured Notes due 2028,$23.25,-0.72,-3.004%,678,284181983.00,United States,,Property-Casualty Insurers,Finance,/market-activity/stocks/prhiz,NASDAQ
PRLD,Prelude Therapeutics Incorporated Common Stock,$5.60,0.13,2.377%,737645,446899516.00,United States,2020,Biotechnology: Pharmaceutical Preparations,Health Care,/market-activity/stocks/prld,NASDAQ
PRME,Prime Medicine Inc. Common Stock,$3.59,-0.02,-0.554%,2082336,651142913.00,United States,2022,Biotechnology: Biological Products (No Diagnostic Substances),Health Care,/market-activity/stocks/prme,NASDAQ
PROF,Profound Medical Corp. Common Stock,$6.80,-0.05,-0.73%,65102,248421639.00,Canada,,Medical/Dental Instruments,Health Care,/market-activity/stocks/prof,NASDAQ
PROK,ProKidney Corp. Class A Ordinary Shares,$1.89,0.06,3.279%,1261606,571389818.00,United States,2021,Biotechnology: Biological Products (No Diagnostic Substances),Health Care,/market-activity/stocks/prok,NASDAQ
PROP,Prairie Operating Co. Common Stock,$0.509,-0.0495,-8.863%,1965601,57414187.00,United States,,Oil & Gas Production,Energy,/market-activity/stocks/prop,NASDAQ
PROV,Provident Financial Holdings Inc. Common Stock,$18.31,-0.04,-0.218%,14832,114505082.00,United States,,Savings Institutions,Finance,/market-activity/stocks/prov,NASDAQ
PRPL,Purple Innovation Inc. Common Stock,$3.99,-0.29,-6.776%,40114,17368905.00,United States,2015,Home Furnishings,Consumer Discretionary,/market-activity/stocks/prpl,NASDAQ
PRPO,Precipio Inc.  Common Stock,$27.69,-1.16,-4.021%,94488,49570306.00,United States,,Biotechnology: Laboratory Analytical Instruments,Industrials,/market-activity/stocks/prpo,NASDAQ
PRQR,ProQR Therapeutics N.V. Ordinary Shares,$2.13,-0.16,-6.987%,943530,300588744.00,Netherlands,2014,Biotechnology: Pharmaceutical Preparations,Health Care,/market-activity/stocks/prqr,NASDAQ
PRSO,Peraso Inc. Common Stock,$0.5961,-0.044,-6.874%,449402,8979934.00,United States,,Semiconductors,Technology,/market-activity/stocks/prso,NASDAQ
PRTA,Prothena Corporation plc Ordinary Shares,$9.35,0.02,0.214%,335207,480000707.00,United States,,Biotechnology: Pharmaceutical Preparations,Health Care,/market-activity/stocks/prta,NASDAQ
PRTH,Priority Technology Holdings Inc. Common Stock,$5.31,-0.07,-1.301%,409915,437758375.00,United States,2016,Business Services,Consumer Discretionary,/market-activity/stocks/prth,NASDAQ
PRTS,CarParts.com Inc. Common Stock,$7.23,-0.04,-0.55%,6015,58313073.00,United States,2007,Auto & Home Supply Stores,Consumer Discretionary,/market-activity/stocks/prts,NASDAQ
PRVA,Privia Health Group Inc. Common Stock,$20.49,-0.30,-1.443%,922126,2617273901.00,United States,2021,Medical/Nursing Services,Health Care,/market-activity/stocks/prva,NASDAQ
PRZO,ParaZero Technologies Ltd. Ordinary Shares,$0.8765,0.0362,4.308%,841999,22726393.00,Israel,2023,Military/Government/Technical,Industrials,/market-activity/stocks/przo,NASDAQ
PSEC,Prospect Capital Corporation Common Stock,$2.28,0.03,1.333%,3275862,1196618091.00,United States,2004,Finance: Consumer Services,Finance,/market-activity/stocks/psec,NASDAQ
PSHG,Performance Shipping Inc. Common Shares,$1.70,0.02,1.19%,76468,21133479.00,Greece,,Marine Transportation,Consumer Discretionary,/market-activity/stocks/pshg,NASDAQ
PSIG,PS International Group Ltd. Ordinary Shares,$1.63,-0.17,-9.444%,70156,25070740.00,Hong Kong,,Integrated Freight & Logistics,Industrials,/market-activity/stocks/psig,NASDAQ
PSIX,Power Solutions International Inc. Common Stock,$36.31,0.03,0.083%,237015,837506490.00,United States,,Industrial Machinery/Components,Industrials,/market-activity/stocks/psix,NASDAQ
PSKY,Paramount Skydance Corporation Class B Common Stock,$10.91,0.03,0.276%,11109615,12240428449.00,United States,,Broadcasting,Industrials,/market-activity/stocks/psky,NASDAQ
PSMT,PriceSmart Inc. Common Stock,$170.01,0.67,0.396%,267649,5246597685.00,United States,,Department/Specialty Retail Stores,Consumer Discretionary,/market-activity/stocks/psmt,NASDAQ
PSNL,Personalis Inc. Common Stock,$16.78,-0.29,-1.699%,2801954,1792101852.00,United States,2019,Medical Specialities,Health Care,/market-activity/stocks/psnl,NASDAQ
PSNY,Polestar Automotive Holding UK PLC Class A ADS,$12.59,-0.13,-1.022%,518852,2068286824.00,Sweden,,Auto Manufacturing,Industrials,/market-activity/stocks/psny,NASDAQ
PSNYW,Polestar Automotive Holding UK PLC Class C-1 ADS (ADW),$5.75,0.43,8.083%,403022,944610742.00,Sweden,,Auto Manufacturing,Industrials,/market-activity/stocks/psnyw,NASDAQ
PSQL,Pasqal Holding SA Ordinary Share,$17.30,-1.81,-9.471%,2012898,0.00,France,,EDP Services,Technology,/market-activity/stocks/psql,NASDAQ
PSQLW,Pasqal Holding SA Warrant,$1.935,-0.165,-7.857%,323449,0.00,France,,EDP Services,Technology,/market-activity/stocks/psqlw,NASDAQ
PTAC,Patriot Acquisition Corp. Class A Ordinary Shares,$9.93,-0.06,-0.601%,335,0.00,United States,2026,Blank Checks,Finance,/market-activity/stocks/ptac,NASDAQ
PTACU,Patriot Acquisition Corp. Units,$10.07,0.00,0.00%,1,0.00,United States,2026,,,/market-activity/stocks/ptacu,NASDAQ
PTC,PTC Inc. Common Stock,$155.74,-1.41,-0.897%,1418569,16898765088.00,United States,,Computer Software: Prepackaged Software,Technology,/market-activity/stocks/ptc,NASDAQ
PTCT,PTC Therapeutics Inc. Common Stock,$69.54,-0.55,-0.785%,841096,5803864171.00,United States,2013,Biotechnology: Pharmaceutical Preparations,Health Care,/market-activity/stocks/ptct,NASDAQ
PTEN,Patterson-UTI Energy Inc. Common Stock,$12.64,0.21,1.689%,10489281,4820704807.00,United States,1993,Oil & Gas Production,Energy,/market-activity/stocks/pten,NASDAQ
PTGX,Protagonist Therapeutics Inc. Common Stock,$147.75,3.42,2.37%,567360,9560649109.00,United States,2016,Biotechnology: Pharmaceutical Preparations,Health Care,/market-activity/stocks/ptgx,NASDAQ
PTLE,PTL LTD Class A Ordinary Shares,$7.62,-0.48,-5.926%,2063,47862150.00,Singapore,2024,Oil Refining/Marketing,Energy,/market-activity/stocks/ptle,NASDAQ
PTLO,Portillo's Inc. Class A Common Stock,$4.57,-0.13,-2.766%,1035134,347060534.00,United States,2021,Restaurants,Consumer Discretionary,/market-activity/stocks/ptlo,NASDAQ
PTN,Palatin Technologies Inc. Common Stock,$9.99,-0.49,-4.676%,153254,17774957.00,United States,,Biotechnology: Pharmaceutical Preparations,Health Care,/market-activity/stocks/ptn,NASDAQ
PTON,Peloton Interactive Inc. Class A Common Stock,$5.36,-0.09,-1.651%,6651293,2352352853.00,United States,2019,Recreational Games/Products/Toys,Consumer Discretionary,/market-activity/stocks/pton,NASDAQ
PTOR,Praetorian Acquisition Corp. Class A Ordinary Shares,$9.995,0.005,0.05%,1985,0.00,United States,2026,Blank Checks,Finance,/market-activity/stocks/ptor,NASDAQ
PTORU,Praetorian Acquisition Corp. Units,$10.15,-0.08,-0.782%,651,0.00,United States,2026,,,/market-activity/stocks/ptoru,NASDAQ
PTORW,Praetorian Acquisition Corp. Warrant,$0.385,0.0157,4.251%,10790,0.00,United States,2026,Blank Checks,Finance,/market-activity/stocks/ptorw,NASDAQ
PTRN,Pattern Group Inc. Series A Common Stock,$20.73,-0.44,-2.078%,1339368,3677483115.00,United States,2025,Catalog/Specialty Distribution,Consumer Discretionary,/market-activity/stocks/ptrn,NASDAQ
PUBM,PubMatic Inc. Class A Common Stock,$16.63,-0.19,-1.13%,473862,757497514.00,United States,2020,Computer Software: Programming Data Processing,Technology,/market-activity/stocks/pubm,NASDAQ
PULM,Pulmatrix Inc. Common Stock,$1.47,-0.04,-2.649%,2569,5368859.00,United States,2014,Biotechnology: Pharmaceutical Preparations,Health Care,/market-activity/stocks/pulm,NASDAQ
PURR,Hyperliquid Strategies Inc Common Stock,$12.25,0.64,5.512%,40454123,2423510563.00,United States,,Finance: Consumer Services,Finance,/market-activity/stocks/purr,NASDAQ
PUSA,Aureus Greenway Holdings Inc. Common Stock,$3.93,0.15,3.968%,741456,105888277.00,United States,2025,Hotels/Resorts,Consumer Discretionary,/market-activity/stocks/pusa,NASDAQ
PVLA,Palvella Therapeutics Inc. Common Stock,$152.59,2.62,1.747%,245779,2198578824.00,United States,,Biotechnology: Pharmaceutical Preparations,Health Care,/market-activity/stocks/pvla,NASDAQ
PWCM,PowerCompute Inc. Common Stock,$1.14,0.00,0.00%,170330,2045314.00,United States,2015,Finance: Consumer Services,Finance,/market-activity/stocks/pwcm,NASDAQ
PWP,Perella Weinberg Partners Class A Common Stock,$16.63,-0.35,-2.061%,923738,1563856630.00,United States,2020,Finance: Consumer Services,Finance,/market-activity/stocks/pwp,NASDAQ
PWRL,Powerlaw Corp. Common Stock,$10.50,0.22,2.14%,238230,0.00,United States,,,,/market-activity/stocks/pwrl,NASDAQ
PXLW,Pixelworks Inc.  Common Stock,$6.87,-0.06,-0.866%,25965,41559330.00,United States,2000,Computer Software: Prepackaged Software,Technology,/market-activity/stocks/pxlw,NASDAQ
PXS,Pyxis Tankers Inc. Common Stock,$5.36,0.00,0.00%,687670,55074745.00,Greece,,Marine Transportation,Consumer Discretionary,/market-activity/stocks/pxs,NASDAQ
PYPD,PolyPid Ltd. Ordinary Shares,$5.14,0.07,1.381%,55649,104402477.00,Israel,2020,Medical/Dental Instruments,Health Care,/market-activity/stocks/pypd,NASDAQ
PYPL,PayPal Holdings Inc. Common Stock,$52.665,-0.995,-1.854%,19870201,45052846929.00,United States,,Diversified Commercial Services,Industrials,/market-activity/stocks/pypl,NASDAQ
PYXS,Pyxis Oncology Inc. Common Stock,$3.24,0.01,0.31%,469482,270242082.00,United States,2021,Biotechnology: Pharmaceutical Preparations,Health Care,/market-activity/stocks/pyxs,NASDAQ
PZZA,Papa John's International Inc. Common Stock,$23.48,-0.24,-1.012%,998721,773001211.00,United States,1993,Restaurants,Consumer Discretionary,/market-activity/stocks/pzza,NASDAQ
QADR,QDRO Acquisition Corp. Class A Ordinary Shares,$9.98,0.00,0.00%,42144,0.00,United States,2026,Blank Checks,Finance,/market-activity/stocks/qadr,NASDAQ
QBTS,D-Wave Quantum Inc. Common Stock,$17.20,0.21,1.236%,11558870,6351337996.00,United States,,EDP Services,Technology,/market-activity/stocks/qbts,NASDAQ
QCLS,Q/C Technologies Inc. Common Stock,$2.32,-0.03,-1.277%,186947,19000424.00,United States,2014,Biotechnology: In Vitro & In Vivo Diagnostic Substances,Health Care,/market-activity/stocks/qcls,NASDAQ
QCOM,QUALCOMM Incorporated Common Stock,$170.48,6.29,3.831%,12734568,179043878852.00,United States,1991,Radio And Television Broadcasting And Communications Equipment,Technology,/market-activity/stocks/qcom,NASDAQ
QCRH,QCR Holdings Inc. Common Stock,$99.47,-1.16,-1.153%,139820,1628882325.00,United States,,Major Banks,Finance,/market-activity/stocks/qcrh,NASDAQ
QDEL,QuidelOrtho Corporation Common Stock,$14.43,-0.31,-2.103%,948545,989543412.00,United States,,Biotechnology: In Vitro & In Vivo Diagnostic Substances,Health Care,/market-activity/stocks/qdel,NASDAQ
QETA,Quetta Acquisition Corporation Common Stock,$11.74,0.00,0.00%,718,0.00,United States,2023,Blank Checks,Finance,/market-activity/stocks/qeta,NASDAQ
QETAR,Quetta Acquisition Corporation Right,$0.5601,0.0098,1.781%,306,0.00,United States,2023,Blank Checks,Finance,/market-activity/stocks/qetar,NASDAQ
QFIN,Qfin Holdings Inc. American Depositary Shares,$8.66,-0.14,-1.591%,2966021,1054371315.00,China,2018,Finance: Consumer Services,Finance,/market-activity/stocks/qfin,NASDAQ
QH,Quhuo Limited Class A Ordinary Shares,$4.17,-0.24,-5.442%,2830,11471224.00,China,2020,Business Services,Consumer Discretionary,/market-activity/stocks/qh,NASDAQ
QLYS,Qualys Inc. Common Stock,$186.14,-0.91,-0.487%,661258,6439513486.00,United States,2012,Computer Software: Prepackaged Software,Technology,/market-activity/stocks/qlys,NASDAQ
QMCO,Quantum Corporation Common Stock,$24.33,2.07,9.299%,1203908,958845324.00,United States,,Electronic Components,Technology,/market-activity/stocks/qmco,NASDAQ
QMLS,QumulusAI Inc. Common Stock,$5.87,-0.24,-3.928%,221053,196401483.00,United States,,EDP Services,Technology,/market-activity/stocks/qmls,NASDAQ
QNBC,QNB Corp. Common Stock,$45.10,-0.075,-0.166%,9036,272791364.00,United States,,Major Banks,Finance,/market-activity/stocks/qnbc,NASDAQ
QNCX,Quince Therapeutics Inc. Common Stock,$32.57,-1.18,-3.496%,34187,33125742.00,United States,2019,Biotechnology: Biological Products (No Diagnostic Substances),Health Care,/market-activity/stocks/qncx,NASDAQ
QNME,Quanome Technologies Inc. Common Stock,$0.338,-0.016,-4.52%,652245,11636515.00,United States,2024,Integrated Freight & Logistics,Industrials,/market-activity/stocks/qnme,NASDAQ
QNRX,Quoin Pharmaceuticals Ltd. American Depositary Shares,$6.22,0.10,1.634%,566546,12492354.00,Israel,2016,Biotechnology: Pharmaceutical Preparations,Health Care,/market-activity/stocks/qnrx,NASDAQ
QNST,QuinStreet Inc. Common Stock,$19.44,0.26,1.356%,1454694,1109759791.00,United States,2010,Business Services,Consumer Discretionary,/market-activity/stocks/qnst,NASDAQ
QNT,Quantinuum Inc. Class A Common Stock,$50.10,0.18,0.361%,1168777,13191737914.00,United States,2026,EDP Services,Technology,/market-activity/stocks/qnt,NASDAQ
QNTM,Quantum Biopharma Ltd. Class B Subordinate Voting Shares,$3.17,0.095,3.089%,81520,25637442.00,Canada,,Biotechnology: Pharmaceutical Preparations,Health Care,/market-activity/stocks/qntm,NASDAQ
QQQX,Nuveen NASDAQ 100 Dynamic Overwrite Fund Shares of Beneficial Interest,$30.91,0.04,0.13%,91226,0.00,United States,,Finance Companies,Finance,/market-activity/stocks/qqqx,NASDAQ
QRHC,Quest Resource Holding Corporation Common Stock,$1.40,-0.02,-1.408%,8804,29529998.00,United States,,Environmental Services,Utilities,/market-activity/stocks/qrhc,NASDAQ
QRVO,Qorvo Inc. Common Stock,$96.08,1.35,1.425%,1928899,8476334499.00,United States,,Semiconductors,Technology,/market-activity/stocks/qrvo,NASDAQ
QS,QuantumScape Corporation Class A Common Stock,$5.59,-0.02,-0.357%,16666076,3460844504.00,United States,,Industrial Machinery/Components,Miscellaneous,/market-activity/stocks/qs,NASDAQ
QSEA,Quartzsea Acquisition Corporation Ordinary Shares,$10.61,0.00,0.00%,13,0.00,United States,2025,Blank Checks,Finance,/market-activity/stocks/qsea,NASDAQ
QSEAR,Quartzsea Acquisition Corporation Rights,$0.252,0.0108,4.478%,268,0.00,United States,2025,Blank Checks,Finance,/market-activity/stocks/qsear,NASDAQ
QSI,Quantum-Si Incorporated Class A Common Stock,$0.7659,-0.0141,-1.808%,1133263,167643188.00,United States,2020,Industrial Machinery/Components,Industrials,/market-activity/stocks/qsi,NASDAQ
QTEX,QTREX Quantum Ltd. Ordinary Shares,$0.8273,-0.0067,-0.803%,1113722,46298963.00,Israel,2021,Medical/Dental Instruments,Health Care,/market-activity/stocks/qtex,NASDAQ
QTI,QT Imaging Holdings Inc. Common Stock,$2.93,-0.16,-5.178%,74527,42885015.00,United States,,Biotechnology: Electromedical & Electrotherapeutic Apparatus,Health Care,/market-activity/stocks/qti,NASDAQ
QTRX,Quanterix Corporation Common Stock,$2.67,0.03,1.136%,401300,126272484.00,United States,2017,Biotechnology: Laboratory Analytical Instruments,Industrials,/market-activity/stocks/qtrx,NASDAQ
QTTB,Q32 Bio Inc. Common Stock,$14.87,-0.16,-1.065%,349879,442671959.00,United States,2018,Biotechnology: Pharmaceutical Preparations,Health Care,/market-activity/stocks/qttb,NASDAQ
QUBT,Quantum Computing Inc. Common Stock,$8.23,0.08,0.982%,4539444,1862834666.00,United States,,Computer Software: Prepackaged Software,Technology,/market-activity/stocks/qubt,NASDAQ
QUCY,Quantum Cyber N.V. Ordinary Shares,$1.57,0.15,10.563%,1305881,131987061.00,Germany,2021,Biotechnology: Pharmaceutical Preparations,Health Care,/market-activity/stocks/qucy,NASDAQ
QUIK,QuickLogic Corporation Common Stock,$10.73,-0.08,-0.74%,225809,196549361.00,United States,1999,Semiconductors,Technology,/market-activity/stocks/quik,NASDAQ
QUMS,Quantumsphere Acquisition Corp. Ordinary Shares,$10.33,0.00,0.00%,83,0.00,United States,2025,,,/market-activity/stocks/qums,NASDAQ
QURE,uniQure N.V. Ordinary Shares,$48.68,-0.04,-0.082%,1643053,3376756936.00,Netherlands,2014,Biotechnology: Pharmaceutical Preparations,Health Care,/market-activity/stocks/qure,NASDAQ
QVCG,QVC Group Inc. Common Stock,$17.59,0.81,4.827%,235751,142375254.00,United States,,Catalog/Specialty Distribution,Consumer Discretionary,/market-activity/stocks/qvcg,NASDAQ
QXL,Quantum X Labs Inc. Common Stock,$4.76,-0.02,-0.418%,12430,102662852.00,Israel,,Computer Software: Prepackaged Software,Technology,/market-activity/stocks/qxl,NASDAQ
RACC,Research Alliance Corporation III Class A Ordinary Shares,$20.75,-0.65,-3.037%,19810,0.00,United States,2026,Blank Checks,Finance,/market-activity/stocks/racc,NASDAQ
RACD,Research Alliance Corporation IV Class A Ordinary Shares,$12.70,0.70,5.833%,3689,0.00,United States,2026,,,/market-activity/stocks/racd,NASDAQ
RADX,Radiopharm Theranostics Limited American Depositary Shares,$2.28,-0.13,-5.394%,48729,32780349.00,Australia,,Biotechnology: Pharmaceutical Preparations,Health Care,/market-activity/stocks/radx,NASDAQ
RAIL,FreightCar America Inc. Common Stock,$6.89,-0.28,-3.905%,275099,225931919.00,United States,2005,Railroads,Industrials,/market-activity/stocks/rail,NASDAQ
RAIN,Rain Enhancement Technologies Holdco Inc. Class A Common Stock,$0.905,-0.08,-8.122%,38996,10592166.00,United States,,Industrial Machinery/Components,Technology,/market-activity/stocks/rain,NASDAQ
RAINW,Rain Enhancement Technologies Holdco Inc. Warrants,$0.1575,0.0063,4.167%,614,1843388.00,United States,,Industrial Machinery/Components,Technology,/market-activity/stocks/rainw,NASDAQ
RAND,Rand Capital Corporation Common Stock,$11.04,0.00,0.00%,571,32786747.00,United States,,Finance: Consumer Services,Finance,/market-activity/stocks/rand,NASDAQ
RANG,Range Capital Acquisition Corp. Ordinary Shares,$10.76,-0.03,-0.278%,4060,0.00,United States,2025,Blank Checks,Finance,/market-activity/stocks/rang,NASDAQ
RANGR,Range Capital Acquisition Corp. Rights,$0.27,0.00,0.00%,202,0.00,United States,2025,Blank Checks,Finance,/market-activity/stocks/rangr,NASDAQ
RANI,Rani Therapeutics Holdings Inc. Class A Common Stock,$0.8538,0.0138,1.643%,382598,119015723.00,United States,2021,Biotechnology: Pharmaceutical Preparations,Health Care,/market-activity/stocks/rani,NASDAQ
RAPP,Rapport Therapeutics Inc. Common Stock,$48.67,-0.10,-0.205%,221025,2335103180.00,United States,2024,Biotechnology: Pharmaceutical Preparations,Health Care,/market-activity/stocks/rapp,NASDAQ
RARE,Ultragenyx Pharmaceutical Inc. Common Stock,$25.21,-0.40,-1.562%,1934093,2485425488.00,United States,2014,Biotechnology: Pharmaceutical Preparations,Health Care,/market-activity/stocks/rare,NASDAQ
RAVE,Rave Restaurant Group Inc. Common Stock,$3.14,0.01,0.319%,15871,44624317.00,United States,,Food Distributors,Consumer Discretionary,/market-activity/stocks/rave,NASDAQ
RAY,Raytech Holding Limited Ordinary Shares,$2.70,-0.05,-1.818%,3235,15861806.00,Hong Kong,2024,Consumer Electronics/Appliances,Consumer Discretionary,/market-activity/stocks/ray,NASDAQ
RAYA,Erayak Power Solution Group Inc. Class A Ordinary Shares,$2.33,0.00,0.00%,3015,2457474.00,China,2022,Metal Fabrications,Consumer Discretionary,/market-activity/stocks/raya,NASDAQ
RBB,RBB Bancorp Common Stock,$25.95,-0.325,-1.237%,63537,438969266.00,United States,2017,Major Banks,Finance,/market-activity/stocks/rbb,NASDAQ
RBBN,Ribbon Communications Inc. Common Stock,$1.99,-0.04,-1.97%,551566,355858470.00,United States,,EDP Services,Technology,/market-activity/stocks/rbbn,NASDAQ
RBCAA,Republic Bancorp Inc. Class A Common Stock,$93.51,-1.39,-1.465%,70458,1835989460.00,United States,1998,Major Banks,Finance,/market-activity/stocks/rbcaa,NASDAQ
RBKB,Rhinebeck Bancorp Inc. Common Stock,$12.595,-0.005,-0.04%,127433,196934992.00,United States,2019,Banks,Finance,/market-activity/stocks/rbkb,NASDAQ
RBNE,Robin Energy Ltd. Common Stock,$2.60,-0.02,-0.763%,15174,3463972.00,Cyprus,,Marine Transportation,Consumer Discretionary,/market-activity/stocks/rbne,NASDAQ
RCAT,Red Cat Holdings Inc. Common Stock,$8.59,0.10,1.178%,6128393,1311816370.00,United States,,Computer Software: Prepackaged Software,Technology,/market-activity/stocks/rcat,NASDAQ
RCBC,River City Bank Common stock,$51.16,0.29,0.57%,41776,726456857.00,United States,,Major Banks,Finance,/market-activity/stocks/rcbc,NASDAQ
RCEL,Avita Medical Inc. Common Stock,$10.10,-0.25,-2.415%,182298,312361155.00,United States,,Medical/Dental Instruments,Health Care,/market-activity/stocks/rcel,NASDAQ
RCKT,Rocket Pharmaceuticals Inc. Common Stock,$3.72,-0.14,-3.627%,1601627,408361501.00,United States,2015,Biotechnology: Pharmaceutical Preparations,Health Care,/market-activity/stocks/rckt,NASDAQ
RCKTW,Rocket Pharmaceuticals Inc. Warrant,$0.0004,-0.0003,-42.857%,158230,43910.00,United States,,Biotechnology: Pharmaceutical Preparations,Health Care,/market-activity/stocks/rcktw,NASDAQ
RCKY,Rocky Brands Inc. Common Stock,$45.21,-0.44,-0.964%,30355,338709296.00,United States,1993,Shoe Manufacturing,Consumer Discretionary,/market-activity/stocks/rcky,NASDAQ
RCMT,RCM Technologies Inc. Common Stock,$41.60,-0.24,-0.574%,165428,295807574.00,United States,,Professional Services,Consumer Discretionary,/market-activity/stocks/rcmt,NASDAQ
RCON,Recon Technology Ltd. Class A Ordinary Shares,$1.54,-0.06,-3.75%,309312,32283365.00,China,2009,Oilfield Services/Equipment,Energy,/market-activity/stocks/rcon,NASDAQ
RCT,RedCloud Holdings plc Ordinary Shares,$0.212,-0.0035,-1.624%,181963,14496690.00,United Kingdom,2025,Computer Software: Programming Data Processing,Technology,/market-activity/stocks/rct,NASDAQ
RDAC,Rising Dragon Acquisition Corp. Ordinary Shares,$4.56,-0.225,-4.702%,21464,0.00,China,2024,,,/market-activity/stocks/rdac,NASDAQ
RDACR,Rising Dragon Acquisition Corp. Rights,$0.0705,0.00,0.00%,8,0.00,China,2024,Blank Checks,Finance,/market-activity/stocks/rdacr,NASDAQ
RDACU,Rising Dragon Acquisition Corp. Unit,$9.95,0.00,0.00%,7,0.00,China,2024,Blank Checks,Finance,/market-activity/stocks/rdacu,NASDAQ
RDAG,Republic Digital Acquisition Company Class A Ordinary Shares,$10.40,0.00,0.00%,14,0.00,United States,2025,Blank Checks,Finance,/market-activity/stocks/rdag,NASDAQ
RDAGU,Republic Digital Acquisition Company Unit,$10.51,0.00,0.00%,50,0.00,United States,2025,Blank Checks,Finance,/market-activity/stocks/rdagu,NASDAQ
RDAGW,Republic Digital Acquisition Company Warrants,$0.27,0.00,0.00%,505,0.00,United States,2025,Blank Checks,Finance,/market-activity/stocks/rdagw,NASDAQ
RDCM,Radcom Ltd. Ordinary Shares,$10.21,-0.01,-0.098%,58918,170409566.00,Israel,1997,Computer peripheral equipment,Technology,/market-activity/stocks/rdcm,NASDAQ
RDGT,Ridgetech Inc. Ordinary Shares,$0.9368,-0.0632,-6.32%,143672,3400153.00,China,,Retail-Drug Stores and Proprietary Stores,Consumer Staples,/market-activity/stocks/rdgt,NASDAQ
RDHL,Redhill Biopharma Ltd. American Depositary Shares,$0.90,0.239,36.157%,103507230,5472828.00,Israel,,Biotechnology: Pharmaceutical Preparations,Health Care,/market-activity/stocks/rdhl,NASDAQ
RDI,Reading International Inc Class A Common Stock,$2.13,0.12,5.97%,100625,48755971.00,United States,,Movies/Entertainment,Consumer Discretionary,/market-activity/stocks/rdi,NASDAQ
RDIB,Reading International Inc Class B Common Stock,$15.10,-3.21,-17.531%,41942,345640918.00,United States,,Movies/Entertainment,Consumer Discretionary,/market-activity/stocks/rdib,NASDAQ
RDNT,RadNet Inc. Common Stock,$75.82,1.21,1.622%,658116,5966826026.00,United States,,Medical Specialities,Health Care,/market-activity/stocks/rdnt,NASDAQ
RDNW,RideNow Group Inc. Class B Common Stock,$5.66,-0.01,-0.176%,136908,220802758.00,United States,,EDP Services,Technology,/market-activity/stocks/rdnw,NASDAQ
RDVT,Red Violet Inc. Common Stock ,$73.16,-0.14,-0.191%,383281,1173996691.00,United States,,Computer Software: Prepackaged Software,Technology,/market-activity/stocks/rdvt,NASDAQ
RDWR,Radware Ltd. Ordinary Shares,$28.88,0.28,0.979%,218958,1221825294.00,Israel,1999,Business Services,Consumer Discretionary,/market-activity/stocks/rdwr,NASDAQ
RDZN,Roadzen Inc. Ordinary Shares,$1.41,-0.07,-4.73%,198150,120082739.00,United States,2022,Specialty Insurers,Finance,/market-activity/stocks/rdzn,NASDAQ
RDZNW,Roadzen Inc. Warrants,$0.10,-0.011,-9.91%,7707,8516506.00,United States,2022,Specialty Insurers,Finance,/market-activity/stocks/rdznw,NASDAQ
REAL,The RealReal Inc. Common Stock,$10.24,-0.69,-6.313%,2886474,1245912218.00,United States,2019,Other Specialty Stores,Consumer Discretionary,/market-activity/stocks/real,NASDAQ
REAX,Real REMAX Group Inc. Common Stock,$18.98,-2.11,-10.005%,1720385,416041600.00,Canada,,Real Estate,Finance,/market-activity/stocks/reax,NASDAQ
REBN,Reborn Coffee Inc. Common Stock,$1.28,0.02,1.587%,13956,10513222.00,United States,2022,Restaurants,Consumer Discretionary,/market-activity/stocks/rebn,NASDAQ
RECT,Rectitude Holdings Ltd Ordinary Shares,$1.33,-0.02,-1.481%,6510,20592058.00,Singapore,2024,Industrial Machinery/Components,Consumer Discretionary,/market-activity/stocks/rect,NASDAQ
REFI,Chicago Atlantic Real Estate Finance Inc. Common Stock,$10.88,0.20,1.873%,124545,278758068.00,United States,2021,Real Estate Investment Trusts,Real Estate,/market-activity/stocks/refi,NASDAQ
REFR,Research Frontiers Incorporated Common Stock,$0.4671,0.005,1.082%,61459,16286743.00,United States,,Multi-Sector Companies,Miscellaneous,/market-activity/stocks/refr,NASDAQ
REG,Regency Centers Corporation Common Stock,$74.77,-0.75,-0.993%,1783938,13691923299.00,United States,1993,Real Estate Investment Trusts,Real Estate,/market-activity/stocks/reg,NASDAQ
REGCO,Regency Centers Corporation 5.875% Series B Cumulative Redeemable Preferred Stock,$22.08,-0.3201,-1.429%,356,4043301678.00,United States,,Real Estate Investment Trusts,Real Estate,/market-activity/stocks/regco,NASDAQ
REGCP,Regency Centers Corporation 6.25% Series A Cumulative Redeemable Preferred Stock,$23.42,0.00,0.00%,626,4288683211.00,United States,,Real Estate Investment Trusts,Real Estate,/market-activity/stocks/regcp,NASDAQ
REGN,Regeneron Pharmaceuticals Inc. Common Stock,$799.08,4.89,0.616%,894131,82269271811.00,United States,1991,Biotechnology: Pharmaceutical Preparations,Health Care,/market-activity/stocks/regn,NASDAQ
REKR,Rekor Systems Inc. Common Stock,$0.5544,0.0061,1.113%,1345069,76305673.00,United States,,Telecommunications Equipment,Telecommunications,/market-activity/stocks/rekr,NASDAQ
RELL,Richardson Electronics Ltd. Common Stock,$17.32,-0.39,-2.202%,176372,257448256.00,United States,1983,Electronic Components,Technology,/market-activity/stocks/rell,NASDAQ
RELY,Remitly Global Inc. Common Stock,$26.74,0.19,0.716%,2821314,5660431604.00,United States,2021,Business Services,Consumer Discretionary,/market-activity/stocks/rely,NASDAQ
RENT,Rent the Runway Inc. Class A Common Stock,$3.56,-0.03,-0.836%,29664,119567687.00,United States,2021,Other Specialty Stores,Consumer Discretionary,/market-activity/stocks/rent,NASDAQ
RENX,RenX Enterprises Corp. Common Stock,$1.98,-0.025,-1.247%,117588,5239494.00,United States,,Environmental Services,Utilities,/market-activity/stocks/renx,NASDAQ
REPL,Replimune Group Inc. Common Stock,$15.30,-0.20,-1.29%,1700672,1441560400.00,United States,2018,Biotechnology: Biological Products (No Diagnostic Substances),Health Care,/market-activity/stocks/repl,NASDAQ
RETO,ReTo Eco-Solutions Inc. Class A Shares,$1.34,0.05,3.876%,191664,48036734.00,China,2017,Industrial Machinery/Components,Industrials,/market-activity/stocks/reto,NASDAQ
REVB,Revelation Biosciences Inc. Common Stock,$1.00,-0.05,-4.762%,12871,3983416.00,United States,2020,Biotechnology: Pharmaceutical Preparations,Health Care,/market-activity/stocks/revb,NASDAQ
REVBW,Revelation Biosciences Inc. Warrant,$0.0099,0.00,0.00%,75,39436.00,United States,2020,Biotechnology: Pharmaceutical Preparations,Health Care,/market-activity/stocks/revbw,NASDAQ
REYN,Reynolds Consumer Products Inc. Common Stock,$23.15,-0.90,-3.742%,1579493,4879811233.00,United States,2020,Containers/Packaging,Consumer Discretionary,/market-activity/stocks/reyn,NASDAQ
RFAI,RF Acquisition Corp II Ordinary Shares,$43.01,-9.04,-17.368%,28989,0.00,Singapore,2024,,,/market-activity/stocks/rfai,NASDAQ
RFAIR,RF Acquisition Corp II Right,$0.1497,-0.0002,-0.133%,113684,0.00,Singapore,2024,Computer Software: Prepackaged Software,Technology,/market-activity/stocks/rfair,NASDAQ
RFAIU,RF Acquisition Corp II Unit,$47.01,0.00,0.00%,260,0.00,Singapore,2024,Computer Software: Prepackaged Software,Technology,/market-activity/stocks/rfaiu,NASDAQ
RFAM,RF Acquisition Corp III Ordinary Shares,$9.96,-0.03,-0.30%,17300,0.00,Singapore,2026,,,/market-activity/stocks/rfam,NASDAQ
RFIL,RF Industries Ltd. Common Stock,$10.54,0.14,1.346%,97735,114372333.00,United States,,Electrical Products,Technology,/market-activity/stocks/rfil,NASDAQ
RGC,Regencell Bioscience Holdings Limited Ordinary Shares,$5.51,0.01,0.182%,39673,2724633883.00,Hong Kong,2021, Medicinal Chemicals and Botanical Products ,Health Care,/market-activity/stocks/rgc,NASDAQ
RGCO,RGC Resources Inc. Common Stock,$21.41,-0.25,-1.154%,10620,223082694.00,United States,,Oil & Gas Production,Utilities,/market-activity/stocks/rgco,NASDAQ
RGEN,Repligen Corporation Common Stock,$180.98,4.71,2.672%,790965,10213718689.00,United States,1986,Biotechnology: Biological Products (No Diagnostic Substances),Health Care,/market-activity/stocks/rgen,NASDAQ
RGLD,Royal Gold Inc. Common Stock,$261.47,-1.38,-0.525%,683606,22153792770.00,United States,,Precious Metals,Industrials,/market-activity/stocks/rgld,NASDAQ
RGNX,REGENXBIO Inc. Common Stock,$9.50,-0.16,-1.656%,1611497,627125324.00,United States,2015,Biotechnology: Biological Products (No Diagnostic Substances),Health Care,/market-activity/stocks/rgnx,NASDAQ
RGP,Resources Connection Inc. Common Stock,$4.19,-0.06,-1.412%,263935,144318793.00,United States,,Business Services,Consumer Discretionary,/market-activity/stocks/rgp,NASDAQ
RGS,Regis Corporation Common Stock,$27.30,0.175,0.645%,2931,68216639.00,United States,1991,Other Consumer Services,Consumer Discretionary,/market-activity/stocks/rgs,NASDAQ
RGTI,Rigetti Computing Inc. Common Stock,$15.66,0.07,0.449%,9794751,5226818578.00,United States,,EDP Services,Technology,/market-activity/stocks/rgti,NASDAQ
RGTIW,Rigetti Computing Inc. Warrants,$6.579,0.164,2.557%,29943,2195864587.00,United States,,EDP Services,Technology,/market-activity/stocks/rgtiw,NASDAQ
RIBB,Ribbon Acquisition Corp Class A Ordinary Shares,$10.86,0.00,0.00%,6,0.00,Japan,2025,,,/market-activity/stocks/ribb,NASDAQ
RIBBR,Ribbon Acquisition Corp Rights,$0.2736,0.0336,14.00%,3349,0.00,Japan,2025,,,/market-activity/stocks/ribbr,NASDAQ
RIBBU,Ribbon Acquisition Corp Unit,$11.00,0.00,0.00%,21,0.00,Japan,2025,,,/market-activity/stocks/ribbu,NASDAQ
RICK,RCI Hospitality Holdings Inc. Common Stock,$29.13,-1.05,-3.479%,54250,222684285.00,United States,1995,Restaurants,Consumer Discretionary,/market-activity/stocks/rick,NASDAQ
RIGL,Rigel Pharmaceuticals Inc. Common Stock,$46.18,-0.30,-0.645%,243010,862636120.00,United States,2000,Biotechnology: Pharmaceutical Preparations,Health Care,/market-activity/stocks/rigl,NASDAQ
RILY,BRC Group Holdings Inc. Common Stock,$6.92,-0.13,-1.844%,497091,278182305.00,United States,,Investment Managers,Finance,/market-activity/stocks/rily,NASDAQ
RILYG,BRC Group Holdings Inc. 5.00% Senior Notes due 2026,$24.84,0.16,0.648%,14869,757547119.00,United States,,Investment Managers,Finance,/market-activity/stocks/rilyg,NASDAQ
RILYL,BRC Group Holdings Inc. Depositary Shares each representing 1/1000th in a share of 7.375% Series B Cumulative Perpetual Preferred Stock par value $0.0001,$13.47,-0.055,-0.407%,12913,541490700.00,United States,,Investment Managers,Finance,/market-activity/stocks/rilyl,NASDAQ
RILYN,BRC Group Holdings Inc. 6.50% Senior Notes Due 2026,$25.15,0.00,0.00%,36066,767001210.00,United States,,Investment Managers,Finance,/market-activity/stocks/rilyn,NASDAQ
RILYP,BRC Group Holdings Inc. Depositary Shares each representing a 1/1000th fractional interest in a share of Series A Cumulative Perpetual Preferred Stock,$12.745,-0.2549,-1.961%,7975,512345877.00,United States,,Investment Managers,Finance,/market-activity/stocks/rilyp,NASDAQ
RILYT,BRC Group Holdings Inc. 6.00% Senior Notes Due 2028,$21.75,-0.04,-0.184%,29580,663311186.00,United States,,Investment Managers,Finance,/market-activity/stocks/rilyt,NASDAQ
RILYZ,BRC Group Holdings Inc. 5.25% Senior Notes due 2028,$20.66,0.0601,0.292%,20820,630069384.00,United States,,Investment Managers,Finance,/market-activity/stocks/rilyz,NASDAQ
RIME,Algorhythm Holdings Inc. Common Stock,$0.2661,0.0053,2.032%,515471,4521075.00,United States,,EDP Services,Technology,/market-activity/stocks/rime,NASDAQ
RIOT,Riot Platforms Inc. Common Stock ,$18.995,0.005,0.026%,10999785,7128043470.00,United States,,Finance: Consumer Services,Finance,/market-activity/stocks/riot,NASDAQ
RITR,Reitar Logtech Holdings Limited Ordinary shares,$0.092,0.0043,4.903%,21508705,5744825.00,Hong Kong,2024,Real Estate,Finance,/market-activity/stocks/ritr,NASDAQ
RIVN,Rivian Automotive Inc. Class A Common Stock,$16.06,-0.01,-0.062%,23293969,23252641718.00,United States,2021,Auto Manufacturing,Industrials,/market-activity/stocks/rivn,NASDAQ
RJET,Republic Airways Holdings Inc. Common Stock,$17.41,-0.99,-5.38%,88199,815127495.00,United States,2018,Air Freight/Delivery Services,Consumer Discretionary,/market-activity/stocks/rjet,NASDAQ
RKDA,Arcadia Biosciences Inc. Common Stock,$0.5191,-0.0109,-2.057%,63696,1250621.00,United States,2015,Oil & Gas Production,Energy,/market-activity/stocks/rkda,NASDAQ
RKLB,Rocket Lab Corporation Common Stock,$63.92,-0.47,-0.73%,15249917,38253546517.00,United States,2020,Military/Government/Technical,Industrials,/market-activity/stocks/rklb,NASDAQ
RKTO,Rocket One Inc. Common Stock,$0.6875,-0.0224,-3.155%,177297,17117087.00,United States,2019,Biotechnology: Pharmaceutical Preparations,Health Care,/market-activity/stocks/rkto,NASDAQ
RLAY,Relay Therapeutics Inc. Common Stock,$18.38,-0.39,-2.078%,3784689,4027823178.00,United States,2020,Biotechnology: Biological Products (No Diagnostic Substances),Health Care,/market-activity/stocks/rlay,NASDAQ
RLMD,Relmada Therapeutics Inc. Common Stock,$4.36,0.03,0.693%,628254,465080529.00,United States,,Biotechnology: Pharmaceutical Preparations,Health Care,/market-activity/stocks/rlmd,NASDAQ
RLYB,Rallybio Corporation Common Stock,$16.79,-0.02,-0.119%,14156,89163278.00,United States,2021,Biotechnology: Pharmaceutical Preparations,Health Care,/market-activity/stocks/rlyb,NASDAQ
RMBI,Richmond Mutual Bancorporation Inc. Common Stock,$15.79,-0.11,-0.692%,77673,264625336.00,United States,2019,Major Banks,Finance,/market-activity/stocks/rmbi,NASDAQ
RMBS,Rambus Inc. Common Stock,$86.69,0.93,1.084%,2484361,9402536364.00,United States,1997,Semiconductors,Technology,/market-activity/stocks/rmbs,NASDAQ
RMCF,Rocky Mountain Chocolate Factory Inc. Common Stock,$1.09,-0.03,-2.679%,65486,10289150.00,United States,,Specialty Foods,Consumer Staples,/market-activity/stocks/rmcf,NASDAQ
RMCO,Royalty Management Holding Corporation Class A Common Stock,$2.96,0.04,1.37%,20823,44911216.00,United States,2023,Multi-Sector Companies,Miscellaneous,/market-activity/stocks/rmco,NASDAQ
RMCOW,Royalty Management Holding Corporation Warrant,$0.20,0.00,0.00%,425,3034542.00,United States,2023,Multi-Sector Companies,Miscellaneous,/market-activity/stocks/rmcow,NASDAQ
RMIX,Suncrete Inc. Class A Common Stock,$17.15,-0.35,-2.00%,740585,1260282053.00,United States,,Building Materials,Industrials,/market-activity/stocks/rmix,NASDAQ
RMNI,Rimini Street Inc. (DE) Common Stock,$5.61,-0.04,-0.708%,602104,523727160.00,United States,2015,Business Services,Consumer Discretionary,/market-activity/stocks/rmni,NASDAQ
RMR,The RMR Group Inc. Class A Common Stock,$19.32,-0.14,-0.719%,103273,619789966.00,United States,,Professional Services,Consumer Discretionary,/market-activity/stocks/rmr,NASDAQ
RMSG,Real Messenger Corporation Ordinary Shares,$0.3581,-0.0009,-0.251%,92111,5790001.00,United States,,Computer Software: Programming Data Processing,Technology,/market-activity/stocks/rmsg,NASDAQ
RMSGW,Real Messenger Corporation Warrants,$0.0342,0.0013,3.951%,19273,552969.00,United States,,Computer Software: Programming Data Processing,Technology,/market-activity/stocks/rmsgw,NASDAQ
RMTI,Rockwell Medical Inc. Common Stock,$8.31,0.14,1.714%,48762,33493164.00,United States,1998,Biotechnology: Pharmaceutical Preparations,Health Care,/market-activity/stocks/rmti,NASDAQ
RNA,Atrium Therapeutics Inc. Common Stock,$13.32,-0.32,-2.346%,97058,227847165.00,United States,,Biotechnology: Pharmaceutical Preparations,Health Care,/market-activity/stocks/rna,NASDAQ
RNAC,Cartesian Therapeutics Inc. Common Stock,$9.28,-0.32,-3.333%,90795,280769667.00,United States,2016,Biotechnology: Pharmaceutical Preparations,Health Care,/market-activity/stocks/rnac,NASDAQ
RNAQU,Rainier Acquisition Corporation Units,$10.18,0.005,0.049%,24901,0.00,United States,2026,,,/market-activity/stocks/rnaqu,NASDAQ
RNAZ,TransCode Therapeutics Inc. Common Stock,$2.10,-0.08,-3.67%,834814,35554552.00,United States,2021,Biotechnology: Pharmaceutical Preparations,Health Care,/market-activity/stocks/rnaz,NASDAQ
RNGT,Range Capital Acquisition Corp II Class A Ordinary Shares,$10.18,0.04,0.394%,1103,0.00,United States,2025,Blank Checks,Finance,/market-activity/stocks/rngt,NASDAQ
RNGTU,Range Capital Acquisition Corp II Units,$10.29,0.00,0.00%,23,0.00,United States,2025,Blank Checks,Finance,/market-activity/stocks/rngtu,NASDAQ
RNTX,Rein Therapeutics Inc. Common Stock,$0.7499,-0.0122,-1.601%,546085,64691647.00,United States,2017,Biotechnology: Pharmaceutical Preparations,Health Care,/market-activity/stocks/rntx,NASDAQ
RNW,ReNew Energy Global plc Class A Ordinary Shares,$6.80,-0.02,-0.293%,3093599,2477938278.00,United Kingdom,,Electric Utilities: Central,Utilities,/market-activity/stocks/rnw,NASDAQ
RNXT,RenovoRx Inc. Common Stock,$1.93,0.26,15.569%,3274871,87099950.00,United States,2021,Biotechnology: Pharmaceutical Preparations,Health Care,/market-activity/stocks/rnxt,NASDAQ
ROAD,Construction Partners Inc. Class A Common Stock,$106.20,-3.90,-3.542%,653408,6093177741.00,United States,2018,Military/Government/Technical,Industrials,/market-activity/stocks/road,NASDAQ
ROC,Rank One Computing Corporation Common stock,$4.17,-0.13,-3.023%,9194,79564130.00,United States,2026,Computer Software: Prepackaged Software,Technology,/market-activity/stocks/roc,NASDAQ
ROCK,Gibraltar Industries Inc. Common Stock,$44.99,-0.28,-0.619%,234852,1335478166.00,United States,1993,Steel/Iron Ore,Industrials,/market-activity/stocks/rock,NASDAQ
ROIV,Roivant Sciences Ltd. Common Shares,$34.64,-0.07,-0.202%,39466592,25021269240.00,United Kingdom,,Biotechnology: Pharmaceutical Preparations,Health Care,/market-activity/stocks/roiv,NASDAQ
ROKU,Roku Inc. Class A Common Stock,$156.93,-0.745,-0.472%,2002858,23291388805.00,United States,2017,Cable & Other Pay Television Services,Telecommunications,/market-activity/stocks/roku,NASDAQ
ROMA,Roma Green Finance Limited Class A Ordinary Shares,$8.89,-0.2718,-2.967%,1652,529529036.00,Hong Kong,2024,Professional Services,Consumer Discretionary,/market-activity/stocks/roma,NASDAQ
ROOT,Root Inc. Class A Common Stock,$55.49,-0.94,-1.666%,188378,859720553.00,United States,2020,Property-Casualty Insurers,Finance,/market-activity/stocks/root,NASDAQ
ROP,Roper Technologies Inc. Common Stock,$424.64,-1.56,-0.366%,706791,41997267135.00,United States,1992,Industrial Machinery/Components,Industrials,/market-activity/stocks/rop,NASDAQ
ROST,Ross Stores Inc. Common Stock,$228.54,-0.01,-0.004%,2478330,73311307109.00,United States,1985,Clothing/Shoe/Accessory Stores,Consumer Discretionary,/market-activity/stocks/rost,NASDAQ
RPAY,Repay Holdings Corporation Class A Common Stock,$3.59,-0.15,-4.011%,636565,322599723.00,United States,2018,Business Services,Consumer Discretionary,/market-activity/stocks/rpay,NASDAQ
RPD,Rapid7 Inc. Common Stock,$13.46,0.17,1.279%,1377742,907212614.00,United States,2015,Computer Software: Prepackaged Software,Technology,/market-activity/stocks/rpd,NASDAQ
RPGL,Republic Power Group Limited Class A Ordinary Shares,$1.57,-0.09,-5.422%,63887,25352186.00,Singapore,2025,Computer Software: Prepackaged Software,Technology,/market-activity/stocks/rpgl,NASDAQ
RPID,Rapid Micro Biosystems Inc. Class A Common Stock,$1.52,-0.05,-3.185%,198820,76242525.00,United States,2021,Biotechnology: Laboratory Analytical Instruments,Industrials,/market-activity/stocks/rpid,NASDAQ
RPRX,Royalty Pharma plc Class A Ordinary Shares ,$61.41,0.56,0.92%,3894509,35310823938.00,United States,2020,Biotechnology: Pharmaceutical Preparations,Health Care,/market-activity/stocks/rprx,NASDAQ
RR,Richtech Robotics Inc. Class B Common Stock,$1.87,0.04,2.186%,9708208,420940633.00,United States,2023,Industrial Machinery/Components,Industrials,/market-activity/stocks/rr,NASDAQ
RRBI,Red River Bancshares Inc. Common Stock,$100.04,-0.73,-0.724%,58331,658673964.00,United States,2019,Major Banks,Finance,/market-activity/stocks/rrbi,NASDAQ
RREV,RRE Ventures Acquisition Corp. Class A Ordinary Shares,$9.92,0.00,0.00%,66,0.00,United States,2026,Blank Checks,Finance,/market-activity/stocks/rrev,NASDAQ
RREVU,RRE Ventures Acquisition Corp. Units,$10.10,0.01,0.099%,843,0.00,United States,2026,Blank Checks,Finance,/market-activity/stocks/rrevu,NASDAQ
RREVW,RRE Ventures Acquisition Corp. Warrants,$0.5046,-0.0155,-2.98%,4100,0.00,United States,2026,Blank Checks,Finance,/market-activity/stocks/rrevw,NASDAQ
RRGB,Red Robin Gourmet Burgers Inc. Common Stock,$9.13,-0.18,-1.933%,227530,172591256.00,United States,2002,Restaurants,Consumer Discretionary,/market-activity/stocks/rrgb,NASDAQ
RRR,Red Rock Resorts Inc. Class A Common Stock,$56.16,-0.81,-1.422%,1082294,5897709174.00,United States,2016,Hotels/Resorts,Consumer Discretionary,/market-activity/stocks/rrr,NASDAQ
RSSS,Research Solutions Inc Common Stock,$2.25,0.03,1.351%,7437,74037321.00,United States,,EDP Services,Technology,/market-activity/stocks/rsss,NASDAQ
RSVR,Reservoir Media Inc. Common Stock,$9.66,0.00,0.00%,32689,636890977.00,United States,2021,Services-Misc. Amusement & Recreation,Consumer Discretionary,/market-activity/stocks/rsvr,NASDAQ
RTAC,Renatus Tactical Acquisition Corp I Class A Ordinary Shares,$10.48,0.03,0.287%,30903,0.00,United States,2025,Blank Checks,Finance,/market-activity/stocks/rtac,NASDAQ
RTACU,Renatus Tactical Acquisition Corp I Unit,$10.75,0.005,0.047%,8419,0.00,United States,2025,Blank Checks,Finance,/market-activity/stocks/rtacu,NASDAQ
RTACW,Renatus Tactical Acquisition Corp I Warrant,$0.66,0.01,1.538%,1583,0.00,United States,2025,Blank Checks,Finance,/market-activity/stocks/rtacw,NASDAQ
RTB,RTB Digital Inc. Common Stock,$13.47,0.48,3.695%,38580,188690575.00,United States,,Professional Services,Consumer Discretionary,/market-activity/stocks/rtb,NASDAQ
RUBI,Rubico Inc. Common Stock,$1.80,0.09,5.263%,131172,3224531.00,Greece,,Marine Transportation,Consumer Discretionary,/market-activity/stocks/rubi,NASDAQ
RUM,RUM Group Inc. Class A Common Stock,$8.96,-0.02,-0.223%,4173297,4442459338.00,United States,2021,Computer Software: Programming Data Processing,Technology,/market-activity/stocks/rum,NASDAQ
RUMBW,RUM Group Inc. Warrant,$2.18,-0.01,-0.457%,6885,1080866223.00,United States,2021,Computer Software: Programming Data Processing,Technology,/market-activity/stocks/rumbw,NASDAQ
RUN,Sunrun Inc. Common Stock,$8.57,-0.21,-2.392%,6339593,2064058636.00,United States,2015,Industrial Machinery/Components,Miscellaneous,/market-activity/stocks/run,NASDAQ
RUSHA,Rush Enterprises Inc. Common Stock Cl A,$76.83,0.56,0.734%,306926,5978931882.00,United States,,Retail-Auto Dealers and Gas Stations,Consumer Discretionary,/market-activity/stocks/rusha,NASDAQ
RUSHB,Rush Enterprises Inc. Class B,$77.74,0.84,1.092%,48723,6049748334.00,United States,,Retail-Auto Dealers and Gas Stations,Consumer Discretionary,/market-activity/stocks/rushb,NASDAQ
RVMD,Revolution Medicines Inc. Common Stock,$205.57,-2.31,-1.111%,2268763,44061137448.00,United States,2020,Biotechnology: Biological Products (No Diagnostic Substances),Health Care,/market-activity/stocks/rvmd,NASDAQ
RVMDW,Revolution Medicines Inc. Warrant,$11.46,-0.18,-1.546%,21272,2456295350.00,United States,,Biotechnology: Biological Products (No Diagnostic Substances),Health Care,/market-activity/stocks/rvmdw,NASDAQ
RVSB,Riverview Bancorp Inc Common Stock,$5.20,0.04,0.775%,29463,103756567.00,United States,,Savings Institutions,Finance,/market-activity/stocks/rvsb,NASDAQ
RVSN,Rail Vision Ltd. Ordinary Share,$4.56,0.15,3.401%,7110,9996368.00,Israel,2022,Railroads,Industrials,/market-activity/stocks/rvsn,NASDAQ
RVSNW,Rail Vision Ltd. Warrant,$0.0123,0.00,0.00%,2,26964.00,Israel,2022,Railroads,Industrials,/market-activity/stocks/rvsnw,NASDAQ
RWAY,Runway Growth Finance Corp. Common Stock,$6.68,0.09,1.366%,696440,279958159.00,United States,2021,Finance: Consumer Services,Finance,/market-activity/stocks/rway,NASDAQ
RWAYI,Runway Growth Finance Corp. 7.25% Notes due 2031,$24.86,0.07,0.282%,5824,0.00,United States,,Finance: Consumer Services,Finance,/market-activity/stocks/rwayi,NASDAQ
RWAYL,Runway Growth Finance Corp. 7.50% Notes due 2027,$25.09,0.0149,0.059%,5970,908675297.00,United States,,Finance: Consumer Services,Finance,/market-activity/stocks/rwayl,NASDAQ
RXRX,Recursion Pharmaceuticals Inc. Class A Common Stock,$3.40,0.06,1.796%,13904351,1820163378.00,United States,2021,Biotechnology: Biological Products (No Diagnostic Substances),Health Care,/market-activity/stocks/rxrx,NASDAQ
RXST,RxSight Inc. Common Stock,$7.33,0.28,3.972%,1289526,304878566.00,United States,2021,Ophthalmic Goods,Health Care,/market-activity/stocks/rxst,NASDAQ
RXT,Rackspace Technology Inc. Common Stock,$3.13,-0.02,-0.635%,5818893,797752021.00,United States,2020,Computer Software: Programming Data Processing,Technology,/market-activity/stocks/rxt,NASDAQ
RYAAY,Ryanair Holdings plc American Depositary Shares,$55.37,-0.76,-1.354%,552861,29137564897.00,Ireland,1997,Air Freight/Delivery Services,Consumer Discretionary,/market-activity/stocks/ryaay,NASDAQ
RYET,Ruanyun Edai Technology Inc. Ordinary shares,$0.8588,-0.0859,-9.093%,202894,32016067.00,China,2025,Computer Software: Prepackaged Software,Technology,/market-activity/stocks/ryet,NASDAQ
RYM,RYTHM Inc. Common Stock,$22.65,-0.50,-2.16%,5557,49830000.00,United States,2021,Farming/Seeds/Milling,Consumer Staples,/market-activity/stocks/rym,NASDAQ
RYOJ,rYojbaba Co. Ltd. Common Shares,$5.78,0.02,0.347%,25754,66759000.00,Japan,2025,Professional Services,Consumer Discretionary,/market-activity/stocks/ryoj,NASDAQ
RYTM,Rhythm Pharmaceuticals Inc. Common Stock,$106.13,-1.04,-0.97%,775189,7307271463.00,United States,2017,Biotechnology: Pharmaceutical Preparations,Health Care,/market-activity/stocks/rytm,NASDAQ
RZLT,Rezolute Inc. Common Stock (NV),$4.69,0.07,1.515%,749106,451611032.00,United States,,Biotechnology: Pharmaceutical Preparations,Health Care,/market-activity/stocks/rzlt,NASDAQ
RZLV,Rezolve AI PLC Ordinary Shares,$2.89,-0.08,-2.694%,33246729,1157132204.00,United Kingdom,,Computer Software: Programming Data Processing,Technology,/market-activity/stocks/rzlv,NASDAQ
RZLVW,Rezolve AI PLC Warrants,$0.8201,0.035,4.458%,62201,328361287.00,United Kingdom,,Computer Software: Programming Data Processing,Technology,/market-activity/stocks/rzlvw,NASDAQ
SAAQ,Space Asset Acquisition Corp. Class A Ordinary Shares,$10.11,-0.025,-0.247%,2726,0.00,United States,2026,Blank Checks,Finance,/market-activity/stocks/saaq,NASDAQ
SAAQU,Space Asset Acquisition Corp. Units,$10.38,-0.035,-0.336%,220,0.00,United States,2026,Blank Checks,Finance,/market-activity/stocks/saaqu,NASDAQ
SAAQW,Space Asset Acquisition Corp. Warrants,$0.80,-0.0007,-0.087%,1113,0.00,United States,2026,Blank Checks,Finance,/market-activity/stocks/saaqw,NASDAQ
SABR,Sabre Corporation Common Stock,$2.17,-0.03,-1.364%,2698718,875775574.00,United States,2014,Computer Software: Programming Data Processing,Technology,/market-activity/stocks/sabr,NASDAQ
SABS,SAB Biotherapeutics Inc. Common Stock,$3.71,-0.08,-2.111%,201154,337559425.00,United States,2021,Biotechnology: Biological Products (No Diagnostic Substances),Health Care,/market-activity/stocks/sabs,NASDAQ
SABSW,SAB Biotherapeutics Inc. Warrant,$0.0237,-0.0021,-8.14%,17636,2156377.00,United States,2021,Biotechnology: Biological Products (No Diagnostic Substances),Health Care,/market-activity/stocks/sabsw,NASDAQ
SAFT,Safety Insurance Group Inc. Common Stock,$103.74,0.10,0.096%,171507,1522953203.00,United States,2002,Property-Casualty Insurers,Finance,/market-activity/stocks/saft,NASDAQ
SAFX,XCF Global Inc. Class A Common Stock,$0.3556,-0.0035,-0.975%,1815105,146392304.00,United States,,Major Chemicals,Industrials,/market-activity/stocks/safx,NASDAQ
SAGT,SAGTEC GLOBAL LIMITED Class A Ordinary shares,$0.6933,0.0322,4.871%,288731,13207365.00,Malaysia,2025,Computer Software: Prepackaged Software,Technology,/market-activity/stocks/sagt,NASDAQ
SAIA,Saia Inc. Common Stock,$355.13,2.88,0.818%,407487,9472968455.00,United States,,Trucking Freight/Courier Services,Industrials,/market-activity/stocks/saia,NASDAQ
SAIC,Science Applications International Corporation Common Stock,$128.22,2.26,1.794%,1857594,5420733732.00,United States,,EDP Services,Technology,/market-activity/stocks/saic,NASDAQ
SAIH,SAIHEAT Limited Class A Ordinary Shares,$23.50,-0.25,-1.053%,62785,42543460.00,Singapore,2021,EDP Services,Technology,/market-activity/stocks/saih,NASDAQ
SAIHW,SAIHEAT Limited Warrant,$0.0275,-0.0278,-50.271%,58148,49785.00,Singapore,2021,EDP Services,Technology,/market-activity/stocks/saihw,NASDAQ
SAIL,SailPoint Inc. Common Stock,$20.56,0.73,3.681%,3781349,11661282418.00,United States,2025,Computer Software: Prepackaged Software,Technology,/market-activity/stocks/sail,NASDAQ
SAMG,Silvercrest Asset Management Group Inc. Class A Common Stock,$10.04,-0.05,-0.496%,54446,118951581.00,United States,2013,Investment Managers,Finance,/market-activity/stocks/samg,NASDAQ
SANA,Sana Biotechnology Inc. Common Stock,$3.87,-0.06,-1.527%,2226343,1158525665.00,United States,2021,Biotechnology: Biological Products (No Diagnostic Substances),Health Care,/market-activity/stocks/sana,NASDAQ
SANG,Sangoma Technologies Corporation Common Shares,$3.9539,0.0539,1.382%,596,131581008.00,Canada,,Computer Software: Programming Data Processing,Technology,/market-activity/stocks/sang,NASDAQ
SANM,Sanmina Corporation Common Stock,$196.72,2.71,1.397%,850438,10543671872.00,United States,1993,Electrical Products,Technology,/market-activity/stocks/sanm,NASDAQ
SATA,Strive Inc. Variable Rate Series A Perpetual Preferred Stock,$100.01,0.3116,0.313%,741291,8969239134.00,United States,,Computer Software: Prepackaged Software,Technology,/market-activity/stocks/sata,NASDAQ
SATL,Satellogic Inc. Class A Common Stock,$4.87,0.02,0.412%,2985634,748713367.00,Uruguay,,Radio And Television Broadcasting And Communications Equipment,Technology,/market-activity/stocks/satl,NASDAQ
SATLW,Satellogic Inc. Warrant,$0.55,-0.03,-5.172%,6094,84556951.00,Uruguay,,Radio And Television Broadcasting And Communications Equipment,Technology,/market-activity/stocks/satlw,NASDAQ
SBAC,SBA Communications Corporation Class A Common Stock,$189.66,-1.29,-0.676%,906393,20120670943.00,United States,1999,Real Estate Investment Trusts,Real Estate,/market-activity/stocks/sbac,NASDAQ
SBC,SBC Medical Group Holdings Incorporated Common Stock,$4.02,-0.03,-0.741%,186645,413444711.00,United States,2022,Medical/Nursing Services,Health Care,/market-activity/stocks/sbc,NASDAQ
SBCF,Seacoast Banking Corporation of Florida Common Stock,$33.955,-0.415,-1.207%,663453,3287618140.00,United States,,Major Banks,Finance,/market-activity/stocks/sbcf,NASDAQ
SBCWW,SBC Medical Group Holdings Incorporated Warrants,$0.2835,-0.0315,-10.00%,20862,29157108.00,United States,2022,Medical/Nursing Services,Health Care,/market-activity/stocks/sbcww,NASDAQ
SBET,Sharplink Inc. Common Stock,$8.63,0.43,5.244%,7696669,1874639703.00,United States,,Computer Software: Prepackaged Software,Technology,/market-activity/stocks/sbet,NASDAQ
SBFG,SB Financial Group Inc. Common Stock,$27.70,0.04,0.145%,10273,173207878.00,United States,,Major Banks,Finance,/market-activity/stocks/sbfg,NASDAQ
SBFM,Sunshine Biopharma Inc. Common Stock,$1.12,-0.03,-2.609%,368072,4342617.00,Canada,,Biotechnology: Pharmaceutical Preparations,Health Care,/market-activity/stocks/sbfm,NASDAQ
SBFMW,Sunshine Biopharma Inc. Warrant,$0.031,-0.0094,-23.267%,4390,120197.00,Canada,,Biotechnology: Pharmaceutical Preparations,Health Care,/market-activity/stocks/sbfmw,NASDAQ
SBGI,Sinclair Inc. Class A Common Stock,$14.10,0.00,0.00%,436084,1019684646.00,United States,1995,Broadcasting,Industrials,/market-activity/stocks/sbgi,NASDAQ
SBLK,Star Bulk Carriers Corp. Common Shares,$30.87,0.39,1.28%,1364170,3442935731.00,Greece,,Marine Transportation,Consumer Discretionary,/market-activity/stocks/sblk,NASDAQ
SBRA,Sabra Health Care REIT Inc. Common Stock,$20.39,-0.22,-1.067%,1922953,5208885595.00,United States,,Real Estate Investment Trusts,Real Estate,/market-activity/stocks/sbra,NASDAQ
SBUX,Starbucks Corporation Common Stock,$106.25,-1.60,-1.484%,7211331,121125000000.00,United States,1992,Restaurants,Consumer Discretionary,/market-activity/stocks/sbux,NASDAQ
SCAG,Scage Future American Depositary Shares,$0.2706,-0.0049,-1.779%,165830,19648175.00,China,,Construction/Ag Equipment/Trucks,Consumer Discretionary,/market-activity/stocks/scag,NASDAQ
SCAGW,Scage Future Warrants,$0.008,-0.0115,-58.974%,596567,580877.00,China,,Construction/Ag Equipment/Trucks,Consumer Discretionary,/market-activity/stocks/scagw,NASDAQ
SCATU,Southern Cross Acquisition II Corp. Units,$10.01,0.005,0.05%,72578,0.00,United States,2026,Blank Checks,Finance,/market-activity/stocks/scatu,NASDAQ
SCHL,Scholastic Corporation Common Stock,$38.40,-0.31,-0.801%,402713,728246938.00,United States,1992,Books,Consumer Discretionary,/market-activity/stocks/schl,NASDAQ
SCII,SC II Acquisition Corp. Class A ordinary share,$10.13,0.00,0.00%,9,0.00,United States,2026,,,/market-activity/stocks/scii,NASDAQ
SCIIR,SC II Acquisition Corp. Rights,$0.1701,-0.01,-5.552%,100,0.00,United States,2026,,,/market-activity/stocks/sciir,NASDAQ
SCKT,Socket Mobile Inc. Common Stock,$0.642,-0.0191,-2.889%,61948,5323259.00,United States,,Computer Manufacturing,Technology,/market-activity/stocks/sckt,NASDAQ
SCLX,Scilex Holding Company Common Stock,$5.495,0.065,1.197%,32709,46669035.00,United States,2021,Biotechnology: Biological Products (No Diagnostic Substances),Health Care,/market-activity/stocks/sclx,NASDAQ
SCLXW,Scilex Holding Company Warrant,$0.13,-0.0279,-17.669%,25731,1104090.00,United States,2021,Biotechnology: Biological Products (No Diagnostic Substances),Health Care,/market-activity/stocks/sclxw,NASDAQ
SCNI,Scinai Immunotherapeutics Ltd. American Depositary Shares,$2.50,-0.01,-0.398%,24614,1253365.00,Israel,2015,Biotechnology: Biological Products (No Diagnostic Substances),Health Care,/market-activity/stocks/scni,NASDAQ
SCNX,Scienture Holdings Inc. Common Stock,$0.3885,-0.0055,-1.396%,153182,15953421.00,United States,,Biotechnology: Pharmaceutical Preparations,Health Care,/market-activity/stocks/scnx,NASDAQ
SCOR,comScore Inc. Common Stock,$5.25,0.09,1.744%,66667,79717712.00,United States,2018,Business Services,Consumer Discretionary,/market-activity/stocks/scor,NASDAQ
SCPQ,Social Commerce Partners Corporation Class A Ordinary Shares,$10.03,0.00,0.00%,74,0.00,United States,2026,,,/market-activity/stocks/scpq,NASDAQ
SCPQU,Social Commerce Partners Corporation Unit,$10.19,-0.08,-0.779%,215,0.00,United States,2025,,,/market-activity/stocks/scpqu,NASDAQ
SCPQW,Social Commerce Partners Corporation Warrant,$0.3888,0.00,0.00%,40,0.00,United States,2026,,,/market-activity/stocks/scpqw,NASDAQ
SCSC,ScanSource Inc. Common Stock,$57.09,0.54,0.955%,315957,1149953137.00,United States,,Retail: Computer Software & Peripheral Equipment,Technology,/market-activity/stocks/scsc,NASDAQ
SCTX,Scribe Therapeutics Inc. Common Stock,$30.54,2.10,7.384%,151151,576118348.00,United States,2026,Biotechnology: Biological Products (No Diagnostic Substances),Health Care,/market-activity/stocks/sctx,NASDAQ
SCWO,374Water Inc. Common Stock,$2.84,0.05,1.792%,44094,50319577.00,United States,,Metal Fabrications,Consumer Discretionary,/market-activity/stocks/scwo,NASDAQ
SCYX,SCYNEXIS Inc. Common Stock,$5.23,-0.16,-2.968%,40899,52036455.00,United States,2014,Biotechnology: Pharmaceutical Preparations,Health Care,/market-activity/stocks/scyx,NASDAQ
SCZM,Santacruz Silver Mining Ltd. Common Shares,$9.36,-0.16,-1.681%,246145,870389058.00,Canada,,Precious Metals,Basic Materials,/market-activity/stocks/sczm,NASDAQ
SDA,SunCar Technology Group Inc. Class A Ordinary Shares,$0.713,0.0217,3.139%,39207,75326964.00,Hong Kong,2021,Automotive Aftermarket,Consumer Discretionary,/market-activity/stocks/sda,NASDAQ
SDAWW,SunCar Technology Group Inc. Warrant,$0.11,0.00,0.00%,1602,11621271.00,Hong Kong,2021,Automotive Aftermarket,Consumer Discretionary,/market-activity/stocks/sdaww,NASDAQ
SDGR,Schrodinger Inc. Common Stock,$19.50,-0.20,-1.015%,652124,1458709746.00,United States,2020,Biotechnology: Pharmaceutical Preparations,Health Care,/market-activity/stocks/sdgr,NASDAQ
SDHI,Siddhi Acquisition Corp Class A Common stock,$10.51,0.00,0.00%,7,0.00,United States,2025,Blank Checks,Finance,/market-activity/stocks/sdhi,NASDAQ
SDHIR,Siddhi Acquisition Corp Right,$0.1656,-0.0143,-7.949%,100,0.00,United States,2025,,,/market-activity/stocks/sdhir,NASDAQ
SDOT,Sadot Group Inc. Common Stock,$14.24,-0.27,-1.861%,350668,20716751.00,United States,2020,Restaurants,Consumer Discretionary,/market-activity/stocks/sdot,NASDAQ
SDST,Stardust Power Inc. Common Stock,$0.37,-0.0095,-2.503%,199133,5373855.00,United States,2021,Major Chemicals,Industrials,/market-activity/stocks/sdst,NASDAQ
SDSTW,Stardust Power Inc. Warrant,$0.1049,0.0162,18.264%,6456,1523561.00,United States,2021,Major Chemicals,Industrials,/market-activity/stocks/sdstw,NASDAQ
SEAT,Vivid Seats Inc. Class A Common Stock,$5.86,-0.16,-2.658%,38921,68633240.00,United States,,Services-Misc. Amusement & Recreation,Consumer Discretionary,/market-activity/stocks/seat,NASDAQ
SEDG,SolarEdge Technologies Inc. Common Stock,$32.20,0.79,2.515%,2062182,1981129086.00,Israel,2015,Semiconductors,Technology,/market-activity/stocks/sedg,NASDAQ
SEED,Origin Agritech Limited Common Stock,$0.9965,0.0064,0.646%,28798,12101024.00,China,,Farming/Seeds/Milling,Consumer Staples,/market-activity/stocks/seed,NASDAQ
SEER,Seer Inc. Class A Common Stock,$1.96,-0.02,-1.01%,145137,108529149.00,United States,2020,Biotechnology: Laboratory Analytical Instruments,Industrials,/market-activity/stocks/seer,NASDAQ
SEGG,Sports Entertainment Gaming Global Corporation Common Stock,$2.76,-0.07,-2.473%,38916,8996184.00,United States,2023,Computer Software: Prepackaged Software,Technology,/market-activity/stocks/segg,NASDAQ
SEIC,SEI Investments Company Common Stock,$110.98,-0.65,-0.582%,722782,13319728818.00,United States,1981,Investment Bankers/Brokers/Service,Finance,/market-activity/stocks/seic,NASDAQ
SELF,Global Self Storage Inc. Common Stock,$5.25,-0.24,-4.372%,19685,59962455.00,United States,,Real Estate Investment Trusts,Real Estate,/market-activity/stocks/self,NASDAQ
SENEA,Seneca Foods Corp. Class A Common Stock,$198.29,-1.55,-0.776%,119193,1342513919.00,United States,,Packaged Foods,Consumer Staples,/market-activity/stocks/senea,NASDAQ
SENEB,Seneca Foods Corp. Class B Common Stock,$193.67,0.00,0.00%,440,1311234407.00,United States,,Packaged Foods,Consumer Staples,/market-activity/stocks/seneb,NASDAQ
SENS,Senseonics Holdings Inc. Common Stock,$9.23,-0.10,-1.072%,365911,488027509.00,United States,,Medical/Dental Instruments,Health Care,/market-activity/stocks/sens,NASDAQ
SEPN,Septerna Inc. Common Stock,$38.15,-0.76,-1.953%,415296,1780725528.00,United States,2024,Biotechnology: Pharmaceutical Preparations,Health Care,/market-activity/stocks/sepn,NASDAQ
SERA,Sera Prognostics Inc. Class A Common Stock,$2.12,0.05,2.415%,9528,83632868.00,United States,2021,Medical Specialities,Health Care,/market-activity/stocks/sera,NASDAQ
SERV,Serve Robotics Inc. Common Stock,$4.87,-0.16,-3.181%,4415833,422265559.00,United States,,Industrial Machinery/Components,Industrials,/market-activity/stocks/serv,NASDAQ
SEV,Aptera Motors Corp. Class B Common Stock,$2.37,0.04,1.717%,212844,96087206.00,United States,,Auto Manufacturing,Industrials,/market-activity/stocks/sev,NASDAQ
SEVN,Seven Hills Realty Trust Common Stock,$7.57,-0.01,-0.132%,209645,171510507.00,United States,,Real Estate Investment Trusts,Real Estate,/market-activity/stocks/sevn,NASDAQ
SEZL,Sezzle Inc. Common Stock,$120.55,-3.57,-2.876%,580364,4059522938.00,United States,,Finance: Consumer Services,Finance,/market-activity/stocks/sezl,NASDAQ
SFBC,Sound Financial Bancorp Inc. Common Stock,$46.89,0.09,0.192%,3227,120415536.00,United States,,Savings Institutions,Finance,/market-activity/stocks/sfbc,NASDAQ
SFD,Smithfield Foods Inc. Common Stock,$21.91,-0.03,-0.137%,1438381,8627444413.00,United States,2025,Meat/Poultry/Fish,Consumer Staples,/market-activity/stocks/sfd,NASDAQ
SFHG,Samfine Creation Holdings Group Limited Class A Ordinary Share,$2.42,0.03,1.255%,9169,9825200.00,Hong Kong,2024,Publishing,Consumer Discretionary,/market-activity/stocks/sfhg,NASDAQ
SFIX,Stitch Fix Inc. Class A Common Stock,$3.17,0.025,0.795%,2016216,422959964.00,United States,2017,Catalog/Specialty Distribution,Consumer Discretionary,/market-activity/stocks/sfix,NASDAQ
SFM,Sprouts Farmers Market Inc. Common Stock,$82.04,0.58,0.712%,1677786,7650035155.00,United States,2013,Food Chains,Consumer Staples,/market-activity/stocks/sfm,NASDAQ
SFNC,Simmons First National Corporation Class A Common Stock,$22.58,-0.11,-0.485%,996125,3263121356.00,United States,,Major Banks,Finance,/market-activity/stocks/sfnc,NASDAQ
SFST,Southern First Bancshares Inc. Common Stock,$61.35,-0.91,-1.462%,79591,581092169.00,United States,,Major Banks,Finance,/market-activity/stocks/sfst,NASDAQ
SFWL,Shengfeng Development Limited Class A Ordinary Shares,$0.90,-0.0105,-1.153%,12275,74247762.00,China,2023,Trucking Freight/Courier Services,Industrials,/market-activity/stocks/sfwl,NASDAQ
SGA,Saga Communications Inc. Class A Common Stock (FL),$8.81,-0.10,-1.122%,41466,56013874.00,United States,,Broadcasting,Consumer Discretionary,/market-activity/stocks/sga,NASDAQ
SGC,Superior Group of Companies Inc. Common Stock,$11.95,-0.23,-1.888%,54359,190545152.00,United States,,Apparel,Consumer Discretionary,/market-activity/stocks/sgc,NASDAQ
SGHT,Sight Sciences Inc. Common Stock,$8.50,-0.05,-0.585%,205494,468247915.00,United States,2021,Medical/Dental Instruments,Health Care,/market-activity/stocks/sght,NASDAQ
SGLY,Singularity Future Technology Ltd. Common Stock,$1.36,-0.11,-7.483%,364686,7349152.00,United States,2008,Integrated Freight & Logistics,Industrials,/market-activity/stocks/sgly,NASDAQ
SGML,Sigma Lithium Corporation Common Shares,$12.64,0.38,3.10%,1318766,1422863476.00,Canada,,Metal Mining,Basic Materials,/market-activity/stocks/sgml,NASDAQ
SGMT,Sagimet Biosciences Inc. Series A Common Stock,$10.26,-0.29,-2.749%,688429,631925291.00,United States,2023,Biotechnology: Pharmaceutical Preparations,Health Care,/market-activity/stocks/sgmt,NASDAQ
SGP,SpyGlass Pharma Inc. Common Stock,$26.10,-0.32,-1.211%,64820,872992252.00,United States,2026,Medical/Dental Instruments,Health Care,/market-activity/stocks/sgp,NASDAQ
SGRY,Surgery Partners Inc. Common Stock,$13.89,0.20,1.461%,3922234,1818454631.00,United States,2015,Hospital/Nursing Management,Health Care,/market-activity/stocks/sgry,NASDAQ
SHAZ,SharonAI Holdings Inc. Class A Common Stock,$54.86,2.49,4.755%,2160715,1964180284.00,United States,,EDP Services,Technology,/market-activity/stocks/shaz,NASDAQ
SHBI,Shore Bancshares Inc Common Stock,$22.96,-0.18,-0.778%,181777,766227457.00,United States,,Major Banks,Finance,/market-activity/stocks/shbi,NASDAQ
SHC,Sotera Health Company Common Stock,$18.90,-0.37,-1.92%,1891742,5393583626.00,United States,2020,Misc Health and Biotechnology Services,Health Care,/market-activity/stocks/shc,NASDAQ
SHEN,Shenandoah Telecommunications Co Common Stock,$12.37,-0.09,-0.722%,442862,660121092.00,United States,,Telecommunications Equipment,Telecommunications,/market-activity/stocks/shen,NASDAQ
SHFS,SHF Holdings Inc. Class A Common Stock,$0.1594,-0.0007,-0.437%,100171,1965873.00,United States,2021,Finance: Consumer Services,Finance,/market-activity/stocks/shfs,NASDAQ
SHFSW,SHF Holdings Inc. Warrants,$0.0127,-0.0065,-33.854%,241668,156629.00,United States,2021,Finance: Consumer Services,Finance,/market-activity/stocks/shfsw,NASDAQ
SHIM,Shimmick Corporation Common Stock,$3.53,-0.46,-11.529%,220209,145915455.00,United States,2023,Military/Government/Technical,Industrials,/market-activity/stocks/shim,NASDAQ
SHIP,Seanergy Maritime Holdings Corp. Common Stock,$17.66,-0.13,-0.731%,289895,382660377.00,Greece,,Marine Transportation,Consumer Discretionary,/market-activity/stocks/ship,NASDAQ
SHLS,Shoals Technologies Group Inc. Class A Common Stock,$6.92,-0.22,-3.081%,3958134,1164635654.00,United States,2021,Semiconductors,Technology,/market-activity/stocks/shls,NASDAQ
SHMD,SCHMID Group N.V. Class A Ordinary Shares,$3.085,0.08,2.662%,708955,188058216.00,Germany,,Industrial Machinery/Components,Technology,/market-activity/stocks/shmd,NASDAQ
SHMDW,SCHMID Group N.V. Warrants,$0.7721,-0.058,-6.987%,97322,47066369.00,Germany,,Industrial Machinery/Components,Technology,/market-activity/stocks/shmdw,NASDAQ
SHOE,Shoe Station Group Inc. Common Stock,$13.70,0.01,0.073%,1398375,371972920.00,United States,,Clothing/Shoe/Accessory Stores,Consumer Discretionary,/market-activity/stocks/shoe,NASDAQ
SHOO,Steven Madden Ltd. Common Stock,$43.18,-1.06,-2.396%,898771,3159786962.00,United States,1993,Shoe Manufacturing,Consumer Discretionary,/market-activity/stocks/shoo,NASDAQ
SHOP,Shopify Inc. Class A Subordinate Voting Shares,$147.37,-5.53,-3.617%,7014422,190963670754.00,Canada,,Computer Software: Prepackaged Software,Technology,/market-activity/stocks/shop,NASDAQ
SHOT,RMG ML Sports Holdings Class A Ordinary Shares,$9.85,0.01,0.102%,10346,0.00,United States,2026,,,/market-activity/stocks/shot,NASDAQ
SHOTR,RMG ML Sports Holdings Rights,$0.1311,0.00,0.00%,9,0.00,United States,2026,,,/market-activity/stocks/shotr,NASDAQ
SHOTU,RMG ML Sports Holdings Unit,$9.98,0.04,0.402%,5227,0.00,United States,2026,,,/market-activity/stocks/shotu,NASDAQ
SHPH,Shuttle Pharmaceuticals Holdings Inc. Common Stock,$3.36,-0.18,-5.085%,51933,3451439.00,United States,2022,Biotechnology: Pharmaceutical Preparations,Health Care,/market-activity/stocks/shph,NASDAQ
SIBN,SI-BONE Inc. Common Stock,$19.02,-0.19,-0.989%,301888,852449297.00,United States,2018,Medical/Dental Instruments,Health Care,/market-activity/stocks/sibn,NASDAQ
SIDU,Sidus Space Inc. Class A Common Stock,$2.17,-0.04,-1.81%,2749352,219658957.00,United States,2021,Telecommunications Equipment,Telecommunications,/market-activity/stocks/sidu,NASDAQ
SIEB,Siebert Financial Corp. Common Stock,$2.22,0.03,1.37%,227288,91244078.00,United States,,Investment Bankers/Brokers/Service,Finance,/market-activity/stocks/sieb,NASDAQ
SIFY,Sify Technologies Limited American Depositary Shares,$14.91,0.51,3.542%,52833,1080000110.00,India,,Computer Software: Programming Data Processing,Technology,/market-activity/stocks/sify,NASDAQ
SIGA,SIGA Technologies Inc. Common Stock,$3.14,0.08,2.614%,889229,225608108.00,United States,,Biotechnology: Pharmaceutical Preparations,Health Care,/market-activity/stocks/siga,NASDAQ
SIGI,Selective Insurance Group Inc. Common Stock,$91.29,-1.17,-1.265%,354664,5438064874.00,United States,,Property-Casualty Insurers,Finance,/market-activity/stocks/sigi,NASDAQ
SIGIP,Selective Insurance Group Inc. Depositary Shares each representing a 1/1000th interest in a share of 4.60% Non-Cumulative Preferred Stock Series B,$15.44,-0.0105,-0.068%,6190,919747197.00,United States,,Property-Casualty Insurers,Finance,/market-activity/stocks/sigip,NASDAQ
SILC,Silicom Ltd Ordinary Shares,$43.05,0.85,2.014%,178317,247434654.00,Israel,,Computer Communications Equipment,Telecommunications,/market-activity/stocks/silc,NASDAQ
SILO,Silo Pharma Inc. Common Stock,$2.48,-0.06,-2.362%,23026,4348060.00,United States,,Biotechnology: Pharmaceutical Preparations,Health Care,/market-activity/stocks/silo,NASDAQ
SIMA,SIM Acquisition Corp. I Class A Ordinary Shares,$10.98,0.03,0.274%,3444,0.00,United States,2024,Industrial Machinery/Components,Miscellaneous,/market-activity/stocks/sima,NASDAQ
SIMAU,SIM Acquisition Corp. I Unit,$10.93,0.00,0.00%,4,0.00,United States,2024,Blank Checks,Finance,/market-activity/stocks/simau,NASDAQ
SIMAW,SIM Acquisition Corp. I Warrant,$0.1701,-0.0075,-4.223%,200,0.00,United States,2024,Blank Checks,Finance,/market-activity/stocks/simaw,NASDAQ
SIMO,Silicon Motion Technology Corporation American Depositary Shares,$246.84,1.03,0.419%,579910,8369809991.00,Taiwan,2005,Semiconductors,Technology,/market-activity/stocks/simo,NASDAQ
SINT,SiNtx Technologies Inc. Common Stock,$1.53,0.03,2.00%,33590,10196737.00,United States,2014,Medical/Dental Instruments,Health Care,/market-activity/stocks/sint,NASDAQ
SION,Sionna Therapeutics Inc. Common Stock,$6.03,0.16,2.726%,1382389,272630766.00,United States,2025,Biotechnology: Pharmaceutical Preparations,Health Care,/market-activity/stocks/sion,NASDAQ
SIRI,SiriusXM Holdings Inc. Common Stock,$28.17,-0.37,-1.296%,2567635,9495174319.00,United States,,Broadcasting,Consumer Discretionary,/market-activity/stocks/siri,NASDAQ
SITM,SiTime Corporation Common Stock,$565.42,7.56,1.355%,312762,17002765175.00,United States,2019,Semiconductors,Technology,/market-activity/stocks/sitm,NASDAQ
SJ,Scienjoy Holding Corporation Class A Ordinary Shares ,$1.00,0.00,0.00%,4777,42462768.00,China,2019,EDP Services,Technology,/market-activity/stocks/sj,NASDAQ
SKHY,SK hynix Inc. American Depositary Shares,$164.58,3.54,2.198%,12133425,1199566839900.00,South Korea,2026,Semiconductors,Technology,/market-activity/stocks/skhy,NASDAQ
SKIN,SkinHealth Systems Inc. Class A Common Stock,$0.6761,-0.0089,-1.299%,540311,87988170.00,United States,2020,Medical/Dental Instruments,Health Care,/market-activity/stocks/skin,NASDAQ
SKK,SKK Holdings Limited Class A Ordinary Shares,$4.67,0.20,4.474%,21891,14900083.00,Singapore,2024,Water Sewer Pipeline Comm & Power Line Construction,Industrials,/market-activity/stocks/skk,NASDAQ
SKWD,Skyward Specialty Insurance Group Inc. Common Stock,$57.41,-0.88,-1.51%,301938,2548802663.00,United States,2023,Property-Casualty Insurers,Finance,/market-activity/stocks/skwd,NASDAQ
SKYA,SkyAI Inc. Common Stock,$1.37,-0.05,-3.521%,43071,59249083.00,United States,2022,Medical/Dental Instruments,Health Care,/market-activity/stocks/skya,NASDAQ
SKYAW,SkyAI Inc. Warrant,$0.0315,-0.0003,-0.943%,7213,1362296.00,United States,2022,EDP Services,Technology,/market-activity/stocks/skyaw,NASDAQ
SKYE,Skye Bioscience Inc. Common Stock,$1.68,-0.095,-5.352%,70744,7438497.00,United States,,Biotechnology: Pharmaceutical Preparations,Health Care,/market-activity/stocks/skye,NASDAQ
SKYQ,Sky Quarry Inc. Common Stock,$2.67,0.04,1.521%,1055178,23585151.00,United States,2024,Environmental Services,Industrials,/market-activity/stocks/skyq,NASDAQ
SKYW,SkyWest Inc. Common Stock,$94.66,-4.21,-4.258%,383558,3675489245.00,United States,1986,Air Freight/Delivery Services,Consumer Discretionary,/market-activity/stocks/skyw,NASDAQ
SKYX,SKYX Platforms Corp. Common Stock,$1.34,0.13,10.744%,1640483,181477532.00,United States,2022,Building Products,Consumer Discretionary,/market-activity/stocks/skyx,NASDAQ
SLAB,Silicon Laboratories Inc. Common Stock,$219.05,0.51,0.233%,429523,7308988997.00,United States,2000,Semiconductors,Technology,/market-activity/stocks/slab,NASDAQ
SLBT,SL Science Holding Limited Ordinary Shares,$2.73,0.03,1.111%,16272,1530874137.00,Taiwan,,Biotechnology: Biological Products (No Diagnostic Substances),Health Care,/market-activity/stocks/slbt,NASDAQ
SLDB,Solid Biosciences Inc. Common Stock,$9.58,-0.19,-1.945%,686632,1027217780.00,United States,2018,Biotechnology: Biological Products (No Diagnostic Substances),Health Care,/market-activity/stocks/sldb,NASDAQ
SLDE,Slide Insurance Holdings Inc. Common Stock,$23.25,-0.23,-0.98%,1435429,2715872467.00,United States,2025,Property-Casualty Insurers,Finance,/market-activity/stocks/slde,NASDAQ
SLDP,Solid Power Inc. Class A Common Stock,$2.33,0.00,0.00%,3061146,531662224.00,United States,2021,Industrial Machinery/Components,Miscellaneous,/market-activity/stocks/sldp,NASDAQ
SLDPW,Solid Power Inc. Warrant,$0.0201,-0.0041,-16.942%,89889,4586442.00,United States,2021,Industrial Machinery/Components,Miscellaneous,/market-activity/stocks/sldpw,NASDAQ
SLE,Super League Enterprise Inc. Common Stock,$3.90,0.04,1.036%,82077,9645367.00,United States,2019,EDP Services,Technology,/market-activity/stocks/sle,NASDAQ
SLGB,Smart Logistics Global Limited Class A Ordinary Shares,$0.48,-0.038,-7.336%,224909,21600000.00,Hong Kong,2025,Integrated Freight & Logistics,Industrials,/market-activity/stocks/slgb,NASDAQ
SLGL,Sol-Gel Technologies Ltd. Ordinary Shares,$69.10,0.29,0.421%,111277,226233331.00,Israel,2018,Biotechnology: Pharmaceutical Preparations,Health Care,/market-activity/stocks/slgl,NASDAQ
SLM,SLM Corporation Common Stock,$25.97,-0.44,-1.666%,3082206,4880982499.00,United States,,Finance: Consumer Services,Finance,/market-activity/stocks/slm,NASDAQ
SLMBP,SLM Corporation Floating Rate Non-Cumulative Preferred Stock Series B,$75.23,0.23,0.307%,3826,14139249650.00,United States,,Finance: Consumer Services,Finance,/market-activity/stocks/slmbp,NASDAQ
SLMT,Brera Holdings PLC Class B Ordinary Shares,$4.12,-0.05,-1.199%,16681,45358291.00,Ireland,2023,Services-Misc. Amusement & Recreation,Consumer Discretionary,/market-activity/stocks/slmt,NASDAQ
SLN,Silence Therapeutics Plc American Depository Share,$13.53,0.11,0.82%,478200,633204000.00,United Kingdom,,Biotechnology: Pharmaceutical Preparations,Health Care,/market-activity/stocks/sln,NASDAQ
SLNG,Stabilis Solutions Inc. Common Stock,$6.00,0.255,4.439%,67738,111577806.00,United States,,Oil/Gas Transmission,Utilities,/market-activity/stocks/slng,NASDAQ
SLNH,Soluna Holdings Inc. Common Stock,$1.08,-0.03,-2.703%,7149957,266438211.00,United States,,EDP Services,Technology,/market-activity/stocks/slnh,NASDAQ
SLNHP,Soluna Holdings Inc 9.0% Series A Cumulative Perpetual Preferred Stock ,$12.53,0.41,3.383%,20611,3091176649.00,United States,,EDP Services,Technology,/market-activity/stocks/slnhp,NASDAQ
SLP,Simulations Plus Inc. Common Stock,$18.40,0.01,0.054%,171097,372137019.00,United States,,EDP Services,Technology,/market-activity/stocks/slp,NASDAQ
SLRC,SLR Investment Corp. Common Stock,$12.74,0.22,1.757%,284792,695026037.00,United States,2010,Finance/Investors Services,Finance,/market-activity/stocks/slrc,NASDAQ
SLS,SELLAS Life Sciences Group Inc. Common Stock,$13.34,0.13,0.984%,7438539,2693955758.00,United States,,Biotechnology: Pharmaceutical Preparations,Health Care,/market-activity/stocks/sls,NASDAQ
SLSN,Solesence Inc. Common Stock,$0.9001,-0.0499,-5.253%,20617,63589405.00,United States,,Package Goods/Cosmetics,Consumer Discretionary,/market-activity/stocks/slsn,NASDAQ
SLXN,Silexion Therapeutics Corp Ordinary Shares,$0.3697,0.0069,1.902%,154367,2127946.00,Israel,,Biotechnology: Biological Products (No Diagnostic Substances),Health Care,/market-activity/stocks/slxn,NASDAQ
SLXNW,Silexion Therapeutics Corp Warrant,$0.014,0.00,0.00%,3978,80582.00,Israel,,Biotechnology: Biological Products (No Diagnostic Substances),Health Care,/market-activity/stocks/slxnw,NASDAQ
SMBC,Southern Missouri Bancorp Inc. Common Stock,$73.59,-0.39,-0.527%,68880,810640359.00,United States,,Banks,Finance,/market-activity/stocks/smbc,NASDAQ
SMCI,Super Micro Computer Inc. Common Stock,$37.28,0.20,0.539%,22849467,24113911015.00,United States,2020,Computer Manufacturing,Technology,/market-activity/stocks/smci,NASDAQ
SMCIP,Super Micro Computer Inc. Depositary Shares representing a 1/20th Interest in a Share of 7% Series A Mandatory Convertible Preferred Stock,$62.82,0.04,0.064%,285321,40634009923.00,United States,,Computer Manufacturing,Technology,/market-activity/stocks/smcip,NASDAQ
SMID,Smith-Midland Corporation Common Stock,$26.28,1.18,4.701%,19385,139405046.00,United States,,Building Materials,Industrials,/market-activity/stocks/smid,NASDAQ
SMMT,Summit Therapeutics Inc. Common Stock ,$13.62,-0.11,-0.801%,5424693,10865349579.00,United States,2015,Biotechnology: Pharmaceutical Preparations,Health Care,/market-activity/stocks/smmt,NASDAQ
SMPL,The Simply Good Foods Company Common Stock,$11.45,0.52,4.758%,3788752,1012873240.00,United States,,Packaged Foods,Consumer Staples,/market-activity/stocks/smpl,NASDAQ
SMSI,Smith Micro Software Inc. Common Stock,$2.87,-0.04,-1.375%,15583,16042956.00,United States,1995,Computer Software: Prepackaged Software,Technology,/market-activity/stocks/smsi,NASDAQ
SMTC,Semtech Corporation Common Stock,$132.96,1.79,1.365%,2113469,12408575233.00,United States,,Semiconductors,Technology,/market-activity/stocks/smtc,NASDAQ
SMTI,Sanara MedTech Inc. Common Stock,$34.88,0.31,0.897%,273461,320478661.00,United States,,Industrial Specialties,Health Care,/market-activity/stocks/smti,NASDAQ
SMTK,SmartKem Inc. Common Stock,$3.07,-0.37,-10.756%,122135,1735394.00,United States,,Semiconductors,Technology,/market-activity/stocks/smtk,NASDAQ
SMX,SMX (Security Matters) Public Limited Company Ordinary Shares,$16.01,-0.60,-3.612%,6001,17428614.00,Ireland,,Industrial Machinery/Components,Technology,/market-activity/stocks/smx,NASDAQ
SMXT,Solarmax Technology Inc. Common Stock,$2.915,-0.005,-0.171%,8568,13823557.00,United States,2024,Engineering & Construction,Consumer Discretionary,/market-activity/stocks/smxt,NASDAQ
SMXWW,SMX (Security Matters) Public Limited Company Warrant,$0.0162,-0.0007,-4.142%,27039,17635.00,Ireland,,Industrial Machinery/Components,Technology,/market-activity/stocks/smxww,NASDAQ
SNAL,Snail Inc. Class A Common Stock,$2.90,-0.03,-1.024%,47112,25971852.00,United States,2022,Computer Software: Prepackaged Software,Technology,/market-activity/stocks/snal,NASDAQ
SND,Smart Sand Inc. Common Stock,$5.27,0.07,1.346%,259875,223443051.00,United States,2016,Mining & Quarrying of Nonmetallic Minerals (No Fuels),Industrials,/market-activity/stocks/snd,NASDAQ
SNDK,Sandisk Corporation Common Stock,$1566.70,81.72,5.503%,23300980,229394648867.00,United States,,Electronic Components,Technology,/market-activity/stocks/sndk,NASDAQ
SNDL,SNDL Inc. Common Shares,$1.37,0.015,1.107%,1089458,340667158.00,Canada,2019, Medicinal Chemicals and Botanical Products ,Health Care,/market-activity/stocks/sndl,NASDAQ
SNDX,Syndax Pharmaceuticals Inc. Common Stock,$19.29,-0.25,-1.279%,1396459,1722540789.00,United States,2016,Biotechnology: Pharmaceutical Preparations,Health Care,/market-activity/stocks/sndx,NASDAQ
SNES,SenesTech Inc. Common Stock,$1.06,-0.02,-1.852%,24813,5748955.00,United States,2016,Agricultural Chemicals,Industrials,/market-activity/stocks/snes,NASDAQ
SNEX,StoneX Group Inc. Common Stock,$68.48,-0.16,-0.233%,501077,8259834013.00,United States,,Investment Bankers/Brokers/Service,Finance,/market-activity/stocks/snex,NASDAQ
SNFCA,Security National Financial Corporation Class A Common Stock,$8.70,-0.10,-1.136%,25722,238182414.00,United States,,Finance: Consumer Services,Finance,/market-activity/stocks/snfca,NASDAQ
SNGX,Soligenix Inc. Common Stock,$0.38,0.0032,0.849%,400302,8270882.00,United States,,Biotechnology: Pharmaceutical Preparations,Health Care,/market-activity/stocks/sngx,NASDAQ
SNOA,Sonoma Pharmaceuticals Inc. Common Stock,$1.29,-0.02,-1.527%,95840,6177068.00,United States,2007,Medical/Dental Instruments,Health Care,/market-activity/stocks/snoa,NASDAQ
SNPS,Synopsys Inc. Common Stock,$439.59,-3.02,-0.682%,1680956,84241553215.00,United States,1992,Computer Software: Prepackaged Software,Technology,/market-activity/stocks/snps,NASDAQ
SNT,Senstar Technologies Corporation Common Shares,$1.76,0.12,7.317%,14435,41063709.00,Canada,,Telecommunications Equipment,Telecommunications,/market-activity/stocks/snt,NASDAQ
SNTG,Sentage Holdings Inc. Class A Ordinary Shares,$1.7975,0.0575,3.305%,12488,5042572.00,China,2021,Finance: Consumer Services,Finance,/market-activity/stocks/sntg,NASDAQ
SNTI,Senti Biosciences Holdings Inc. Common Stock,$0.3783,0.0013,0.345%,23980,11782060.00,United States,2021,Biotechnology: Biological Products (No Diagnostic Substances),Health Care,/market-activity/stocks/snti,NASDAQ
SNWV,SANUWAVE Health Inc. Common Stock,$4.69,0.015,0.321%,45536,40344829.00,United States,,Medical/Dental Instruments,Health Care,/market-activity/stocks/snwv,NASDAQ
SNY,Sanofi ADS,$44.36,-0.46,-1.026%,2345133,108187571957.00,France,,Biotechnology: Pharmaceutical Preparations,Health Care,/market-activity/stocks/sny,NASDAQ
SNYR,Synergy CHC Corp. Common Stock,$0.1054,0.0022,2.132%,1649159,1570448.00,United States,2024,Other Pharmaceuticals,Health Care,/market-activity/stocks/snyr,NASDAQ
SOBR,SOBR Safe Inc. Common Stock,$0.465,0.0192,4.307%,119689,2505053.00,United States,,Newspapers/Magazines,Consumer Discretionary,/market-activity/stocks/sobr,NASDAQ
SOCA,Solarius Capital Acquisition Corp. Class A Ordinary Share,$10.33,0.00,0.00%,11,0.00,United States,2025,,,/market-activity/stocks/soca,NASDAQ
SOCAW,Solarius Capital Acquisition Corp. Warrant,$0.2561,0.0059,2.358%,222,0.00,United States,2025,,,/market-activity/stocks/socaw,NASDAQ
SOFI,SoFi Technologies Inc. Common Stock  ,$17.88,-0.18,-0.997%,36432188,23093277393.00,United States,,Finance: Consumer Services,Finance,/market-activity/stocks/sofi,NASDAQ
SOGP,Sound Group Inc. American Depositary Shares,$12.01,-0.39,-3.145%,10486,50131493.00,China,2020,Computer Software: Programming Data Processing,Technology,/market-activity/stocks/sogp,NASDAQ
SOHU,Sohu.com Limited American Depositary Shares,$14.05,-0.06,-0.425%,73116,366269759.00,China,,EDP Services,Technology,/market-activity/stocks/sohu,NASDAQ
SOLS,Solstice Advanced Materials Inc. Common Stock ,$63.39,-0.14,-0.22%,5154149,10069334721.00,United States,,Major Chemicals,Industrials,/market-activity/stocks/sols,NASDAQ
SONM,DNA X Inc. Common Stock,$3.66,0.20,5.78%,8257,5447061.00,United States,2019,Telecommunications Equipment,Utilities,/market-activity/stocks/sonm,NASDAQ
SONO,Sonos Inc. Common Stock,$15.60,0.30,1.961%,1932261,1845386072.00,United States,2018,Consumer Electronics/Appliances,Consumer Staples,/market-activity/stocks/sono,NASDAQ
SOPH,SOPHiA GENETICS SA Ordinary Shares,$8.40,0.26,3.194%,748727,715073730.00,Switzerland,2021,EDP Services,Technology,/market-activity/stocks/soph,NASDAQ
SORA,AsiaStrategy Ordinary Shares,$1.91,0.29,17.901%,106019,47490240.00,Hong Kong,2025,Other Specialty Stores,Industrials,/market-activity/stocks/sora,NASDAQ
SORN,Soren Acquisition Corp. Class A Ordinary Shares,$9.96,0.00,0.00%,6,0.00,United States,2026,Blank Checks,Finance,/market-activity/stocks/sorn,NASDAQ
SORNU,Soren Acquisition Corp. Unit,$10.25,0.02,0.196%,213,0.00,United States,2026,Blank Checks,Finance,/market-activity/stocks/sornu,NASDAQ
SORNW,Soren Acquisition Corp. Warrant,$0.2999,0.00,0.00%,35,0.00,United States,2026,Blank Checks,Finance,/market-activity/stocks/sornw,NASDAQ
SOTK,Sono-Tek Corporation Common Stock,$5.31,0.42,8.589%,60435,83455799.00,United States,,Industrial Machinery/Components,Technology,/market-activity/stocks/sotk,NASDAQ
SOUN,SoundHound AI Inc Class A Common Stock,$7.16,0.05,0.703%,22127652,3179826483.00,United States,,Computer Software: Prepackaged Software,Technology,/market-activity/stocks/soun,NASDAQ
SOUNW,SoundHound AI Inc. Warrant,$1.33,0.00,0.00%,5113,590666093.00,United States,2021,Computer Software: Prepackaged Software,Technology,/market-activity/stocks/sounw,NASDAQ
SOWG,Sow Good Inc. Common Stock,$3.29,0.13,4.114%,1220,66128648.00,United States,,Packaged Foods,Consumer Staples,/market-activity/stocks/sowg,NASDAQ
SPAI,Safe Pro Group Inc. Common Stock,$5.28,0.65,14.039%,433002,107515911.00,United States,2024,Industrial Specialties,Health Care,/market-activity/stocks/spai,NASDAQ
SPCB,SuperCom Ltd. Ordinary Shares (Israel),$10.21,0.11,1.089%,63438,64123415.00,Israel,,Semiconductors,Technology,/market-activity/stocks/spcb,NASDAQ
SPCX,Space Exploration Technologies Corp. Class A Common Stock,$143.69,2.19,1.548%,62996923,1950278739296.00,United States,2026,Computer Software: Programming Data Processing,Technology,/market-activity/stocks/spcx,NASDAQ
SPEG,Silver Pegasus Acquisition Corp Class A Ordinary Shares,$10.37,0.00,0.00%,8,0.00,United States,2025,,,/market-activity/stocks/speg,NASDAQ
SPEGR,Silver Pegasus Acquisition Corp Rights.,$0.24,0.00,0.00%,195,0.00,United States,2025,,,/market-activity/stocks/spegr,NASDAQ
SPEGU,Silver Pegasus Acquisition Corp Unit,$10.48,0.00,0.00%,15,0.00,United States,2025,,,/market-activity/stocks/spegu,NASDAQ
SPFI,South Plains Financial Inc. Common Stock,$43.60,-0.06,-0.137%,136940,821384978.00,United States,2019,Major Banks,Finance,/market-activity/stocks/spfi,NASDAQ
SPHL,Springview Holdings Ltd Class A Ordinary Shares,$2.47,-0.06,-2.372%,16498,30287091.00,Singapore,2024,Homebuilding,Consumer Discretionary,/market-activity/stocks/sphl,NASDAQ
SPKL,Spark I Acquisition Corp. Class A Ordinary Share,$11.56,0.00,0.00%,2265,0.00,United States,2023,,,/market-activity/stocks/spkl,NASDAQ
SPKLW,Spark I Acquisition Corp. Warrant,$1.22,0.00,0.00%,128,0.00,United States,2023,,,/market-activity/stocks/spklw,NASDAQ
SPOK,Spok Holdings Inc. Common Stock,$10.51,-0.14,-1.315%,159620,219849620.00,United States,,Telecommunications Equipment,Telecommunications,/market-activity/stocks/spok,NASDAQ
SPPL,SIMPPLE LTD. Ordinary Shares,$2.00,-0.09,-4.306%,99439,19572368.00,Singapore,2023,Diversified Commercial Services,Consumer Discretionary,/market-activity/stocks/sppl,NASDAQ
SPRB,Spruce Biosciences Inc. Common Stock,$58.97,-1.81,-2.978%,44952,169480547.00,United States,2020,Biotechnology: Pharmaceutical Preparations,Health Care,/market-activity/stocks/sprb,NASDAQ
SPRC,SciSparc Ltd. Ordinary Shares,$6.63,0.05,0.76%,62589,3851851.00,Israel,,Biotechnology: Pharmaceutical Preparations,Health Care,/market-activity/stocks/sprc,NASDAQ
SPRO,Spero Therapeutics Inc. Common Stock,$1.22,0.02,1.667%,330170,71046489.00,United States,2017,Biotechnology: Pharmaceutical Preparations,Health Care,/market-activity/stocks/spro,NASDAQ
SPRY,ARS Pharmaceuticals Inc. Common Stock,$6.00,0.11,1.868%,1984667,596684058.00,United States,2020,Biotechnology: Pharmaceutical Preparations,Health Care,/market-activity/stocks/spry,NASDAQ
SPSC,SPS Commerce Inc. Common Stock,$85.40,0.48,0.565%,486380,3074414860.00,United States,2010,Computer Software: Prepackaged Software,Technology,/market-activity/stocks/spsc,NASDAQ
SPT,Sprout Social Inc Class A Common Stock,$11.38,-0.11,-0.957%,882477,689539373.00,United States,2019,Computer Software: Prepackaged Software,Technology,/market-activity/stocks/spt,NASDAQ
SPTX,Seaport Therapeutics Inc. Common Stock,$23.68,-0.36,-1.498%,117852,1267603424.00,United States,2026,Biotechnology: Pharmaceutical Preparations,Health Care,/market-activity/stocks/sptx,NASDAQ
SPWH,Sportsman's Warehouse Holdings Inc. Common Stock,$1.19,0.03,2.586%,311735,46433556.00,United States,2014,Other Specialty Stores,Consumer Discretionary,/market-activity/stocks/spwh,NASDAQ
SPWR,SunPower Inc. Common Stock,$0.28,-0.0128,-4.372%,1961043,58463142.00,United States,,Semiconductors,Technology,/market-activity/stocks/spwr,NASDAQ
SPWRW,SunPower Inc. Warrants,$0.11,0.00,0.00%,3742,22967663.00,United States,,Semiconductors,Technology,/market-activity/stocks/spwrw,NASDAQ
SQFT,Presidio Property Trust Inc. Class A Common Stock,$1.96,0.45,29.801%,10845155,2811487.00,United States,2020,Real Estate Investment Trusts,Real Estate,/market-activity/stocks/sqft,NASDAQ
SQFTP,Presidio Property Trust Inc. 9.375% Series D Cumulative Redeemable Perpetual Preferred Stock $0.01 par value per share,$7.38,0.63,9.333%,15291,10586108.00,United States,,Real Estate Investment Trusts,Real Estate,/market-activity/stocks/sqftp,NASDAQ
SQFTW,Presidio Property Trust Inc. Series A Common Stock Purchase Warrants,$0.0135,0.00,0.00%,19917,19365.00,United States,,Real Estate Investment Trusts,Real Estate,/market-activity/stocks/sqftw,NASDAQ
SRAD,Sportradar Group AG Class A Ordinary Shares,$12.43,-0.51,-3.941%,914950,3875144035.00,Switzerland,2021,Computer Software: Programming Data Processing,Technology,/market-activity/stocks/srad,NASDAQ
SRBK,SR Bancorp Inc. Common stock,$19.49,-0.01,-0.051%,16114,154640598.00,United States,2023,Banks,Finance,/market-activity/stocks/srbk,NASDAQ
SRCE,1st Source Corporation Common Stock,$85.63,-0.78,-0.903%,140759,2062126760.00,United States,,Major Banks,Finance,/market-activity/stocks/srce,NASDAQ
SRPT,Sarepta Therapeutics Inc. Common Stock (DE),$21.03,0.17,0.815%,2656554,2221336252.00,United States,,Biotechnology: Pharmaceutical Preparations,Health Care,/market-activity/stocks/srpt,NASDAQ
SRRK,Scholar Rock Holding Corporation Common Stock,$56.80,-1.00,-1.73%,987266,6917404018.00,United States,2018,Biotechnology: Biological Products (No Diagnostic Substances),Health Care,/market-activity/stocks/srrk,NASDAQ
SRTA,Strata Critical Medical Inc. Class A Common Stock,$5.66,-0.31,-5.193%,966023,500722122.00,United States,2019,Medical/Nursing Services,Health Care,/market-activity/stocks/srta,NASDAQ
SRTS,Sensus Healthcare Inc. Common Stock,$3.54,0.02,0.568%,139927,58275689.00,United States,2016,Medical/Dental Instruments,Health Care,/market-activity/stocks/srts,NASDAQ
SRZN,Surrozen Inc. Common Stock,$22.02,-0.40,-1.784%,266751,258813347.00,United States,,Biotechnology: Biological Products (No Diagnostic Substances),Health Care,/market-activity/stocks/srzn,NASDAQ
SSAC,SPACSphere Acquisition Corp. Class A Ordinary Shares,$10.09,-0.01,-0.099%,90744,0.00,United States,2026,Blank Checks,Finance,/market-activity/stocks/ssac,NASDAQ
SSACR,SPACSphere Acquisition Corp. Rights,$0.17,0.00,0.00%,4,0.00,United States,2026,Blank Checks,Finance,/market-activity/stocks/ssacr,NASDAQ
SSACW,SPACSphere Acquisition Corp. Warrant,$0.1177,0.0276,30.633%,7171,0.00,United States,2026,Blank Checks,Finance,/market-activity/stocks/ssacw,NASDAQ
SSBI,Summit State Bank Common Stock,$12.86,-0.01,-0.078%,716,85816452.00,United States,2006,Major Banks,Finance,/market-activity/stocks/ssbi,NASDAQ
SSEA,Starry Sea Acquisition Corp	Ordinary Shares,$10.30,0.00,0.00%,250,0.00,United States,2025,Blank Checks,Finance,/market-activity/stocks/ssea,NASDAQ
SSEAR,Starry Sea Acquisition Corp Rights,$0.11,-0.04,-26.667%,100,0.00,United States,2025,Blank Checks,Finance,/market-activity/stocks/ssear,NASDAQ
SSII,SS Innovations International Inc. Common Stock,$3.41,-0.07,-2.011%,20649,683314333.00,India,,Medical/Dental Instruments,Health Care,/market-activity/stocks/ssii,NASDAQ
SSM,Sono Group N.V. Ordinary Shares,$2.68,0.01,0.375%,4855855,3818555.00,Germany,,Semiconductors,Technology,/market-activity/stocks/ssm,NASDAQ
SSNC,SS&C Technologies Holdings Inc. Common Stock,$82.97,-0.45,-0.539%,1898787,19469325018.00,United States,2010,Computer Software: Prepackaged Software,Technology,/market-activity/stocks/ssnc,NASDAQ
SSP,E.W. Scripps Company (The) Class A Common Stock,$3.31,0.05,1.534%,369194,306734360.00,United States,,Broadcasting,Industrials,/market-activity/stocks/ssp,NASDAQ
SSRM,SSR Mining Inc. Common Stock,$37.61,0.32,0.858%,2876396,7669029224.00,Canada,,Precious Metals,Industrials,/market-activity/stocks/ssrm,NASDAQ
SSTI,SoundThinking Inc. Common Stock,$6.44,0.24,3.871%,195477,84774808.00,United States,2017,Computer Software: Prepackaged Software,Technology,/market-activity/stocks/ssti,NASDAQ
SSYS,Stratasys Ltd. Ordinary Shares (Israel),$7.75,0.01,0.129%,866584,667837177.00,United States,1994,Computer peripheral equipment,Technology,/market-activity/stocks/ssys,NASDAQ
STAA,STAAR Surgical Company Common Stock,$22.59,0.48,2.171%,787345,1132752599.00,United States,,Ophthalmic Goods,Health Care,/market-activity/stocks/staa,NASDAQ
STAK,STAK Inc. Class A Ordinary Shares,$1.31,0.04,3.15%,159152,25165557.00,China,2025,Oil and Gas Field Machinery,Consumer Discretionary,/market-activity/stocks/stak,NASDAQ
STBA,S&T Bancorp Inc. Common Stock,$49.48,-0.31,-0.623%,214669,1744936544.00,United States,,Major Banks,Finance,/market-activity/stocks/stba,NASDAQ
STEP,StepStone Group Inc. Class A Common Stock,$52.26,2.27,4.541%,1146713,6306562670.00,United States,2020,Investment Managers,Finance,/market-activity/stocks/step,NASDAQ
STEX,Streamex Corp. Common Stock,$0.7485,-0.0233,-3.019%,483446,87174365.00,United States,,Biotechnology: Electromedical & Electrotherapeutic Apparatus,Health Care,/market-activity/stocks/stex,NASDAQ
STFS,Star Fashion Culture Holdings Limited Class A Ordinary Shares,$4.47,0.25,5.924%,137909,5336179.00,China,2024,Advertising,Consumer Discretionary,/market-activity/stocks/stfs,NASDAQ
STGW,Stagwell Inc. Class A Common Stock,$8.68,-0.06,-0.686%,1004589,2122046915.00,Canada,,Advertising,Consumer Discretionary,/market-activity/stocks/stgw,NASDAQ
STHO,Star Holdings Shares of Beneficial Interest,$9.83,-0.02,-0.203%,8532,118759503.00,United States,,Real Estate,Real Estate,/market-activity/stocks/stho,NASDAQ
STI,Solidion Technology Inc. Common Stock,$7.775,0.225,2.98%,40774,66186795.00,United States,2022,Industrial Machinery/Components,Miscellaneous,/market-activity/stocks/sti,NASDAQ
STIM,Neuronetics Inc. Common Stock,$2.84,-0.10,-3.401%,964081,216400110.00,United States,2018,Medical/Dental Instruments,Health Care,/market-activity/stocks/stim,NASDAQ
STKE,Sol Strategies Inc. Common Shares,$1.21,-0.02,-1.626%,169163,47779124.00,Canada,,,,/market-activity/stocks/stke,NASDAQ
STKH,Steakholder Foods Ltd. American Depositary Shares,$2.99,-0.04,-1.32%,94803,3329751.00,Israel,2021,Packaged Foods,Consumer Staples,/market-activity/stocks/stkh,NASDAQ
STKS,The ONE Group Hospitality Inc. Common Stock,$1.68,0.01,0.599%,23450,53237560.00,United States,,Restaurants,Consumer Discretionary,/market-activity/stocks/stks,NASDAQ
STLD,Steel Dynamics Inc.,$232.62,-2.045,-0.871%,916337,33340979831.00,United States,1996,Steel/Iron Ore,Industrials,/market-activity/stocks/stld,NASDAQ
STLN,Starling Oncology Inc. Common Stock,$5.91,-0.26,-4.214%,1345694,602324240.00,United States,2020,Medical/Nursing Services,Health Care,/market-activity/stocks/stln,NASDAQ
STLNW,Starling Oncology Inc. Warrant,$0.066,0.001,1.538%,112,6726464.00,United States,2020,Medical/Nursing Services,Health Care,/market-activity/stocks/stlnw,NASDAQ
STNE,StoneCo Ltd. Class A Common Shares,$9.70,-0.005,-0.052%,33419173,2393132270.00,Brazil,2018,EDP Services,Technology,/market-activity/stocks/stne,NASDAQ
STOK,Stoke Therapeutics Inc. Common Stock,$31.20,-0.42,-1.328%,1116088,2013218750.00,United States,2019,Biotechnology: Pharmaceutical Preparations,Health Care,/market-activity/stocks/stok,NASDAQ
STRA,Strategic Education Inc. Common Stock,$82.84,-1.80,-2.127%,227682,1839674188.00,United States,1996,Other Consumer Services,Real Estate,/market-activity/stocks/stra,NASDAQ
STRC,Strategy Inc Variable Rate Series A Perpetual Stretch Preferred Stock,$97.10,0.27,0.279%,2562651,37308320422.00,United States,,Computer Software: Prepackaged Software,Technology,/market-activity/stocks/strc,NASDAQ
STRD,Strategy Inc 10.00% Series A Perpetual Stride Preferred Stock,$72.50,0.45,0.625%,122810,27856366948.00,United States,,Computer Software: Prepackaged Software,Technology,/market-activity/stocks/strd,NASDAQ
STRF,Strategy Inc 10.00% Series A Perpetual Strife Preferred Stock,$102.44,0.79,0.777%,110656,39360085932.00,United States,,Computer Software: Prepackaged Software,Technology,/market-activity/stocks/strf,NASDAQ
STRK,Strategy Inc 8.00% Series A Perpetual Strike Preferred Stock,$72.65,0.92,1.283%,139708,27914000810.00,United States,,Computer Software: Prepackaged Software,Technology,/market-activity/stocks/strk,NASDAQ
STRL,Sterling Infrastructure Inc. Common Stock,$470.07,-0.45,-0.096%,418445,14378744656.00,United States,,Military/Government/Technical,Industrials,/market-activity/stocks/strl,NASDAQ
STRO,Sutro Biopharma Inc. Common Stock,$20.24,-0.21,-1.027%,169370,335602901.00,United States,2018,Biotechnology: Biological Products (No Diagnostic Substances),Health Care,/market-activity/stocks/stro,NASDAQ
STRR,Star Equity Holdings Inc. Common Stock,$10.3428,0.0328,0.318%,9988,38158757.00,United States,,Professional Services,Consumer Discretionary,/market-activity/stocks/strr,NASDAQ
STRRP,Star Equity Holdings Inc. 10% Series A Cumulative Perpetual Preferred Stock,$9.95,0.04,0.404%,12610,36709560.00,United States,,Professional Services,Consumer Discretionary,/market-activity/stocks/strrp,NASDAQ
STRT,STRATTEC SECURITY CORPORATION Common Stock,$70.14,-4.90,-6.53%,100560,293100962.00,United States,,Auto Parts:O.E.M.,Consumer Discretionary,/market-activity/stocks/strt,NASDAQ
STRZ,Starz Entertainment Corp. Common Shares,$26.475,-1.275,-4.595%,237525,453362427.00,United States,,Movies/Entertainment,Consumer Discretionary,/market-activity/stocks/strz,NASDAQ
STTK,Shattuck Labs Inc. Common Stock,$7.01,-0.03,-0.426%,751239,703546404.00,United States,2020,Biotechnology: Pharmaceutical Preparations,Health Care,/market-activity/stocks/sttk,NASDAQ
STX,Seagate Technology Holdings PLC Ordinary Shares (Ireland),$828.38,-1.38,-0.166%,3458635,187747785821.00,Ireland,2002,Electronic Components,Technology,/market-activity/stocks/stx,NASDAQ
SUGP,SU Group Holdings Limited Class A Ordinary Shares,$0.75,-0.05,-6.25%,580639,1744874.00,Hong Kong,2024,Diversified Commercial Services,Consumer Discretionary,/market-activity/stocks/sugp,NASDAQ
SUIG,Sui Group Holdings Limited Common Stock,$0.98,0.0321,3.386%,558801,75266815.00,United States,,Finance: Consumer Services,Finance,/market-activity/stocks/suig,NASDAQ
SUJA,Suja Life Inc. Class A Common Stock,$10.07,0.70,7.471%,814439,388953871.00,United States,2026,Beverages (Production/Distribution),Consumer Staples,/market-activity/stocks/suja,NASDAQ
SUMA,SUMA Acquisition Corporation Class A Ordinary Shares,$9.90,0.00,0.00%,285,0.00,Canada,2026,,,/market-activity/stocks/suma,NASDAQ
SUMAU,SUMA Acquisition Corporation Units,$10.25,0.00,0.00%,15,0.00,Canada,2026,Blank Checks,Finance,/market-activity/stocks/sumau,NASDAQ
SUNE,SUNation Energy Inc. Common Stock,$2.31,0.15,6.944%,180412,15045279.00,United States,,Engineering & Construction,Consumer Discretionary,/market-activity/stocks/sune,NASDAQ
SUNS,Sunrise Realty Trust Inc. Common Stock,$7.49,-0.01,-0.133%,56687,101233724.00,United States,,Real Estate Investment Trusts,Real Estate,/market-activity/stocks/suns,NASDAQ
SUPN,Supernus Pharmaceuticals Inc. Common Stock,$44.21,0.48,1.098%,535722,2569795245.00,United States,2012,Biotechnology: Pharmaceutical Preparations,Health Care,/market-activity/stocks/supn,NASDAQ
SUPX,SuperX AI Technology Limited Ordinary Shares,$9.28,-0.10,-1.066%,1099399,401049445.00,Hong Kong,2024,,,/market-activity/stocks/supx,NASDAQ
SURG,SurgePays Inc. Common Stock,$0.167,-0.006,-3.468%,1880320,8835707.00,United States,,Advertising,Consumer Discretionary,/market-activity/stocks/surg,NASDAQ
SVAQ,Silicon Valley Acquisition Corp. Class A Ordinary Shares,$10.045,-0.0048,-0.048%,41819,0.00,United States,2026,Blank Checks,Finance,/market-activity/stocks/svaq,NASDAQ
SVAQW,Silicon Valley Acquisition Corp. Warrants,$0.49,0.00,0.00%,6,0.00,United States,2026,Blank Checks,Finance,/market-activity/stocks/svaqw,NASDAQ
SVC,Service Properties Trust Common Shares of Beneficial Interest,$7.80,-0.07,-0.889%,2343388,1010174006.00,United States,,Real Estate Investment Trusts,Real Estate,/market-activity/stocks/svc,NASDAQ
SVCC,Stellar V Capital Corp. Class A Ordinary Shares,$10.67,0.01,0.094%,7681,0.00,United States,2025,,,/market-activity/stocks/svcc,NASDAQ
SVCCU,Stellar V Capital Corp. Unit,$10.71,0.00,0.00%,4,0.00,United States,2025,Blank Checks,Finance,/market-activity/stocks/svccu,NASDAQ
SVCCW,Stellar V Capital Corp. Warrant,$0.2319,-0.0181,-7.24%,211,0.00,United States,2025,Blank Checks,Finance,/market-activity/stocks/svccw,NASDAQ
SVCO,Silvaco Group Inc. Common Stock,$6.94,0.08,1.166%,436431,235167161.00,United States,2024,Computer Software: Prepackaged Software,Technology,/market-activity/stocks/svco,NASDAQ
SVIV,Spring Valley Acquisition Corp. IV Class A Ordinary Shares,$10.20,0.00,0.00%,7,0.00,United States,2026,Blank Checks,Finance,/market-activity/stocks/sviv,NASDAQ
SVIVU,Spring Valley Acquisition Corp. IV Units,$10.3701,0.00,0.00%,1,0.00,United States,2026,Blank Checks,Finance,/market-activity/stocks/svivu,NASDAQ
SVIVW,Spring Valley Acquisition Corp. IV Warrants,$0.75,0.03,4.167%,558,0.00,United States,2026,Blank Checks,Finance,/market-activity/stocks/svivw,NASDAQ
SVRA,Savara Inc. Common Stock,$5.39,0.13,2.471%,1958664,1107429481.00,United States,,Biotechnology: Pharmaceutical Preparations,Health Care,/market-activity/stocks/svra,NASDAQ
SVRE,SaverOne 2014 Ltd. American Depositary Shares,$2.645,0.035,1.341%,7470,6612064.00,Israel,2022,EDP Services,Technology,/market-activity/stocks/svre,NASDAQ
SVRN,SVRN Inc. Common Stock,$9.06,0.315,3.602%,5308,16994893.00,Greece,,Marine Transportation,Consumer Discretionary,/market-activity/stocks/svrn,NASDAQ
SWAG,Stran & Company Inc. Common Stock,$1.75,0.04,2.339%,16725,32619281.00,United States,2021,Advertising,Consumer Discretionary,/market-activity/stocks/swag,NASDAQ
SWAGW,Stran & Company Inc. Warrant,$0.005,0.0001,2.041%,34767,93198.00,United States,2021,Advertising,Consumer Discretionary,/market-activity/stocks/swagw,NASDAQ
SWBI,Smith & Wesson Brands Inc. Common Stock,$12.72,-0.06,-0.469%,608826,570360730.00,United States,,Ordnance And Accessories,Industrials,/market-activity/stocks/swbi,NASDAQ
SWIM,Latham Group Inc. Common Stock,$7.07,-0.01,-0.141%,975702,831757828.00,United States,2021,Plastic Products,Industrials,/market-activity/stocks/swim,NASDAQ
SWKHL,SWK Holdings Corporation 9.00% Senior Notes due 2027,$25.4401,0.0197,0.077%,636,309030842.00,United States,,,,/market-activity/stocks/swkhl,NASDAQ
SWKS,Skyworks Solutions Inc. Common Stock,$67.01,1.22,1.854%,20028658,10083181122.00,United States,,Semiconductors,Technology,/market-activity/stocks/swks,NASDAQ
SWMR,Swarmer Inc Common Stock,$33.14,0.13,0.394%,255403,528151550.00,United States,2026,Computer Software: Prepackaged Software,Technology,/market-activity/stocks/swmr,NASDAQ
SWVL,Swvl Holdings Corp Class A Common Shares,$2.91,-0.21,-6.731%,491482,84309611.00,United Arab Emirates,,Business Services,Consumer Discretionary,/market-activity/stocks/swvl,NASDAQ
SWVLW,Swvl Holdings Corp Warrant,$0.0112,-0.0033,-22.759%,183879,324491.00,United Arab Emirates,,Business Services,Consumer Discretionary,/market-activity/stocks/swvlw,NASDAQ
SXTC,China SXT Pharmaceuticals Inc. Class A Ordinary Shares,$2.56,-0.44,-14.667%,163001,3382979.00,China,2019,Biotechnology: Pharmaceutical Preparations,Health Care,/market-activity/stocks/sxtc,NASDAQ
SXTP,60 Degrees Pharmaceuticals Inc. Common Stock,$1.08,0.05,4.854%,40670,3798347.00,United States,2023,Biotechnology: Pharmaceutical Preparations,Health Care,/market-activity/stocks/sxtp,NASDAQ
SXTPW,60 Degrees Pharmaceuticals Inc. Warrant,$0.0367,-0.0006,-1.609%,33988,129073.00,United States,2023,Biotechnology: Pharmaceutical Preparations,Health Care,/market-activity/stocks/sxtpw,NASDAQ
SY,So-Young International Inc. American Depository Shares,$2.91,0.51,21.25%,14207375,291879318.00,China,2019,EDP Services,Technology,/market-activity/stocks/sy,NASDAQ
SYBT,Stock Yards Bancorp Inc. Common Stock,$79.21,-0.63,-0.789%,151587,2460788792.00,United States,,Major Banks,Finance,/market-activity/stocks/sybt,NASDAQ
SYM,Symbotic Inc. Class A Common Stock,$39.67,-0.205,-0.514%,1561458,23992483756.00,United States,2021,Industrial Machinery/Components,Industrials,/market-activity/stocks/sym,NASDAQ
SYNA,Synaptics Incorporated Common Stock $0.001 Par Value,$96.72,1.64,1.725%,711952,3782427686.00,United States,2002,Semiconductors,Technology,/market-activity/stocks/syna,NASDAQ
SYPR,Sypris Solutions Inc. Common Stock,$1.82,0.08,4.598%,39184,41908108.00,United States,,Industrial Machinery/Components,Industrials,/market-activity/stocks/sypr,NASDAQ
SYRE,Spyre Therapeutics Inc. Common Stock,$89.33,-1.03,-1.14%,1913158,7876562159.00,United States,2016,Biotechnology: Pharmaceutical Preparations,Health Care,/market-activity/stocks/syre,NASDAQ
SZZL,Sizzle Acquisition Corp. II Class A ordinary shares,$10.46,0.0099,0.095%,25243,0.00,United States,2025,Blank Checks,Finance,/market-activity/stocks/szzl,NASDAQ
TACH,Titan Acquisition Corp. Class A Ordinary Shares,$10.49,0.01,0.095%,63890,0.00,United States,2025,Blank Checks,Finance,/market-activity/stocks/tach,NASDAQ
TACHW,Titan Acquisition Corp. Warrants,$0.51,0.00,0.00%,1,0.00,United States,2025,Blank Checks,Finance,/market-activity/stocks/tachw,NASDAQ
TACO,Berto Acquisition Corp. Ordinary Shares,$10.49,0.01,0.095%,36844,382279014.00,United States,2025,Blank Checks,Finance,/market-activity/stocks/taco,NASDAQ
TACOU,Berto Acquisition Corp. Unit,$10.75,-0.03,-0.278%,402,0.00,United States,2025,Blank Checks,Finance,/market-activity/stocks/tacou,NASDAQ
TACOW,Berto Acquisition Corp. Warrant,$0.85,0.00,0.00%,5,0.00,United States,2025,Blank Checks,Finance,/market-activity/stocks/tacow,NASDAQ
TACT,TransAct Technologies Incorporated Common Stock,$4.97,-0.20,-3.868%,36020,51312621.00,United States,1996,Computer peripheral equipment,Technology,/market-activity/stocks/tact,NASDAQ
TANH,Tantech Holdings Ltd. Class A Common Shares,$0.3465,0.0063,1.852%,86061,4999005.00,China,2015,Major Chemicals,Industrials,/market-activity/stocks/tanh,NASDAQ
TAOP,Taoping Inc. Ordinary Shares ,$0.8011,0.0316,4.107%,35901,7652734.00,Hong Kong,,Computer Software: Prepackaged Software,Technology,/market-activity/stocks/taop,NASDAQ
TAOX,Tao Synergies Inc. Common Stock,$3.95,0.06,1.542%,171730,29558806.00,United States,,Finance: Consumer Services,Finance,/market-activity/stocks/taox,NASDAQ
TARA,Protara Therapeutics Inc.  Common Stock,$3.86,0.04,1.047%,506472,228108584.00,United States,2014,Biotechnology: Biological Products (No Diagnostic Substances),Health Care,/market-activity/stocks/tara,NASDAQ
TARS,Tarsus Pharmaceuticals Inc. Common Stock,$74.24,2.48,3.456%,711972,3257873623.00,United States,2020,Biotechnology: Biological Products (No Diagnostic Substances),Health Care,/market-activity/stocks/tars,NASDAQ
TASK,TaskUs Inc. Class A Common Stock,$8.25,-0.14,-1.669%,482360,756417923.00,United States,2021,EDP Services,Technology,/market-activity/stocks/task,NASDAQ
TATT,TAT Technologies Ltd. Ordinary Shares,$36.33,0.03,0.083%,78208,471677367.00,Israel,,Aerospace,Industrials,/market-activity/stocks/tatt,NASDAQ
TAVI,Tavia Acquisition Corp. Ordinary Shares,$10.70,0.00,0.00%,9,0.00,United States,2024,Blank Checks,Finance,/market-activity/stocks/tavi,NASDAQ
TAVIR,Tavia Acquisition Corp. Right,$0.09,-0.0099,-9.91%,10500,0.00,United States,2024,Blank Checks,Finance,/market-activity/stocks/tavir,NASDAQ
TAVIU,Tavia Acquisition Corp. Unit,$10.80,0.00,0.00%,37,0.00,United States,2024,Blank Checks,Finance,/market-activity/stocks/taviu,NASDAQ
TAYD,Taylor Devices Inc. Common Stock,$60.02,0.02,0.033%,20490,193565400.00,United States,,Industrial Machinery/Components,Industrials,/market-activity/stocks/tayd,NASDAQ
TBBK,The Bancorp Inc Common Stock,$65.00,-0.70,-1.065%,267631,2651142585.00,United States,2004,Major Banks,Finance,/market-activity/stocks/tbbk,NASDAQ
TBCH,Turtle Beach Corporation Common Stock,$12.81,0.36,2.892%,429518,229423398.00,United States,,Telecommunications Equipment,Telecommunications,/market-activity/stocks/tbch,NASDAQ
TBCVU,Thunder Bridge Capital Partners V Ltd. Units,$9.92,-0.01,-0.101%,590189,0.00,United States,2026,Blank Checks,Finance,/market-activity/stocks/tbcvu,NASDAQ
TBLA,Taboola.com Ltd. Ordinary Shares,$3.73,-0.05,-1.323%,2646331,940391762.00,Israel,,Computer Software: Programming Data Processing,Technology,/market-activity/stocks/tbla,NASDAQ
TBLD,Thornburg Income Builder Opportunities Trust Common Stock,$22.31,-0.015,-0.067%,37467,715746810.00,United States,2021,Investment Managers,Finance,/market-activity/stocks/tbld,NASDAQ
TBPH,Theravance Biopharma Inc. Ordinary Shares,$17.04,-0.01,-0.059%,383660,884695568.00,Cayman Islands,,Biotechnology: Pharmaceutical Preparations,Health Care,/market-activity/stocks/tbph,NASDAQ
TC,Token Cat Limited American Depositary Shares,$1.97,-0.12,-5.742%,209897,52033257.00,China,2018,Business Services,Consumer Discretionary,/market-activity/stocks/tc,NASDAQ
TCBI,Texas Capital Bancshares Inc. Common Stock,$97.18,-1.46,-1.48%,350694,4224839179.00,United States,2003,Major Banks,Finance,/market-activity/stocks/tcbi,NASDAQ
TCBIO,Texas Capital Bancshares Inc. Depositary Shares 5.75% Fixed Rate Non-Cumulative Perpetual Preferred Stock Series B,$20.58,-0.17,-0.819%,35051,894702514.00,United States,,Major Banks,Finance,/market-activity/stocks/tcbio,NASDAQ
TCBK,TriCo Bancshares Common Stock,$53.38,-0.43,-0.799%,220138,1706378709.00,United States,,Major Banks,Finance,/market-activity/stocks/tcbk,NASDAQ
TCBS,Texas Community Bancshares Inc. Common Stock,$17.31,0.00,0.00%,279,49726904.00,United States,2021,Banks,Finance,/market-activity/stocks/tcbs,NASDAQ
TCGX,TCGX Acquisition Corp. Class A Ordinary Shares,$14.10,0.43,3.146%,38471,0.00,United States,2026,,,/market-activity/stocks/tcgx,NASDAQ
TCMD,Tactile Systems Technology Inc. Common Stock,$22.98,-0.18,-0.777%,278342,520549532.00,United States,2016,Medical/Dental Instruments,Health Care,/market-activity/stocks/tcmd,NASDAQ
TCOM,Trip.com Group Limited American Depositary Shares,$44.65,-0.70,-1.544%,1970356,28116338162.00,China,2003,Business Services,Consumer Discretionary,/market-activity/stocks/tcom,NASDAQ
TCPC,BlackRock TCP Capital Corp. Common Stock,$4.16,0.04,0.971%,457385,349035544.00,United States,2012,Finance/Investors Services,Finance,/market-activity/stocks/tcpc,NASDAQ
TCRT,Alaunos Therapeutics Inc. Common Stock,$1.70,0.095,5.919%,12920,4318816.00,United States,,Biotechnology: Pharmaceutical Preparations,Health Care,/market-activity/stocks/tcrt,NASDAQ
TCRX,TScan Therapeutics Inc. Common Stock,$0.7297,-0.0238,-3.159%,330092,46337896.00,United States,2021,Biotechnology: Biological Products (No Diagnostic Substances),Health Care,/market-activity/stocks/tcrx,NASDAQ
TCX,Tucows Inc. Class A Common Stock,$10.58,0.46,4.545%,81302,118306745.00,Canada,,EDP Services,Technology,/market-activity/stocks/tcx,NASDAQ
TDAC,Translational Development Acquisition Corp. Ordinary Shares,$10.85,0.01,0.092%,10888,0.00,United States,2025,,,/market-activity/stocks/tdac,NASDAQ
TDACW,Translational Development Acquisition Corp. Warrants,$1.75,0.0999,6.054%,2354,0.00,United States,2025,,,/market-activity/stocks/tdacw,NASDAQ
TDIC,Dreamland Limited Class A Ordinary Shares,$2.54,0.01,0.395%,23673,8853381.00,Hong Kong,2025,Other Consumer Services,Consumer Discretionary,/market-activity/stocks/tdic,NASDAQ
TDTH,Trident Digital Tech Holdings Ltd Class B Ordinary Shares,$1.83,-0.065,-3.43%,22039,15805254.00,Singapore,2024,Business Services,Consumer Discretionary,/market-activity/stocks/tdth,NASDAQ
TDUP,ThredUp Inc. Class A Common Stock,$2.69,-0.03,-1.103%,2645138,353287519.00,United States,2021,Catalog/Specialty Distribution,Consumer Discretionary,/market-activity/stocks/tdup,NASDAQ
TDWD,Tailwind 2.0 Acquisition Corp. Class A Ordinary Shares,$10.10,0.00,0.00%,11,0.00,United States,2025,Blank Checks,Finance,/market-activity/stocks/tdwd,NASDAQ
TEAD,Teads Holding Co. Common Stock,$0.502,0.0245,5.131%,313255,49228711.00,United States,2021,Computer Software: Programming Data Processing,Technology,/market-activity/stocks/tead,NASDAQ
TEAM,Atlassian Corporation Class A Common Stock,$194.17,3.755,1.972%,5116238,49151963709.00,Australia,2015,Computer Software: Prepackaged Software,Technology,/market-activity/stocks/team,NASDAQ
TECH,Bio-Techne Corp Common Stock,$72.31,-0.04,-0.055%,2200642,11339526790.00,United States,,Biotechnology: Biological Products (No Diagnostic Substances),Health Care,/market-activity/stocks/tech,NASDAQ
TECX,Tectonic Therapeutic Inc. Common Stock,$29.94,-5.68,-15.946%,719086,585308018.00,United States,2018,Biotechnology: Biological Products (No Diagnostic Substances),Health Care,/market-activity/stocks/tecx,NASDAQ
TELA,TELA Bio Inc. Common Stock,$0.738,0.038,5.429%,531192,33132331.00,United States,2019,Medical/Dental Instruments,Health Care,/market-activity/stocks/tela,NASDAQ
TELO,Telomir Pharmaceuticals Inc. Common Stock,$1.12,-0.02,-1.754%,45437,77027951.00,United States,2024,Biotechnology: Pharmaceutical Preparations,Health Care,/market-activity/stocks/telo,NASDAQ
TEM,Tempus AI Inc. Class A Common Stock,$63.05,-0.99,-1.546%,7169515,11376411366.00,United States,2024,Computer Software: Programming Data Processing,Technology,/market-activity/stocks/tem,NASDAQ
TENB,Tenable Holdings Inc. Common Stock,$38.15,0.48,1.274%,4057029,4201840351.00,United States,2018,Computer Software: Prepackaged Software,Technology,/market-activity/stocks/tenb,NASDAQ
TENX,Tenax Therapeutics Inc. Common Stock,$1.84,-0.29,-13.615%,17207086,68860007.00,United States,,Biotechnology: Pharmaceutical Preparations,Health Care,/market-activity/stocks/tenx,NASDAQ
TER,Teradyne Inc. Common Stock,$349.83,-5.14,-1.448%,1903466,54692684573.00,United States,,Electrical Products,Industrials,/market-activity/stocks/ter,NASDAQ
TFSL,TFS Financial Corporation Common Stock,$17.47,-0.06,-0.342%,842099,4899334930.00,United States,2007,Savings Institutions,Finance,/market-activity/stocks/tfsl,NASDAQ
TGHL,The GrowHub Limited Class A Ordinary Shares,$0.7611,0.0143,1.915%,63172,19255685.00,Singapore,2025,EDP Services,Technology,/market-activity/stocks/tghl,NASDAQ
TGL,Treasure Global Inc. Common Stock,$2.595,0.065,2.569%,35910,5072789.00,United States,2022,Business Services,Consumer Discretionary,/market-activity/stocks/tgl,NASDAQ
TGTX,TG Therapeutics Inc. Common Stock,$54.30,0.37,0.686%,1622099,8311649578.00,United States,,Biotechnology: Pharmaceutical Preparations,Health Care,/market-activity/stocks/tgtx,NASDAQ
TH,Target Hospitality Corp. Common Stock,$18.52,-0.03,-0.162%,1418624,1845025794.00,United States,2018,Hotels/Resorts,Consumer Discretionary,/market-activity/stocks/th,NASDAQ
THCH,TH International Limited Ordinary shares,$1.38,0.08,6.154%,875,45876143.00,China,,Restaurants,Consumer Discretionary,/market-activity/stocks/thch,NASDAQ
THEO,BOA Acquisition Corp. II Class A Ordinary Shares,$9.86,0.00,0.00%,104452,0.00,United States,2026,Blank Checks,Finance,/market-activity/stocks/theo,NASDAQ
THEOR,BOA Acquisition Corp. II Rights,$0.30,0.02,7.143%,337260,0.00,United States,2026,Blank Checks,Finance,/market-activity/stocks/theor,NASDAQ
THEOU,BOA Acquisition Corp. II Units,$10.20,0.075,0.741%,1332,0.00,United States,2026,Blank Checks,Finance,/market-activity/stocks/theou,NASDAQ
THFF,First Financial Corporation Common Stock,$78.28,-0.96,-1.212%,103957,930897619.00,United States,,Major Banks,Finance,/market-activity/stocks/thff,NASDAQ
THH,TryHard Holdings Limited Ordinary Shares,$2.13,0.08,3.902%,26163,10659851.00,Japan,2025,Services-Misc. Amusement & Recreation,Consumer Discretionary,/market-activity/stocks/thh,NASDAQ
THRM,Gentherm Inc Common Stock,$39.29,-0.255,-0.645%,316767,1206411905.00,United States,,Auto Parts:O.E.M.,Consumer Discretionary,/market-activity/stocks/thrm,NASDAQ
THRY,Thryv Holdings Inc. Common Stock,$1.91,0.01,0.526%,604023,84878702.00,United States,,Advertising,Consumer Discretionary,/market-activity/stocks/thry,NASDAQ
TIGO,Millicom International Cellular S.A. Common Stock,$93.76,0.38,0.407%,1176997,15708628127.00,Luxembourg,,Telecommunications Equipment,Telecommunications,/market-activity/stocks/tigo,NASDAQ
TIGR,UP Fintech Holding Ltd American Depositary Share representing fifteen Class A Ordinary Shares,$5.04,-0.005,-0.099%,2380487,900651331.00,China,2019,Investment Bankers/Brokers/Service,Finance,/market-activity/stocks/tigr,NASDAQ
TIL,Instil Bio Inc. Common Stock,$7.61,0.03,0.396%,2605,51610837.00,United States,2021,Biotechnology: Biological Products (No Diagnostic Substances),Health Care,/market-activity/stocks/til,NASDAQ
TILE,Interface Inc. Common Stock,$37.92,-0.66,-1.711%,601826,2191793443.00,United States,,Home Furnishings,Consumer Discretionary,/market-activity/stocks/tile,NASDAQ
TIPT,Tiptree Inc. Common Stock,$18.52,0.07,0.379%,208484,689679096.00,United States,,Property-Casualty Insurers,Finance,/market-activity/stocks/tipt,NASDAQ
TITN,Titan Machinery Inc. Common Stock,$20.57,2.71,15.174%,760755,479325843.00,United States,2007,Other Specialty Stores,Consumer Discretionary,/market-activity/stocks/titn,NASDAQ
TJGC,TJGC Group Limited Class A Ordinary Shares,$10.08,0.18,1.818%,338448,154224000.00,Hong Kong,2025,Advertising,Consumer Discretionary,/market-activity/stocks/tjgc,NASDAQ
TKLF,Tokyo Lifestyle Co. Ltd. American Depositary Shares,$1.70,0.01,0.592%,15491,7195728.00,Japan,2022,Other Specialty Stores,Consumer Discretionary,/market-activity/stocks/tklf,NASDAQ
TKNO,Alpha Teknova Inc. Common Stock,$7.18,0.06,0.843%,121319,385481606.00,United States,2021,Biotechnology: In Vitro & In Vivo Diagnostic Substances,Health Care,/market-activity/stocks/tkno,NASDAQ
TLF,Tandy Leather Factory Inc. Common Stock,$2.62,0.04,1.55%,82213,21463237.00,United States,,Apparel,Consumer Discretionary,/market-activity/stocks/tlf,NASDAQ
TLIH,Ten-League International Holdings Limited Ordinary Shares,$5.785,0.015,0.26%,3875,17010416.00,Singapore,2025,Industrial Specialties,Consumer Discretionary,/market-activity/stocks/tlih,NASDAQ
TLN,Talen Energy Corporation Common Stock,$295.76,-0.345,-0.117%,741532,14171121242.00,United States,,Electric Utilities: Central,Utilities,/market-activity/stocks/tln,NASDAQ
TLNC,Talon Capital Corp. Class A Ordinary Shares,$10.23,0.01,0.098%,25120,0.00,United States,2025,Blank Checks,Finance,/market-activity/stocks/tlnc,NASDAQ
TLNCU,Talon Capital Corp. Units,$10.42,0.00,0.00%,4,0.00,United States,2025,Blank Checks,Finance,/market-activity/stocks/tlncu,NASDAQ
TLNCW,Talon Capital Corp. Warrants,$0.75,0.02,2.74%,772,0.00,United States,2025,,,/market-activity/stocks/tlncw,NASDAQ
TLPH,Talphera Inc. Common Stock,$1.19,-0.01,-0.833%,44543,61767897.00,United States,2011,Biotechnology: Pharmaceutical Preparations,Health Care,/market-activity/stocks/tlph,NASDAQ
TLRY,Tilray Brands Inc. Common Stock ,$4.57,-0.02,-0.436%,2424621,532508282.00,United States,2018, Medicinal Chemicals and Botanical Products ,Health Care,/market-activity/stocks/tlry,NASDAQ
TLS,Telos Corporation Common Stock,$4.82,0.03,0.626%,747094,360231323.00,United States,2020,EDP Services,Technology,/market-activity/stocks/tls,NASDAQ
TLSA,Tiziana Life Sciences Ltd. Common Shares,$0.988,-0.022,-2.178%,429681,125732021.00,United Kingdom,2018,Biotechnology: Pharmaceutical Preparations,Health Care,/market-activity/stocks/tlsa,NASDAQ
TLSI,TriSalus Life Sciences Inc. Common Stock,$4.95,0.12,2.484%,72693,304794270.00,United States,2021,Medical Specialities,Health Care,/market-activity/stocks/tlsi,NASDAQ
TLSIW,TriSalus Life Sciences Inc. Warrant,$0.87,-0.03,-3.333%,384,53569902.00,United States,2021,Medical Specialities,Health Care,/market-activity/stocks/tlsiw,NASDAQ
TLX,Telix Pharmaceuticals Limited American Depositary Shares,$11.09,-0.20,-1.771%,121866,3757037473.00,Australia,,Biotechnology: Pharmaceutical Preparations,Health Care,/market-activity/stocks/tlx,NASDAQ
TMC,TMC the metals company Inc. Common Stock,$4.77,-0.04,-0.832%,6974171,2104216249.00,Canada,,Metal Mining,Basic Materials,/market-activity/stocks/tmc,NASDAQ
TMCI,Treace Medical Concepts Inc. Common Stock,$4.70,0.05,1.075%,260970,305662394.00,United States,2021,Medical/Dental Instruments,Health Care,/market-activity/stocks/tmci,NASDAQ
TMCR,The Metals Royalty Company Inc. Common Stock,$6.36,0.13,2.087%,32338,400991277.00,Canada,,Precious Metals,Basic Materials,/market-activity/stocks/tmcr,NASDAQ
TMCWW,TMC the metals company Inc. Warrants,$0.0067,-0.0001,-1.471%,783639,2955608.00,Canada,,Metal Mining,Basic Materials,/market-activity/stocks/tmcww,NASDAQ
TMDX,TransMedics Group Inc. Common Stock,$84.87,-3.56,-4.026%,1184130,2942879556.00,United States,2019,Biotechnology: Electromedical & Electrotherapeutic Apparatus,Health Care,/market-activity/stocks/tmdx,NASDAQ
TMS,Teamshares Inc. Common Stock,$6.36,0.02,0.315%,160157,468480882.00,United States,2025,,,/market-activity/stocks/tms,NASDAQ
TMSWW,Teamshares Inc. Warrants,$1.205,0.315,35.393%,1002,88760922.00,United States,2025,,,/market-activity/stocks/tmsww,NASDAQ
TMTS,Spartacus Acquisition Corp. II Class A Ordinary Shares,$10.07,0.00,0.00%,120,0.00,United States,2026,,,/market-activity/stocks/tmts,NASDAQ
TMTSW,Spartacus Acquisition Corp. II Warrants,$0.46,0.06,15.00%,353,0.00,United States,2026,,,/market-activity/stocks/tmtsw,NASDAQ
TMUS,T-Mobile US Inc. Common Stock,$180.44,-0.93,-0.513%,3805287,193552865850.00,United States,,Telecommunications Equipment,Telecommunications,/market-activity/stocks/tmus,NASDAQ
TMUSI,T-Mobile US Inc. 5.500% Senior Notes due June 2070,$20.105,0.0888,0.444%,15920,0.00,United States,,Telecommunications Equipment,Telecommunications,/market-activity/stocks/tmusi,NASDAQ
TMUSL,T-Mobile US Inc. 6.250% Senior Notes due 2069,$23.09,0.1556,0.678%,30392,0.00,United States,,Telecommunications Equipment,Telecommunications,/market-activity/stocks/tmusl,NASDAQ
TMUSZ,T-Mobile US Inc. 5.500% Senior Notes due March 2070,$20.06,0.2038,1.026%,25833,0.00,United States,,Telecommunications Equipment,Telecommunications,/market-activity/stocks/tmusz,NASDAQ
TNDM,Tandem Diabetes Care Inc. Common Stock,$22.01,0.58,2.706%,1657007,1531427341.00,United States,2013,Medical/Dental Instruments,Health Care,/market-activity/stocks/tndm,NASDAQ
TNGX,Tango Therapeutics Inc.,$22.84,-0.50,-2.142%,1850148,3851060782.00,United States,2020,Biotechnology: Pharmaceutical Preparations,Health Care,/market-activity/stocks/tngx,NASDAQ
TNMG,TNL Mediagene Ordinary Shares,$0.4904,0.0244,5.236%,547980,3095875.00,Taiwan,,Advertising,Consumer Discretionary,/market-activity/stocks/tnmg,NASDAQ
TNON,Tenon Medical Inc. Common Stock,$4.53,-0.47,-9.40%,231890,3021723.00,United States,2022,Medical/Dental Instruments,Health Care,/market-activity/stocks/tnon,NASDAQ
TNONW,Tenon Medical Inc. Warrant,$0.0074,-0.0024,-24.49%,73353,4936.00,United States,,Medical/Dental Instruments,Health Care,/market-activity/stocks/tnonw,NASDAQ
TNXP,Tonix Pharmaceuticals Holding Corp. Common Stock,$14.10,0.51,3.753%,568852,241829438.00,United States,,Biotechnology: Pharmaceutical Preparations,Health Care,/market-activity/stocks/tnxp,NASDAQ
TNYA,Tenaya Therapeutics Inc. Common Stock,$0.6878,-0.0023,-0.333%,1505917,154225402.00,United States,2021,Biotechnology: Biological Products (No Diagnostic Substances),Health Care,/market-activity/stocks/tnya,NASDAQ
TOMZ,TOMI Environmental Solutions Inc. Common Stock,$1.65,-0.05,-2.941%,4979,13435252.00,United States,,Major Chemicals,Industrials,/market-activity/stocks/tomz,NASDAQ
TONX,TON Strategy Company Common Stock,$3.40,0.15,4.615%,478829,187244763.00,United States,,Finance: Consumer Services,Finance,/market-activity/stocks/tonx,NASDAQ
TOP,TOP Financial Group Limited Class A Ordinary Shares,$16.63,-0.10,-0.598%,150698,2090482681.00,Hong Kong,2022,Investment Bankers/Brokers/Service,Finance,/market-activity/stocks/top,NASDAQ
TORO,Toro Corp. Common Stock,$6.12,-0.11,-1.766%,11983,211503100.00,Cyprus,,Marine Transportation,Consumer Discretionary,/market-activity/stocks/toro,NASDAQ
TOUR,Tuniu Corporation American Depositary Shares,$4.83,-0.15,-3.012%,3713,52471946.00,China,2014,Transportation Services,Consumer Discretionary,/market-activity/stocks/tour,NASDAQ
TOWN,TowneBank Common Stock,$37.04,-0.39,-1.042%,416703,2763825903.00,United States,,Major Banks,Finance,/market-activity/stocks/town,NASDAQ
TOYO,TOYO Co. Ltd Ordinary Shares,$4.21,-0.30,-6.652%,1191649,160710401.00,Japan,,Miscellaneous manufacturing industries,Consumer Discretionary,/market-activity/stocks/toyo,NASDAQ
TPCS,TechPrecision Corporation Common stock,$5.53,-0.155,-2.726%,12318,55854720.00,United States,,Metal Fabrications,Industrials,/market-activity/stocks/tpcs,NASDAQ
TPG,TPG Inc. Class A Common Stock,$54.12,0.15,0.278%,2189408,20452963616.00,United States,2022,Investment Managers,Finance,/market-activity/stocks/tpg,NASDAQ
TPGXL,TPG Operating Group II L.P. 6.950% Fixed-Rate Junior Subordinated Notes due 2064,$22.56,0.06,0.267%,31145,8230469484.00,United States,,,,/market-activity/stocks/tpgxl,NASDAQ
TPST,Tempest Therapeutics Inc. Common Stock,$1.09,0.03,2.83%,58917,18028346.00,United States,,Biotechnology: Pharmaceutical Preparations,Health Care,/market-activity/stocks/tpst,NASDAQ
TRAW,Traws Pharma Inc. Common Stock,$0.592,0.0021,0.356%,53495,9098020.00,United States,2013,Biotechnology: Pharmaceutical Preparations,Health Care,/market-activity/stocks/traw,NASDAQ
TRAX,First Tracks Biotherapeutics Inc. Ordinary Shares ,$41.84,-0.02,-0.048%,686988,1494978471.00,United States,,Biotechnology: Pharmaceutical Preparations,Health Care,/market-activity/stocks/trax,NASDAQ
TRDA,Entrada Therapeutics Inc. Common Stock,$7.05,0.05,0.714%,450417,274503516.00,United States,2021,Biotechnology: Pharmaceutical Preparations,Health Care,/market-activity/stocks/trda,NASDAQ
TREE,LendingTree Inc. Common Stock,$28.04,-0.92,-3.177%,541779,393669290.00,United States,,Finance: Consumer Services,Finance,/market-activity/stocks/tree,NASDAQ
TREO,Tactical Resources Corp. Common Shares,$5.34,0.1015,1.938%,29455,72688262.00,Canada,,Metal Mining,Basic Materials,/market-activity/stocks/treo,NASDAQ
TRGS,TRG Latin America Acquisitions Corp. Class A Ordinary Shares,$9.96,0.01,0.101%,372,0.00,United States,2026,Blank Checks,Finance,/market-activity/stocks/trgs,NASDAQ
TRGSU,TRG Latin America Acquisitions Corp. Units,$10.06,0.00,0.00%,3,0.00,United States,2026,,,/market-activity/stocks/trgsu,NASDAQ
TRI,Thomson Reuters Corporation Common Shares,$107.32,1.095,1.031%,990476,46491024000.00,United States,,Publishing,Consumer Discretionary,/market-activity/stocks/tri,NASDAQ
TRIB,Trinity Biotech plc American Depositary Shares,$9.87,0.19,1.963%,14557,8025613.00,Ireland,1992,Biotechnology: In Vitro & In Vivo Diagnostic Substances,Health Care,/market-activity/stocks/trib,NASDAQ
TRIP,TripAdvisor Inc. Common Stock,$9.52,-0.35,-3.546%,3570316,1115737736.00,United States,,Computer Software: Programming Data Processing,Technology,/market-activity/stocks/trip,NASDAQ
TRMB,Trimble Inc. Common Stock,$59.94,-1.07,-1.754%,25961483,13976800089.00,United States,1990,Industrial Machinery/Components,Industrials,/market-activity/stocks/trmb,NASDAQ
TRMD,TORM plc Class A Common Stock,$32.81,0.19,0.582%,929771,3324726117.00,United Kingdom,,Marine Transportation,Consumer Discretionary,/market-activity/stocks/trmd,NASDAQ
TRMK,Trustmark Corporation Common Stock,$45.92,-0.35,-0.756%,261501,2666600896.00,United States,,Major Banks,Finance,/market-activity/stocks/trmk,NASDAQ
TRNR,Interactive Strength Inc. Common Stock,$2.99,-0.01,-0.333%,13648,4842909.00,United States,2023,Consumer Electronics/Appliances,Technology,/market-activity/stocks/trnr,NASDAQ
TRNS,Transcat Inc. Common Stock,$86.49,0.64,0.745%,89546,809530226.00,United States,,Electrical Products,Industrials,/market-activity/stocks/trns,NASDAQ
TRON,Tron Inc. Common Stock,$1.75,-0.33,-15.865%,2972958,830168612.00,United States,2023,Finance: Consumer Services,Finance,/market-activity/stocks/tron,NASDAQ
TROO,TROOPS Inc. Ordinary Shares ,$2.27,0.12,5.581%,270401,277303577.00,China,,Diversified Financial Services,Finance,/market-activity/stocks/troo,NASDAQ
TROW,T. Rowe Price Group Inc. Common Stock,$111.28,0.04,0.036%,2584324,23737787788.00,United States,1986,Investment Managers,Finance,/market-activity/stocks/trow,NASDAQ
TRS,TriMas Corporation Common Stock,$38.78,-0.75,-1.897%,435444,1391188795.00,United States,2007,Industrial Specialties,Industrials,/market-activity/stocks/trs,NASDAQ
TRSG,Tungray Technologies Inc Class A Ordinary Shares,$1.39,-0.10,-6.711%,15553,22731344.00,Singapore,2024,Industrial Machinery/Components,Industrials,/market-activity/stocks/trsg,NASDAQ
TRST,TrustCo Bank Corp NY Common Stock,$56.72,-0.41,-0.718%,137427,965813413.00,United States,,Major Banks,Finance,/market-activity/stocks/trst,NASDAQ
TRUG,TruGolf Holdings Inc. Class A Common Stock,$0.4709,0.0079,1.706%,1580746,2172006.00,United States,2021,Recreational Games/Products/Toys,Consumer Discretionary,/market-activity/stocks/trug,NASDAQ
TRUP,Trupanion Inc. Common Stock,$29.15,-0.47,-1.587%,668507,1278886611.00,United States,,Medical Specialities,Health Care,/market-activity/stocks/trup,NASDAQ
TRVG,trivago N.V. American Depositary Shares,$5.73,-0.27,-4.50%,137153,404650732.00,Germany,2016,EDP Services,Technology,/market-activity/stocks/trvg,NASDAQ
TRVI,Trevi Therapeutics Inc. Common Stock,$16.60,-0.19,-1.132%,1872422,2365098961.00,United States,2019,Biotechnology: Pharmaceutical Preparations,Health Care,/market-activity/stocks/trvi,NASDAQ
TSAT,Telesat Corporation Class A Common Shares and Class B Variable Voting Shares ,$43.40,0.58,1.355%,91783,1569257547.00,Canada,,Metal Fabrications,Industrials,/market-activity/stocks/tsat,NASDAQ
TSBK,Timberland Bancorp Inc. Common Stock,$45.59,-0.81,-1.746%,30917,354492704.00,United States,,Banks,Finance,/market-activity/stocks/tsbk,NASDAQ
TSCO,Tractor Supply Company Common Stock,$34.90,0.18,0.518%,9000487,18184300781.00,United States,1994,RETAIL: Building Materials,Consumer Discretionary,/market-activity/stocks/tsco,NASDAQ
TSEM,Tower Semiconductor Ltd. Ordinary Shares,$205.05,-2.96,-1.423%,1196111,23177006550.00,Israel,1994,Semiconductors,Technology,/market-activity/stocks/tsem,NASDAQ
TSHA,Taysha Gene Therapies Inc. Common Stock,$5.69,-0.08,-1.386%,2062811,1853992871.00,United States,2020,Biotechnology: Biological Products (No Diagnostic Substances),Health Care,/market-activity/stocks/tsha,NASDAQ
TSLA,Tesla Inc. Common Stock,$367.95,19.20,5.505%,61566141,1453235963622.00,United States,2010,Auto Manufacturing,Industrials,/market-activity/stocks/tsla,NASDAQ
TSSI,TSS Inc. Common Stock,$7.87,-0.28,-3.436%,697747,222084081.00,United States,,Professional Services,Consumer Discretionary,/market-activity/stocks/tssi,NASDAQ
TTAN,ServiceTitan Inc. Class A Common Stock,$98.04,-1.83,-1.832%,759568,9352778645.00,United States,2024,Computer Software: Prepackaged Software,Technology,/market-activity/stocks/ttan,NASDAQ
TTD,The Trade Desk Inc. Class A Common Stock,$13.72,0.15,1.105%,23733814,6446756262.00,United States,2016,Computer Software: Programming Data Processing,Technology,/market-activity/stocks/ttd,NASDAQ
TTEC,TTEC Holdings Inc. Common Stock,$1.34,-0.06,-4.286%,476592,66056560.00,United States,1996,Professional Services,Consumer Discretionary,/market-activity/stocks/ttec,NASDAQ
TTEK,Tetra Tech Inc. Common Stock,$36.14,-0.40,-1.095%,1953710,9253445628.00,United States,1991,Military/Government/Technical,Consumer Discretionary,/market-activity/stocks/ttek,NASDAQ
TTGT,TechTarget Inc. Common Stock,$3.87,-0.01,-0.258%,323672,279927394.00,United States,,Telecommunications Equipment,Telecommunications,/market-activity/stocks/ttgt,NASDAQ
TTMI,TTM Technologies Inc. Common Stock,$118.92,0.27,0.228%,1401270,12528086907.00,United States,2000,Electrical Products,Technology,/market-activity/stocks/ttmi,NASDAQ
TTRX,Turn Therapeutics Inc. Common Stock,$9.60,-0.24,-2.439%,31594,285965184.00,United States,,Biotechnology: Pharmaceutical Preparations,Health Care,/market-activity/stocks/ttrx,NASDAQ
TTWO,Take-Two Interactive Software Inc. Common Stock,$219.70,-15.69,-6.666%,6843670,41079603327.00,United States,1997,Computer Software: Prepackaged Software,Technology,/market-activity/stocks/ttwo,NASDAQ
TULP,Bloomia Holdings Inc. Common Stock,$3.40,0.00,0.00%,161,16226694.00,United States,,Farming/Seeds/Milling,Consumer Staples,/market-activity/stocks/tulp,NASDAQ
TURB,Turbo Energy S.A. American Depositary Shares,$1.18,0.07,6.306%,126652,14180225.00,Spain,2023,Industrial Machinery/Components,Miscellaneous,/market-activity/stocks/turb,NASDAQ
TUSK,Mammoth Energy Services Inc. Common Stock,$3.13,0.04,1.294%,114292,150639341.00,United States,2016,Oilfield Services/Equipment,Energy,/market-activity/stocks/tusk,NASDAQ
TVA,Texas Ventures Acquisition III Corp Class A Ordinary Share,$10.55,0.00,0.00%,2519,0.00,United States,2025,,,/market-activity/stocks/tva,NASDAQ
TVACU,Texas Ventures Acquisition III Corp Unit,$10.75,0.00,0.00%,1,0.00,United States,2025,Blank Checks,Finance,/market-activity/stocks/tvacu,NASDAQ
TVACW,Texas Ventures Acquisition III Corp Warrants,$0.4285,0.0984,29.809%,300,0.00,United States,2025,,,/market-activity/stocks/tvacw,NASDAQ
TVAI,Thayer Ventures Acquisition Corporation II Class A Ordinary Shares,$10.37,0.00,0.00%,83,0.00,United States,2025,,,/market-activity/stocks/tvai,NASDAQ
TVGN,Tevogen Inc. Common Stock,$6.98,0.09,1.306%,8555,45450549.00,United States,2022,Biotechnology: Biological Products (No Diagnostic Substances),Health Care,/market-activity/stocks/tvgn,NASDAQ
TVGNW,Tevogen Inc. Warrant,$0.0499,-0.0036,-6.729%,209419,324926.00,United States,2022,Biotechnology: Biological Products (No Diagnostic Substances),Health Care,/market-activity/stocks/tvgnw,NASDAQ
TVIV,Texas Ventures Acquisition IV Corp Class A Ordinary Shares,$9.92,0.00,0.00%,1692,0.00,United States,2026,,,/market-activity/stocks/tviv,NASDAQ
TVIVU,Texas Ventures Acquisition IV Corp Units,$10.23,0.00,0.00%,41,0.00,United States,2026,,,/market-activity/stocks/tvivu,NASDAQ
TVRD,Tvardi Therapeutics Inc. Common Stock,$1.80,-0.02,-1.099%,117364,24010097.00,United States,2014,Biotechnology: Pharmaceutical Preparations,Health Care,/market-activity/stocks/tvrd,NASDAQ
TVTX,Travere Therapeutics Inc. Common Stock,$66.28,0.61,0.929%,1891164,6247624515.00,United States,,Biotechnology: Pharmaceutical Preparations,Health Care,/market-activity/stocks/tvtx,NASDAQ
TW,Tradeweb Markets Inc. Class A Common Stock,$107.70,-1.17,-1.075%,1320734,25204843817.00,United States,2019,Investment Bankers/Brokers/Service,Finance,/market-activity/stocks/tw,NASDAQ
TWAV,TaoWeave Inc. Common Stock,$1.36,0.01,0.741%,14637,5273018.00,United States,,Computer Software: Programming Data Processing,Technology,/market-activity/stocks/twav,NASDAQ
TWFG,TWFG Inc. Class A Common Stock,$28.83,-1.18,-3.932%,166690,1558313221.00,United States,2024,Specialty Insurers,Finance,/market-activity/stocks/twfg,NASDAQ
TWG,Top Wealth Group Holding Limited Class A Ordinary Shares,$0.46,-0.0204,-4.246%,96368,28863413.00,Hong Kong,2024,Packaged Foods,Consumer Staples,/market-activity/stocks/twg,NASDAQ
TWIN,Twin Disc Incorporated Common Stock,$22.95,-0.17,-0.735%,97981,331003880.00,United States,,Industrial Machinery/Components,Industrials,/market-activity/stocks/twin,NASDAQ
TWLV,Twelve Seas Investment Company III Class A Ordinary Shares,$10.07,-0.06,-0.592%,642,0.00,United States,2026,Blank Checks,Finance,/market-activity/stocks/twlv,NASDAQ
TWLVR,Twelve Seas Investment Company III Rights,$0.1067,-0.0133,-11.083%,9822,0.00,United States,2026,Blank Checks,Finance,/market-activity/stocks/twlvr,NASDAQ
TWST,Twist Bioscience Corporation Common Stock,$139.00,-2.38,-1.683%,1892073,9215863186.00,United States,2018,Biotechnology: Biological Products (No Diagnostic Substances),Health Care,/market-activity/stocks/twst,NASDAQ
TXG,10x Genomics Inc. Class A Common Stock,$62.45,0.91,1.479%,2655495,8136683442.00,United States,2019,Biotechnology: Laboratory Analytical Instruments,Industrials,/market-activity/stocks/txg,NASDAQ
TXMD,TherapeuticsMD Inc. Common Stock,$2.18,-0.04,-1.802%,46447,25232109.00,United States,,Biotechnology: Pharmaceutical Preparations,Health Care,/market-activity/stocks/txmd,NASDAQ
TXN,Texas Instruments Incorporated Common Stock,$260.91,2.27,0.878%,5759459,238275453754.00,United States,,Semiconductors,Technology,/market-activity/stocks/txn,NASDAQ
TXRH,Texas Roadhouse Inc. Common Stock,$195.60,-3.39,-1.704%,572217,12839365126.00,United States,2004,Restaurants,Consumer Discretionary,/market-activity/stocks/txrh,NASDAQ
TYGO,Tigo Energy Inc. Common Stock,$1.07,-0.02,-1.835%,964871,82147871.00,United States,2021,Semiconductors,Technology,/market-activity/stocks/tygo,NASDAQ
TYRA,Tyra Biosciences Inc. Common Stock,$25.03,0.09,0.361%,423798,1493713783.00,United States,2021,Biotechnology: Pharmaceutical Preparations,Health Care,/market-activity/stocks/tyra,NASDAQ
TZOO,Travelzoo Common Stock,$6.48,-0.20,-2.994%,51571,66111144.00,United States,,Advertising,Consumer Discretionary,/market-activity/stocks/tzoo,NASDAQ
UAL,United Airlines Holdings Inc. Common Stock,$107.99,-2.61,-2.36%,3392991,35051801538.00,United States,,Air Freight/Delivery Services,Consumer Discretionary,/market-activity/stocks/ual,NASDAQ
UBCP,United Bancorp Inc. Common Stock,$15.46,-0.25,-1.591%,1241,88671108.00,United States,,Major Banks,Finance,/market-activity/stocks/ubcp,NASDAQ
UBSI,United Bankshares Inc. Common Stock,$47.13,-0.47,-0.987%,704529,6419698471.00,United States,,Major Banks,Finance,/market-activity/stocks/ubsi,NASDAQ
UCAR,U Power Limited Class A Ordinary Shares,$0.6103,0.0042,0.693%,32979,21664889.00,China,2023,Industrial Machinery/Components,Miscellaneous,/market-activity/stocks/ucar,NASDAQ
UCL,uCloudlink Group Inc. American Depositary Shares,$0.3763,-0.0063,-1.647%,241580,14334114.00,Hong Kong,2020,Telecommunications Equipment,Consumer Discretionary,/market-activity/stocks/ucl,NASDAQ
UCTT,Ultra Clean Holdings Inc. Common Stock,$67.83,-1.65,-2.375%,980733,3071140877.00,United States,2004,Semiconductors,Technology,/market-activity/stocks/uctt,NASDAQ
UEIC,Universal Electronics Inc. Common Stock,$4.56,0.04,0.885%,72466,58755883.00,United States,1993,Consumer Electronics/Appliances,Consumer Staples,/market-activity/stocks/ueic,NASDAQ
UFCS,United Fire Group Inc. Common Stock,$53.87,-0.11,-0.204%,133099,1384751999.00,United States,,Property-Casualty Insurers,Finance,/market-activity/stocks/ufcs,NASDAQ
UFG,Uni-Fuels Holdings Limited Class A Ordinary Shares,$0.5602,0.0001,0.018%,25180,18186893.00,Singapore,2025,Oil Refining/Marketing,Energy,/market-activity/stocks/ufg,NASDAQ
UFPI,UFP Industries Inc. Common Stock,$84.52,-1.49,-1.732%,411530,4662249219.00,United States,1993,Forest Products,Basic Materials,/market-activity/stocks/ufpi,NASDAQ
UFPT,UFP Technologies Inc. Common Stock,$297.95,-2.10,-0.70%,147213,2307858131.00,United States,1993,Medical/Dental Instruments,Health Care,/market-activity/stocks/ufpt,NASDAQ
UG,United-Guardian Inc. Common Stock,$7.24,0.09,1.259%,10122,33262870.00,United States,,Package Goods/Cosmetics,Consumer Discretionary,/market-activity/stocks/ug,NASDAQ
UK,Ucommune International Ltd Class A Ordinary Shares,$2.03,0.06,3.046%,6276,1376241.00,United States,2019,Business Services,Consumer Discretionary,/market-activity/stocks/uk,NASDAQ
ULBI,Ultralife Corporation Common Stock,$6.31,-0.16,-2.473%,40960,105145227.00,United States,1992,Industrial Machinery/Components,Miscellaneous,/market-activity/stocks/ulbi,NASDAQ
ULCC,Frontier Group Holdings Inc. Common Stock,$5.70,-0.14,-2.397%,2027248,1312229895.00,United States,2021,Air Freight/Delivery Services,Consumer Discretionary,/market-activity/stocks/ulcc,NASDAQ
ULH,Universal Logistics Holdings Inc. Common Stock,$18.68,-0.84,-4.303%,52352,492550597.00,United States,2005,Trucking Freight/Courier Services,Industrials,/market-activity/stocks/ulh,NASDAQ
ULTA,Ulta Beauty Inc. Common Stock,$537.10,19.60,3.787%,1103986,22965037674.00,United States,2007,Other Specialty Stores,Consumer Discretionary,/market-activity/stocks/ulta,NASDAQ
UMBF,UMB Financial Corporation Common Stock,$141.63,-2.955,-2.044%,505737,10756802749.00,United States,,Major Banks,Finance,/market-activity/stocks/umbf,NASDAQ
UMBFO,UMB Financial Corporation Depositary Shares Each Representing a 1/400th Interest in a Share of 7.750% Fixed-Rate Reset Non-Cumulative Perpetual Preferred Stock Series B,$26.50,0.0399,0.151%,9509,2012675795.00,United States,,Major Banks,Finance,/market-activity/stocks/umbfo,NASDAQ
UNB,Union Bankshares Inc. Common Stock,$23.575,-0.025,-0.106%,1509,116598838.00,United States,,Major Banks,Finance,/market-activity/stocks/unb,NASDAQ
UNCY,Unicycive Therapeutics Inc. Common Stock,$5.20,-0.065,-1.235%,574288,144847336.00,United States,2021,Biotechnology: Pharmaceutical Preparations,Health Care,/market-activity/stocks/uncy,NASDAQ
UNIT,Uniti Group Inc. Common Stock,$9.92,-0.10,-0.998%,2185916,2407833339.00,United States,,Real Estate Investment Trusts,Real Estate,/market-activity/stocks/unit,NASDAQ
UNTY,Unity Bancorp Inc. Common Stock,$58.03,-0.75,-1.276%,38689,582770801.00,United States,,Major Banks,Finance,/market-activity/stocks/unty,NASDAQ
UONE,Urban One Inc. Class A Common Stock,$4.8404,0.0604,1.264%,5048,22338272.00,United States,,Broadcasting,Consumer Discretionary,/market-activity/stocks/uone,NASDAQ
UONEK,Urban One Inc. Class D Common Stock,$4.20,0.00,0.00%,10143,19382849.00,United States,,Broadcasting,Consumer Discretionary,/market-activity/stocks/uonek,NASDAQ
UPB,Upstream Bio Inc. Common Stock,$6.62,-0.07,-1.046%,895021,362584291.00,United States,2024,Biotechnology: Pharmaceutical Preparations,Health Care,/market-activity/stocks/upb,NASDAQ
UPBD,Upbound Group Inc. Common Stock,$18.30,-0.92,-4.787%,1181155,1066879112.00,United States,,Diversified Commercial Services,Consumer Discretionary,/market-activity/stocks/upbd,NASDAQ
UPC,Universe Pharmaceuticals Inc. Class A Ordinary Shares,$4.58,-0.32,-6.531%,13348,23011706.00,China,2021,Biotechnology: Pharmaceutical Preparations,Health Care,/market-activity/stocks/upc,NASDAQ
UPLD,Upland Software Inc. Common Stock,$4.35,-0.35,-7.447%,28585,12863781.00,United States,2014,Computer Software: Prepackaged Software,Technology,/market-activity/stocks/upld,NASDAQ
UPST,Upstart Holdings Inc. Common stock,$28.68,-0.40,-1.376%,4034683,2790938159.00,United States,2020,Finance: Consumer Services,Finance,/market-activity/stocks/upst,NASDAQ
UPWK,Upwork Inc. Common Stock,$9.03,0.01,0.111%,3384276,1127877386.00,United States,2018,EDP Services,Technology,/market-activity/stocks/upwk,NASDAQ
UPXI,Upexi Inc. Common Stock,$1.09,0.01,0.926%,4311341,80063070.00,United States,2021,Finance: Consumer Services,Finance,/market-activity/stocks/upxi,NASDAQ
URBN,Urban Outfitters Inc. Common Stock,$80.69,-0.40,-0.493%,1225888,6909894847.00,United States,1993,Clothing/Shoe/Accessory Stores,Consumer Discretionary,/market-activity/stocks/urbn,NASDAQ
URGN,UroGen Pharma Ltd. Ordinary Shares,$43.09,-0.53,-1.215%,749005,2106263503.00,Israel,2017,Biotechnology: Pharmaceutical Preparations,Health Care,/market-activity/stocks/urgn,NASDAQ
UROY,Uranium Royalty Corp. Common Stock,$4.21,-0.045,-1.058%,1988151,616691354.00,Canada,,Investment Bankers/Brokers/Service,Finance,/market-activity/stocks/uroy,NASDAQ
USAR,USA Rare Earth Inc. Class A Common Stock,$17.82,-0.17,-0.945%,7096237,4360912164.00,United States,2023,Metal Mining,Basic Materials,/market-activity/stocks/usar,NASDAQ
USAU,U.S. Gold Corp. Common Stock,$15.81,-0.14,-0.878%,161527,261278637.00,United States,,Metal Mining,Basic Materials,/market-activity/stocks/usau,NASDAQ
USCB,USCB Financial Holdings Inc. Class A Common Stock,$22.24,-0.18,-0.803%,40009,410872213.00,United States,2021,Major Banks,Finance,/market-activity/stocks/uscb,NASDAQ
USDE,StablecoinX Inc. Class A Common Stock,$8.87,2.11,31.213%,10294533,241149834.00,United States,,Finance: Consumer Services,Finance,/market-activity/stocks/usde,NASDAQ
USDEW,StablecoinX Inc. Warrants,$1.80,0.32,21.622%,272048,48936832.00,United States,,Finance: Consumer Services,Finance,/market-activity/stocks/usdew,NASDAQ
USEA,United Maritime Corporation Common Stock,$2.76,0.00,0.00%,33973,26325264.00,Greece,,Marine Transportation,Consumer Discretionary,/market-activity/stocks/usea,NASDAQ
USGO,U.S. GoldMining Inc. Common stock,$8.95,-0.25,-2.717%,62828,125619837.00,United States,2023,Precious Metals,Basic Materials,/market-activity/stocks/usgo,NASDAQ
USIO,Usio Inc. Common Stock,$2.78,0.01,0.361%,396548,79217251.00,United States,,Investment Bankers/Brokers/Service,Finance,/market-activity/stocks/usio,NASDAQ
USLM,United States Lime & Minerals Inc. Common Stock,$118.13,-1.83,-1.526%,146403,3388956321.00,United States,,Mining & Quarrying of Nonmetallic Minerals (No Fuels),Industrials,/market-activity/stocks/uslm,NASDAQ
UTHR,United Therapeutics Corporation Common Stock,$510.38,-5.08,-0.986%,538525,21890551383.00,United States,1999,Biotechnology: Pharmaceutical Preparations,Health Care,/market-activity/stocks/uthr,NASDAQ
UTMD,Utah Medical Products Inc. Common Stock,$71.13,-1.64,-2.254%,32626,226464974.00,United States,,Medical/Dental Instruments,Health Care,/market-activity/stocks/utmd,NASDAQ
UTSI,UTStarcom Holdings Corp. Ordinary Shares,$2.40,0.08,3.448%,6494,22785864.00,China,2000,Telecommunications Equipment,Telecommunications,/market-activity/stocks/utsi,NASDAQ
UVSP,Univest Financial Corporation Common Stock,$41.52,-0.05,-0.12%,194964,1145153487.00,United States,,Major Banks,Finance,/market-activity/stocks/uvsp,NASDAQ
UXIN,Uxin Limited ADS,$1.15,-0.01,-0.862%,26517,252977300.00,China,2018,Business Services,Consumer Discretionary,/market-activity/stocks/uxin,NASDAQ
UYSC,UY Scuti Acquisition Corp. Ordinary Shares,$10.99,0.11,1.011%,157,0.00,United States,2025,Blank Checks,Finance,/market-activity/stocks/uysc,NASDAQ
UYSCR,UY Scuti Acquisition Corp. Rights,$0.0875,0.0095,12.179%,5002,0.00,United States,2025,Blank Checks,Finance,/market-activity/stocks/uyscr,NASDAQ
UZX,Linkage Global Inc. Class A Ordinary Shares,$0.1191,-0.0049,-3.952%,911933,7877058.00,Japan,2023,Catalog/Specialty Distribution,Consumer Discretionary,/market-activity/stocks/uzx,NASDAQ
VABK,Virginia National Bankshares Corporation Common Stock,$46.30,0.00,0.00%,3133,251190557.00,United States,,Major Banks,Finance,/market-activity/stocks/vabk,NASDAQ
VAI,Valor Energy Incorporated Common Stock,$1.68,-0.03,-1.754%,24017,24456582.00,China,2018,Rental/Leasing Companies,Consumer Discretionary,/market-activity/stocks/vai,NASDAQ
VALN,Valneva SE American Depositary Shares,$6.30,-0.13,-2.022%,11557,597779400.00,France,2021,Biotechnology: Biological Products (No Diagnostic Substances),Health Care,/market-activity/stocks/valn,NASDAQ
VALU,Value Line Inc. Common Stock,$37.01,0.38,1.037%,964,347286037.00,United States,1983,Investment Managers,Finance,/market-activity/stocks/valu,NASDAQ
VANI,Vivani Medical Inc. Common Stock (DE),$1.39,-0.03,-2.113%,208212,125382665.00,United States,2014,Biotechnology: Electromedical & Electrotherapeutic Apparatus,Health Care,/market-activity/stocks/vani,NASDAQ
VBIO,Valion Bio Inc. Common Stock,$3.57,0.5475,18.114%,663211,79217368.00,United States,2021,Biotechnology: Electromedical & Electrotherapeutic Apparatus,Health Care,/market-activity/stocks/vbio,NASDAQ
VBNK,VersaBank Common Shares,$19.195,-0.645,-3.251%,88862,622225254.00,Canada,,Commercial Banks,Finance,/market-activity/stocks/vbnk,NASDAQ
VC,Visteon Corporation Common Stock,$101.82,-0.20,-0.196%,377131,2718128581.00,United States,,Auto Parts:O.E.M.,Consumer Discretionary,/market-activity/stocks/vc,NASDAQ
VCEL,Vericel Corporation Common Stock,$39.90,-1.05,-2.564%,636305,2043143899.00,United States,,Biotechnology: Biological Products (No Diagnostic Substances),Health Care,/market-activity/stocks/vcel,NASDAQ
VCIG,VCI Global Limited Ordinary Share,$2.06,-0.17,-7.623%,141188,2608982.00,Malaysia,2023,Diversified Commercial Services,Consumer Discretionary,/market-activity/stocks/vcig,NASDAQ
VCRE,Vicore Pharma Holding AB American Depositary Shares,$11.04,-0.27,-2.387%,9581,3108042547.00,Sweden,,Biotechnology: Pharmaceutical Preparations,Health Care,/market-activity/stocks/vcre,NASDAQ
VCTR,Victory Capital Holdings Inc. Class A Common Stock,$118.01,-0.30,-0.254%,653278,7258744592.00,United States,2018,Investment Managers,Finance,/market-activity/stocks/vctr,NASDAQ
VCYT,Veracyte Inc. Common Stock,$43.19,-0.15,-0.346%,1472112,3472075672.00,United States,2013,Medical Specialities,Health Care,/market-activity/stocks/vcyt,NASDAQ
VECO,Veeco Instruments Inc. Common Stock,$44.30,0.005,0.011%,671971,2708043052.00,United States,1994,Industrial Machinery/Components,Technology,/market-activity/stocks/veco,NASDAQ
VEEA,Veea Inc. Common Stock,$1.80,-0.262,-12.706%,354279,111985481.00,United States,2021,EDP Services,Technology,/market-activity/stocks/veea,NASDAQ
VEEAW,Veea Inc. Warrant,$0.025,-0.01,-28.571%,37112,1555354.00,United States,2021,EDP Services,Technology,/market-activity/stocks/veeaw,NASDAQ
VEEE,Twin Vee PowerCats Co. Common Stock,$10.10,-0.26,-2.51%,13413,5802470.00,United States,2021,Marine Transportation,Industrials,/market-activity/stocks/veee,NASDAQ
VELO,Velo3D Inc. Common stock,$11.91,0.04,0.337%,647521,382895995.00,United States,,Industrial Machinery/Components,Technology,/market-activity/stocks/velo,NASDAQ
VEON,VEON Ltd. ADS,$61.88,1.04,1.709%,89682,4261130747.00,Netherlands,,Telecommunications Equipment,Telecommunications,/market-activity/stocks/veon,NASDAQ
VERA,Vera Therapeutics Inc. Class A Common Stock,$34.08,-0.11,-0.322%,1536710,2455918457.00,United States,2021,Biotechnology: Pharmaceutical Preparations,Health Care,/market-activity/stocks/vera,NASDAQ
VERI,Veritone Inc. Common Stock,$0.7937,-0.0046,-0.576%,2685053,79732775.00,United States,2017,EDP Services,Technology,/market-activity/stocks/veri,NASDAQ
VERU,Veru Inc. Common Stock,$2.80,0.175,6.667%,250073,47740896.00,United States,,Biotechnology: Pharmaceutical Preparations,Health Care,/market-activity/stocks/veru,NASDAQ
VERX,Vertex Inc. Class A Common Stock,$14.16,-0.065,-0.457%,1301850,2297006597.00,United States,2020,Computer Software: Prepackaged Software,Technology,/market-activity/stocks/verx,NASDAQ
VFF,Village Farms International Inc. Common Shares,$2.88,-0.03,-1.031%,765086,352184535.00,Canada,,Farming/Seeds/Milling,Consumer Staples,/market-activity/stocks/vff,NASDAQ
VFS,VinFast Auto Ltd. Ordinary Shares,$3.145,0.065,2.11%,423328,7357840751.00,Singapore,,Auto Manufacturing,Industrials,/market-activity/stocks/vfs,NASDAQ
VFSWW,VinFast Auto Ltd. Warrant,$0.24,0.0137,6.054%,523,561488642.00,Singapore,,Auto Manufacturing,Industrials,/market-activity/stocks/vfsww,NASDAQ
VGAS,Verde Clean Fuels Inc. Class A Common Stock,$1.30,0.00,0.00%,7205,57914507.00,United States,2021,Major Chemicals,Industrials,/market-activity/stocks/vgas,NASDAQ
VGASW,Verde Clean Fuels Inc. Warrant,$0.0298,0.0032,12.03%,126,1327579.00,United States,2021,Major Chemicals,Industrials,/market-activity/stocks/vgasw,NASDAQ
VHC,VirnetX Holding Corp Common Stock,$11.80,-0.32,-2.64%,18905,49756269.00,United States,,Multi-Sector Companies,Miscellaneous,/market-activity/stocks/vhc,NASDAQ
VHCP,Vine Hill Capital Investment Corp. II Class A Ordinary Shares,$10.06,0.01,0.10%,30999,0.00,United States,2026,,,/market-activity/stocks/vhcp,NASDAQ
VHCPU,Vine Hill Capital Investment Corp. II Units,$10.12,0.00,0.00%,1003,0.00,United States,2025,Blank Checks,Finance,/market-activity/stocks/vhcpu,NASDAQ
VHCPW,Vine Hill Capital Investment Corp. II Warrants,$0.34,0.0089,2.688%,504,0.00,United States,2026,,,/market-activity/stocks/vhcpw,NASDAQ
VHUB,VenHub Global Inc. Common Stock,$0.8763,-0.0057,-0.646%,42570,80087561.00,United States,,Industrial Machinery/Components,Technology,/market-activity/stocks/vhub,NASDAQ
VIAV,Viavi Solutions Inc. Common Stock,$36.29,-0.25,-0.684%,3680940,8954551258.00,United States,,Semiconductors,Technology,/market-activity/stocks/viav,NASDAQ
VICR,Vicor Corporation Common Stock,$187.68,-0.07,-0.037%,637643,8653311462.00,United States,,Industrial Machinery/Components,Technology,/market-activity/stocks/vicr,NASDAQ
VINP,Vinci Compass Investments Ltd. Class A Common Shares,$9.78,0.30,3.165%,65964,639828118.00,Brazil,2021,Investment Managers,Finance,/market-activity/stocks/vinp,NASDAQ
VIOT,Viomi Technology Co. Ltd American Depositary Shares,$0.9509,0.0768,8.786%,1066173,59391899.00,China,2018,Consumer Electronics/Appliances,Consumer Discretionary,/market-activity/stocks/viot,NASDAQ
VIP,Vulcan Infrastructure and Power Inc. Class A Common Stock,$1.73,-0.06,-3.352%,207076,31883730.00,United States,,Finance: Consumer Services,Finance,/market-activity/stocks/vip,NASDAQ
VIR,Vir Biotechnology Inc. Common Stock,$10.94,0.11,1.016%,3046494,1851222581.00,United States,2019,Biotechnology: Biological Products (No Diagnostic Substances),Health Care,/market-activity/stocks/vir,NASDAQ
VIRC,Virco Manufacturing Corporation Common Stock,$6.00,0.09,1.523%,11476,94377258.00,United States,,Industrial Specialties,Consumer Discretionary,/market-activity/stocks/virc,NASDAQ
VISN,Vistance Networks Inc. Common Stock,$6.31,0.25,4.125%,18643690,1455252660.00,United States,2013,Radio And Television Broadcasting And Communications Equipment,Technology,/market-activity/stocks/visn,NASDAQ
VITL,Vital Farms Inc. Common Stock,$10.68,-0.11,-1.019%,1181815,458508655.00,United States,2020,Packaged Foods,Consumer Staples,/market-activity/stocks/vitl,NASDAQ
VIVK,Vivakor Inc. Common Stock,$0.7801,-0.0546,-6.541%,784506,6384047.00,United States,,Environmental Services,Utilities,/market-activity/stocks/vivk,NASDAQ
VIVO,VivoPower PLC Class A Ordinary Shares,$4.07,0.01,0.246%,170366,130213769.00,United Kingdom,,Power Generation,Utilities,/market-activity/stocks/vivo,NASDAQ
VIVS,VivoSim Labs Inc. Common Stock,$0.2914,0.0061,2.138%,345731,4833305.00,United States,,Biotechnology: Biological Products (No Diagnostic Substances),Health Care,/market-activity/stocks/vivs,NASDAQ
VKTX,Viking Therapeutics Inc. Common Stock,$32.78,0.62,1.928%,1779934,3823883275.00,United States,2015,Biotechnology: Pharmaceutical Preparations,Health Care,/market-activity/stocks/vktx,NASDAQ
VLGEA,Village Super Market Inc. Class A Common Stock,$43.28,-0.73,-1.659%,49109,640954770.00,United States,,Food Chains,Consumer Staples,/market-activity/stocks/vlgea,NASDAQ
VLOS,Velos Acquisition I Corp. Class A Ordinary shares,$10.67,-0.11,-1.02%,713,0.00,United States,2024,,,/market-activity/stocks/vlos,NASDAQ
VLOSU,Velos Acquisition I Corp. Units,$10.71,0.00,0.00%,1,0.00,United States,2024,Blank Checks,Finance,/market-activity/stocks/vlosu,NASDAQ
VLOSW,Velos Acquisition I Corp. Warrant,$0.43,0.00,0.00%,110,0.00,United States,2024,Blank Checks,Finance,/market-activity/stocks/vlosw,NASDAQ
VLY,Valley National Bancorp Common Stock,$13.64,-0.28,-2.011%,6413600,7537535283.00,United States,,Major Banks,Finance,/market-activity/stocks/vly,NASDAQ
VLYPN,Valley National Bancorp 8.250% Fixed-Rate Reset Non-Cumulative Perpetual Preferred Stock Series C,$25.79,-0.205,-0.789%,14731,14251688779.00,United States,,Major Banks,Finance,/market-activity/stocks/vlypn,NASDAQ
VLYPO,Valley National Bancorp 5.50% Fixed-to-Floating Rate Non-Cumulative Perpetual Preferred Stock Series B,$25.08,0.0595,0.238%,6371,13859339068.00,United States,,Major Banks,Finance,/market-activity/stocks/vlypo,NASDAQ
VLYPP,Valley National Bancorp 6.25% Fixed-to-Floating Rate Non-Cumulative Perpetual Preferred Stock Series A,$25.20,0.00,0.00%,6525,13925651695.00,United States,,Major Banks,Finance,/market-activity/stocks/vlypp,NASDAQ
VMAR,Vision Marine Technologies Inc. Common Shares,$7.78,0.13,1.699%,100007,5080698.00,Canada,2020,Marine Transportation,Industrials,/market-activity/stocks/vmar,NASDAQ
VMD,Viemed Healthcare Inc. Common Shares,$8.84,0.02,0.227%,338079,336699936.00,United States,,Misc Health and Biotechnology Services,Health Care,/market-activity/stocks/vmd,NASDAQ
VMET,Versamet Royalties Corporation Common Stock,$10.25,0.02,0.196%,317067,1115502447.00,Canada,,Precious Metals,Industrials,/market-activity/stocks/vmet,NASDAQ
VNCE,Vince Holding Corp. Common Stock,$6.84,-0.72,-9.524%,141006,87875491.00,United States,,Clothing/Shoe/Accessory Stores,Consumer Discretionary,/market-activity/stocks/vnce,NASDAQ
VNDA,Vanda Pharmaceuticals Inc. Common Stock,$5.40,0.11,2.079%,777334,326498510.00,United States,2006,Biotechnology: Pharmaceutical Preparations,Health Care,/market-activity/stocks/vnda,NASDAQ
VNET,VNET Group Inc. American Depositary Shares,$6.06,-0.49,-7.481%,5449332,1725231357.00,China,2011,Computer Software: Programming Data Processing,Technology,/market-activity/stocks/vnet,NASDAQ
VNME,Vendome Acquisition Corporation I Class A Ordinary Shares,$10.27,0.00,0.00%,9,0.00,United States,2025,Blank Checks,Finance,/market-activity/stocks/vnme,NASDAQ
VNOM,Viper Energy Inc. Class A Common Stock,$44.79,0.61,1.381%,987018,16088339257.00,United States,2014,Oil & Gas Production,Energy,/market-activity/stocks/vnom,NASDAQ
VOD,Vodafone Group Plc American Depositary Shares,$16.04,0.00,0.00%,1911300,38109449442.00,United Kingdom,,Telecommunications Equipment,Telecommunications,/market-activity/stocks/vod,NASDAQ
VOGX,Vogenx Inc Common Stock,$34.00,0.04,0.118%,26002,505072958.00,United States,2026,Biotechnology: Pharmaceutical Preparations,Health Care,/market-activity/stocks/vogx,NASDAQ
VOR,Vor Biopharma Inc. Common Stock,$22.48,-0.17,-0.751%,847744,1329968369.00,United States,2021,Biotechnology: Biological Products (No Diagnostic Substances),Health Care,/market-activity/stocks/vor,NASDAQ
VOXR,Vox Royalty Corp. Common Stock,$5.495,-0.075,-1.346%,320686,381876586.00,Canada,,Precious Metals,Basic Materials,/market-activity/stocks/voxr,NASDAQ
VRA,Vera Bradley Inc. Common Stock,$3.40,0.09,2.719%,104255,96690057.00,United States,2010,Apparel,Consumer Discretionary,/market-activity/stocks/vra,NASDAQ
VRAX,Virax Biolabs Group Limited Ordinary Shares,$2.82,0.00,0.00%,16782,2247506.00,United Kingdom,2022,Biotechnology: In Vitro & In Vivo Diagnostic Substances,Health Care,/market-activity/stocks/vrax,NASDAQ
VRCA,Verrica Pharmaceuticals Inc. Common Stock,$5.46,-0.23,-4.042%,106440,93796172.00,United States,2018,Biotechnology: Pharmaceutical Preparations,Health Care,/market-activity/stocks/vrca,NASDAQ
VRDN,Viridian Therapeutics Inc. Common Stock,$23.16,0.08,0.347%,1048762,2623848950.00,United States,2014,Biotechnology: Pharmaceutical Preparations,Health Care,/market-activity/stocks/vrdn,NASDAQ
VREX,Varex Imaging Corporation Common Stock,$18.49,-0.01,-0.054%,762881,778429000.00,United States,,Industrial Machinery/Components,Technology,/market-activity/stocks/vrex,NASDAQ
VRM,Vroom Inc. Common Stock,$9.30,0.12,1.307%,789,48679483.00,United States,,Retail-Auto Dealers and Gas Stations,Consumer Discretionary,/market-activity/stocks/vrm,NASDAQ
VRME,VerifyMe Inc. Common Stock,$0.6366,-0.0033,-0.516%,39136,8380964.00,United States,,EDP Services,Technology,/market-activity/stocks/vrme,NASDAQ
VRNS,Varonis Systems Inc. Common Stock,$43.77,-0.15,-0.342%,1400415,5027443428.00,United States,2014,Computer Software: Prepackaged Software,Technology,/market-activity/stocks/vrns,NASDAQ
VRRM,Verra Mobility Corporation Class A Common Stock,$4.43,0.04,0.911%,4484772,673283822.00,United States,2017,Transportation Services,Consumer Discretionary,/market-activity/stocks/vrrm,NASDAQ
VRSK,Verisk Analytics Inc. Common Stock,$193.78,2.01,1.048%,1362281,25221632005.00,United States,2009,EDP Services,Technology,/market-activity/stocks/vrsk,NASDAQ
VRSN,VeriSign Inc. Common Stock,$288.28,-3.65,-1.25%,798926,26031684000.00,United States,1998,EDP Services,Technology,/market-activity/stocks/vrsn,NASDAQ
VRTX,Vertex Pharmaceuticals Incorporated Common Stock,$544.52,2.83,0.522%,1198293,138014542336.00,United States,1991,Biotechnology: Pharmaceutical Preparations,Health Care,/market-activity/stocks/vrtx,NASDAQ
VRXA,Veraxa Biotech AG Ordinary Shares,$1.35,0.00,0.00%,296317,190900548.00,Switzerland,,Biotechnology: Pharmaceutical Preparations,Health Care,/market-activity/stocks/vrxa,NASDAQ
VRXAW,Veraxa Biotech AG Warrants,$0.0998,0.00,0.00%,2,14112500.00,Switzerland,,Biotechnology: Pharmaceutical Preparations,Health Care,/market-activity/stocks/vrxaw,NASDAQ
VS,Versus Systems Inc. Common Stock,$1.27,0.0098,0.778%,6188,7890060.00,Canada,,EDP Services,Technology,/market-activity/stocks/vs,NASDAQ
VSA,VisionSys AI Inc. American Depositary Shares,$3.31,-0.11,-3.216%,6384,9244618.00,China,2014,Other Consumer Services,Real Estate,/market-activity/stocks/vsa,NASDAQ
VSAT,ViaSat Inc. Common Stock,$67.27,-0.10,-0.148%,1351298,9266833339.00,United States,1996,Telecommunications Equipment,Consumer Discretionary,/market-activity/stocks/vsat,NASDAQ
VSEC,VSE Corporation Common Stock,$208.68,-7.14,-3.308%,296522,5856598357.00,United States,,Military/Government/Technical,Consumer Discretionary,/market-activity/stocks/vsec,NASDAQ
VSECU,VSE Corporation Tangible Equity Units,$53.77,-1.49,-2.696%,42003,1509053544.00,United States,,,,/market-activity/stocks/vsecu,NASDAQ
VSME,VS Media Holdings Limited Class A Ordinary Shares,$1.05,-0.05,-4.545%,35229,2888323.00,Singapore,2023,Advertising,Consumer Discretionary,/market-activity/stocks/vsme,NASDAQ
VSNT,Versant Media Group Inc. Class A Common Stock ,$41.12,0.10,0.244%,1919923,5707139499.00,United States,,Broadcasting,Industrials,/market-activity/stocks/vsnt,NASDAQ
VSTM,Verastem Inc. Common Stock,$7.22,0.00,0.00%,1324325,653868044.00,United States,2012,Biotechnology: Pharmaceutical Preparations,Health Care,/market-activity/stocks/vstm,NASDAQ
VTGN,Vistagen Therapeutics Inc. Common Stock,$0.255,0.0021,0.83%,467216,11316112.00,United States,,Biotechnology: Pharmaceutical Preparations,Health Care,/market-activity/stocks/vtgn,NASDAQ
VTIX,Virtuix Holdings Inc. Class A Common Stock,$1.33,-0.01,-0.746%,172444,45181894.00,United States,,Computer peripheral equipment,Technology,/market-activity/stocks/vtix,NASDAQ
VTRS,Viatris Inc. Common Stock,$16.51,0.17,1.04%,12669034,18963235165.00,United States,,Biotechnology: Pharmaceutical Preparations,Health Care,/market-activity/stocks/vtrs,NASDAQ
VTSI,VirTra Inc. Common Stock,$3.09,0.04,1.311%,13942,34977638.00,United States,,Miscellaneous manufacturing industries,Consumer Discretionary,/market-activity/stocks/vtsi,NASDAQ
VTVT,vTv Therapeutics Inc. Class A Common Stock,$32.00,-0.36,-1.112%,94159,126525696.00,United States,2015,Biotechnology: Pharmaceutical Preparations,Health Care,/market-activity/stocks/vtvt,NASDAQ
VUZI,Vuzix Corporation Common Stock,$2.61,0.02,0.772%,458278,220321140.00,United States,,Radio And Television Broadcasting And Communications Equipment,Technology,/market-activity/stocks/vuzi,NASDAQ
VVOS,Vivos Therapeutics Inc. Common Stock,$0.196,-0.0289,-12.85%,530752823,3943133.00,United States,2020,Medical/Dental Instruments,Health Care,/market-activity/stocks/vvos,NASDAQ
VWAV,VisionWave Holdings Inc. Common Stock,$0.8251,-0.06,-6.779%,1854349,24921467.00,United States,,Computer Software: Prepackaged Software,Technology,/market-activity/stocks/vwav,NASDAQ
VWAVW,VisionWave Holdings Inc. Warrant,$0.089,-0.001,-1.111%,15878,2688172.00,United States,,Computer Software: Prepackaged Software,Technology,/market-activity/stocks/vwavw,NASDAQ
VYGR,Voyager Therapeutics Inc. Common Stock,$3.45,-0.09,-2.542%,395577,212581921.00,United States,2015,Biotechnology: Biological Products (No Diagnostic Substances),Health Care,/market-activity/stocks/vygr,NASDAQ
WABC,Westamerica Bancorporation Common Stock,$58.05,-0.02,-0.034%,124320,1341602432.00,United States,,Major Banks,Finance,/market-activity/stocks/wabc,NASDAQ
WAFD,WaFd Inc. Common Stock,$35.76,-0.33,-0.914%,452742,2646069711.00,United States,,Major Banks,Finance,/market-activity/stocks/wafd,NASDAQ
WAFDP,WaFd Inc. Depositary Shares,$16.71,0.21,1.273%,38254,1236460427.00,United States,,Major Banks,Finance,/market-activity/stocks/wafdp,NASDAQ
WAFU,Wah Fu Education Group Limited Ordinary Shares,$1.35,-0.04,-2.878%,18198,5954255.00,China,2019,Other Consumer Services,Real Estate,/market-activity/stocks/wafu,NASDAQ
WALD,Waldencast plc Class A Ordinary Share,$1.39,0.05,3.731%,91814,178755269.00,United States,2021,Package Goods/Cosmetics,Consumer Discretionary,/market-activity/stocks/wald,NASDAQ
WALDW,Waldencast plc Warrant ,$0.0284,0.0001,0.353%,3841,3652266.00,United States,2021,Package Goods/Cosmetics,Consumer Discretionary,/market-activity/stocks/waldw,NASDAQ
WASH,Washington Trust Bancorp Inc. Common Stock,$39.13,-0.34,-0.861%,230756,746378181.00,United States,,Major Banks,Finance,/market-activity/stocks/wash,NASDAQ
WATR,Air Water Ventures Limited Ordinary Shares,$2.20,-0.12,-5.172%,120569,69606799.00,United Arab Emirates,,Beverages (Production/Distribution),Consumer Staples,/market-activity/stocks/watr,NASDAQ
WATT,Energous Corporation Common Stock,$11.08,-0.02,-0.18%,152401,61239947.00,United States,2014,Radio And Television Broadcasting And Communications Equipment,Technology,/market-activity/stocks/watt,NASDAQ
WAVE,Eco Wave Power Global AB (publ) American Depositary Shares,$6.10,-0.50,-7.576%,8538,38061950.00,Israel,2021,Electric Utilities: Central,Utilities,/market-activity/stocks/wave,NASDAQ
WAY,Waystar Holding Corp. Common Stock,$26.18,-0.06,-0.229%,2375492,5019973531.00,United States,2024,EDP Services,Technology,/market-activity/stocks/way,NASDAQ
WB,Weibo Corporation American Depositary Share,$6.83,-0.16,-2.289%,1934318,1677943667.00,China,2014,Computer Software: Programming Data Processing,Technology,/market-activity/stocks/wb,NASDAQ
WBD,Warner Bros. Discovery Inc. Series A Common Stock ,$28.53,-0.24,-0.834%,25384556,71630365548.00,United States,,Cable & Other Pay Television Services,Telecommunications,/market-activity/stocks/wbd,NASDAQ
WBTN,WEBTOON Entertainment Inc. Common stock,$10.54,0.30,2.93%,411719,1430394678.00,United States,2024,Publishing,Consumer Discretionary,/market-activity/stocks/wbtn,NASDAQ
WBUY,WEBUY GLOBAL LTD. Class A Ordinary Shares,$0.90,0.07,8.434%,39841738,4932994.00,Singapore,2023,Other Specialty Stores,Consumer Discretionary,/market-activity/stocks/wbuy,NASDAQ
WCT,Wellchange Holdings Company Limited Class A Ordinary shares,$1.27,0.18,16.514%,1673651,3892967.00,Hong Kong,2024,Computer Software: Prepackaged Software,Technology,/market-activity/stocks/wct,NASDAQ
WDAY,Workday Inc. Class A Common Stock,$197.45,-7.27,-3.551%,4597478,47585450000.00,United States,,EDP Services,Technology,/market-activity/stocks/wday,NASDAQ
WDC,Western Digital Corporation Common Stock,$450.55,-8.90,-1.937%,5843398,162441722319.00,United States,,Electronic Components,Technology,/market-activity/stocks/wdc,NASDAQ
WDFC,WD-40 Company Common Stock,$214.15,-3.02,-1.391%,112764,2874127708.00,United States,1973,Major Chemicals,Industrials,/market-activity/stocks/wdfc,NASDAQ
WEN,Wendy's Company (The) Common Stock,$8.30,0.03,0.363%,5414915,1582560419.00,United States,,Restaurants,Consumer Discretionary,/market-activity/stocks/wen,NASDAQ
WENN,Wen Acquisition Corp Class A Ordinary Shares,$10.39,0.00,0.00%,45,0.00,United States,2025,,,/market-activity/stocks/wenn,NASDAQ
WENNW,Wen Acquisition Corp Warrant,$0.28,-0.01,-3.448%,2050,0.00,United States,2025,Blank Checks,Finance,/market-activity/stocks/wennw,NASDAQ
WERN,Werner Enterprises Inc. Common Stock,$39.18,0.76,1.978%,664070,2349904972.00,United States,1986,Trucking Freight/Courier Services,Industrials,/market-activity/stocks/wern,NASDAQ
WEST,Westrock Coffee Company Common Stock,$7.79,-0.21,-2.625%,350225,760517345.00,United States,,Beverages (Production/Distribution),Consumer Staples,/market-activity/stocks/west,NASDAQ
WETH,Wetouch Technology Inc. Common Stock,$1.195,0.055,4.825%,24330,15990933.00,China,,Computer peripheral equipment,Technology,/market-activity/stocks/weth,NASDAQ
WETO,Wetour Robotics Limited Ordinary Shares,$5.48,-0.24,-4.196%,41849687,5906349.00,China,2025,Other Transportation,Industrials,/market-activity/stocks/weto,NASDAQ
WEYS,Weyco Group Inc. Common Stock,$44.77,-0.62,-1.366%,23578,427597509.00,United States,,Apparel,Consumer Staples,/market-activity/stocks/weys,NASDAQ
WFCF,Where Food Comes From Inc. Common Stock,$12.85,-0.30,-2.281%,1070,63988670.00,United States,,Computer Software: Prepackaged Software,Technology,/market-activity/stocks/wfcf,NASDAQ
WFF,WF Holding Limited Ordinary Shares,$2.02,0.30,17.442%,5791519,84678267.00,Malaysia,2025,Miscellaneous manufacturing industries,Consumer Discretionary,/market-activity/stocks/wff,NASDAQ
WFRD,Weatherford International plc Ordinary Shares,$97.77,3.98,4.244%,2122839,7008685762.00,United States,,Oil and Gas Field Machinery,Consumer Discretionary,/market-activity/stocks/wfrd,NASDAQ
WGS,GeneDx Holdings Corp. Class A Common Stock,$84.81,-1.525,-1.766%,504188,2529249702.00,United States,2020,Medical/Nursing Services,Health Care,/market-activity/stocks/wgs,NASDAQ
WHF,WhiteHorse Finance Inc. Common Stock,$7.07,0.00,0.00%,203307,151838650.00,United States,,Finance Companies,Finance,/market-activity/stocks/whf,NASDAQ
WHFCL,WhiteHorse Finance Inc. 7.875% Notes due 2028,$25.45,0.02,0.079%,10045,591536590.00,United States,,,,/market-activity/stocks/whfcl,NASDAQ
WHLR,Wheeler Real Estate Investment Trust Inc. Common Stock,$0.68,-0.39,-36.449%,4903323,524995.00,United States,2012,Real Estate Investment Trusts,Real Estate,/market-activity/stocks/whlr,NASDAQ
WHLRD,Wheeler Real Estate Investment Trust Inc. Series D Cumulative Preferred Stock,$36.00,-0.25,-0.69%,304,27793836.00,United States,,Real Estate Investment Trusts,Real Estate,/market-activity/stocks/whlrd,NASDAQ
WHLRL,Wheeler Real Estate Investment Trust Inc. 7.00% Senior Subordinated Convertible Notes Due 2031,$80.00,0.00,0.00%,4,61764080.00,United States,,Real Estate Investment Trusts,Real Estate,/market-activity/stocks/whlrl,NASDAQ
WHLRP,Wheeler Real Estate Investment Trust Inc. Class B Preferred Stock,$9.40,0.00,0.00%,13108,7257279.00,United States,,Real Estate Investment Trusts,Real Estate,/market-activity/stocks/whlrp,NASDAQ
WHWK,Whitehawk Therapeutics Inc. Common Stock,$4.54,-0.08,-1.732%,359272,258820905.00,United States,,Biotechnology: Pharmaceutical Preparations,Health Care,/market-activity/stocks/whwk,NASDAQ
WIMI,WiMi Hologram Cloud Inc. Class B Ordinary Shares,$1.35,0.05,3.846%,268009,24819823.00,China,2020,Computer Software: Prepackaged Software,Technology,/market-activity/stocks/wimi,NASDAQ
WINA,Winmark Corporation Common Stock,$332.72,-4.53,-1.343%,66712,1195186470.00,United States,,Other Specialty Stores,Consumer Discretionary,/market-activity/stocks/wina,NASDAQ
WING,Wingstop Inc. Common Stock,$109.48,-4.10,-3.61%,1028400,2982513936.00,United States,2015,Restaurants,Consumer Discretionary,/market-activity/stocks/wing,NASDAQ
WIX,Wix.com Ltd. Ordinary Shares,$88.25,0.63,0.719%,2049509,3693219346.00,Israel,2013,Computer Software: Programming Data Processing,Technology,/market-activity/stocks/wix,NASDAQ
WKEY,WISeKey International Holding Ltd American Depositary Shares,$6.47,0.04,0.622%,40206,73617821.00,Switzerland,,EDP Services,Technology,/market-activity/stocks/wkey,NASDAQ
WKHS,Workhorse Group Inc. Common Stock,$3.43,0.36,11.726%,181657,37485047.00,United States,,Auto Manufacturing,Industrials,/market-activity/stocks/wkhs,NASDAQ
WKSP,Worksport Ltd. Common Stock,$0.6098,0.0348,6.052%,1155322,9328923.00,Canada,,Auto Parts:O.E.M.,Consumer Discretionary,/market-activity/stocks/wksp,NASDAQ
WLCO,Wilco 63 Corporation Class A Ordinary Shares,$9.84,-0.01,-0.102%,450006,0.00,Cayman Islands,2026,Blank Checks,Finance,/market-activity/stocks/wlco,NASDAQ
WLCOU,Wilco 63 Corporation Units,$9.98,0.01,0.10%,1474,0.00,Cayman Islands,2026,Blank Checks,Finance,/market-activity/stocks/wlcou,NASDAQ
WLCOW,Wilco 63 Corporation Warrant,$0.32,0.00,0.00%,2,0.00,Cayman Islands,2026,Blank Checks,Finance,/market-activity/stocks/wlcow,NASDAQ
WLDN,Willdan Group Inc. Common Stock,$87.95,-0.04,-0.045%,185727,1339662403.00,United States,2006,Military/Government/Technical,Consumer Discretionary,/market-activity/stocks/wldn,NASDAQ
WLDS,Wearable Devices Ltd. Ordinary Share,$2.25,-0.02,-0.881%,43257,5534417.00,Israel,2022,Computer Communications Equipment,Telecommunications,/market-activity/stocks/wlds,NASDAQ
WLDSW,Wearable Devices Ltd. Warrant,$12.00,0.00,0.00%,22,29516892.00,Israel,2022,Computer Communications Equipment,Telecommunications,/market-activity/stocks/wldsw,NASDAQ
WLFC,Willis Lease Finance Corporation Common Stock,$54.13,0.71,1.329%,236178,1144530728.00,United States,1996,Industrial Specialties,Consumer Discretionary,/market-activity/stocks/wlfc,NASDAQ
WLII,Willow Lane Acquisition Corp. II Class A Ordinary Shares,$10.26,0.00,0.00%,6,0.00,United States,2026,Blank Checks,Finance,/market-activity/stocks/wlii,NASDAQ
WLIIU,Willow Lane Acquisition Corp. II Unit,$10.4401,0.00,0.00%,2,0.00,United States,2026,,,/market-activity/stocks/wliiu,NASDAQ
WLIIW,Willow Lane Acquisition Corp. II Warrants,$0.8156,0.00,0.00%,17,0.00,United States,2026,Blank Checks,Finance,/market-activity/stocks/wliiw,NASDAQ
WLTH,Wealthfront Corporation Common Stock,$9.21,-0.04,-0.432%,1176412,1375616799.00,United States,2025,Finance: Consumer Services,Finance,/market-activity/stocks/wlth,NASDAQ
WMG,Warner Music Group Corp. Class A Common Stock,$28.21,0.18,0.642%,1294650,14756926583.00,United States,2020,Services-Misc. Amusement & Recreation,Consumer Discretionary,/market-activity/stocks/wmg,NASDAQ
WMT,Walmart Inc. Common Stock,$104.87,1.78,1.727%,34168383,834563760985.00,United States,,Department/Specialty Retail Stores,Consumer Discretionary,/market-activity/stocks/wmt,NASDAQ
WNEB,Western New England Bancorp Inc. Common Stock,$13.74,0.02,0.146%,59497,275430281.00,United States,,Savings Institutions,Finance,/market-activity/stocks/wneb,NASDAQ
WNW,Meiwu Technology Company Limited Ordinary Shares,$2.51,-0.28,-10.036%,210271,66089482.00,China,2020,Package Goods/Cosmetics,Consumer Discretionary,/market-activity/stocks/wnw,NASDAQ
WOK,WORK Medical Technology Group LTD Class A Ordinary Shares,$2.24,-0.09,-3.863%,55680,10007375.00,China,2024,Medical/Dental Instruments,Health Care,/market-activity/stocks/wok,NASDAQ
WOOF,Petco Health and Wellness Company Inc. Class A Common Stock,$2.66,-0.04,-1.481%,2092839,860127050.00,United States,2021,Other Specialty Stores,Consumer Discretionary,/market-activity/stocks/woof,NASDAQ
WPRT,Westport Fuel Systems Inc Common Shares,$1.85,0.01,0.543%,22060,35142108.00,Canada,2008,Industrial Machinery/Components,Industrials,/market-activity/stocks/wprt,NASDAQ
WRAP,Wrap Technologies Inc. Common Stock,$1.63,0.02,1.242%,732850,105259812.00,United States,,Ordnance And Accessories,Industrials,/market-activity/stocks/wrap,NASDAQ
WRD,WeRide Inc. American Depositary Shares,$5.76,-0.29,-4.793%,1631218,1931077296.00,China,2024,EDP Services,Technology,/market-activity/stocks/wrd,NASDAQ
WRLD,World Acceptance Corporation Common Stock,$183.81,-4.54,-2.41%,101312,857139116.00,United States,1991,Finance: Consumer Services,Finance,/market-activity/stocks/wrld,NASDAQ
WSBC,WesBanco Inc. Common Stock,$40.01,-0.41,-1.014%,609169,3837194619.00,United States,,Major Banks,Finance,/market-activity/stocks/wsbc,NASDAQ
WSBCO,WesBanco Inc. Depositary Shares each representing 1/40th interest in a share of 7.375% Fixed-Rate Reset Non-Cumulative Perpetual Preferred Stock Series B,$25.77,0.0309,0.12%,16268,2471494760.00,United States,,Major Banks,Finance,/market-activity/stocks/wsbco,NASDAQ
WSBF,Waterstone Financial Inc. Common Stock (MD),$20.96,-0.11,-0.522%,66916,376798507.00,United States,2005,Savings Institutions,Finance,/market-activity/stocks/wsbf,NASDAQ
WSBK,Winchester Bancorp Inc. Common Stock,$12.96,-0.02,-0.154%,9188,120468073.00,United States,2025,Banks,Finance,/market-activity/stocks/wsbk,NASDAQ
WSC,WillScot Holdings Corporation Class A Common Stock,$20.70,-0.20,-0.957%,1965955,3750652831.00,United States,2015,Misc Corporate Leasing Services,Industrials,/market-activity/stocks/wsc,NASDAQ
WSE,Wise Group plc Class A Ordinary Shares,$13.11,0.07,0.537%,1071463,16118788407.00,United Kingdom,,Diversified Commercial Services,Industrials,/market-activity/stocks/wse,NASDAQ
WSFS,WSFS Financial Corporation Common Stock,$77.45,-0.85,-1.086%,431162,3956967357.00,United States,,Major Banks,Finance,/market-activity/stocks/wsfs,NASDAQ
WSHP,WeShop Holdings Limited Class A Ordinary Shares,$5.03,-0.26,-4.915%,58766,120684800.00,Jersey,,Other Specialty Stores,Consumer Discretionary,/market-activity/stocks/wshp,NASDAQ
WSTN,Westin Acquisition Corp Class A Ordinary Share,$10.16,-0.04,-0.392%,356,81838800.00,Singapore,2025,EDP Services,Technology,/market-activity/stocks/wstn,NASDAQ
WTBA,West Bancorporation Common Stock,$28.25,-0.23,-0.808%,42281,481485740.00,United States,,Major Banks,Finance,/market-activity/stocks/wtba,NASDAQ
WTF,Waton Financial Limited Ordinary Shares,$2.66,-0.04,-1.481%,4762,128311676.00,Hong Kong,2025,Investment Bankers/Brokers/Service,Finance,/market-activity/stocks/wtf,NASDAQ
WTFC,Wintrust Financial Corporation Common Stock,$150.36,-2.59,-1.693%,356996,10144182798.00,United States,,Major Banks,Finance,/market-activity/stocks/wtfc,NASDAQ
WTFCN,Wintrust Financial Corporation Depositary Shares Each Representing a 1/1000th Interest in a Share of 7.875% Fixed-Rate Reset Non-Cumulative Perpetual Preferred StocK,$26.19,0.04,0.153%,19356,1766933676.00,United States,,Major Banks,Finance,/market-activity/stocks/wtfcn,NASDAQ
WTG,Wintergreen Acquisition Corp. Ordinary Shares,$10.58,0.01,0.095%,6265,0.00,China,2025,Blank Checks,Finance,/market-activity/stocks/wtg,NASDAQ
WTW,Willis Towers Watson Public Limited Company Ordinary Shares,$338.55,-5.20,-1.513%,487985,31441794271.00,United Kingdom,,Specialty Insurers,Finance,/market-activity/stocks/wtw,NASDAQ
WULF,TeraWulf Inc. Common Stock,$15.13,-0.22,-1.433%,21841869,7549396083.00,United States,,Finance: Consumer Services,Finance,/market-activity/stocks/wulf,NASDAQ
WVE,Wave Life Sciences Inc. Common Stock,$4.90,-0.14,-2.778%,3811584,965536058.00,Singapore,2015,Biotechnology: Pharmaceutical Preparations,Health Care,/market-activity/stocks/wve,NASDAQ
WVVI,Willamette Valley Vineyards Inc. Common Stock,$2.22,-0.02,-0.893%,8250,11054554.00,United States,,Beverages (Production/Distribution),Consumer Staples,/market-activity/stocks/wvvi,NASDAQ
WVVIP,Willamette Valley Vineyards Inc. Series A Redeemable Preferred Stock,$3.31,-0.34,-9.315%,168142,16482241.00,United States,,Beverages (Production/Distribution),Consumer Staples,/market-activity/stocks/wvvip,NASDAQ
WW,WW International Inc.  Common Stock,$16.69,0.49,3.025%,259538,166879304.00,United States,,Other Consumer Services,Consumer Discretionary,/market-activity/stocks/ww,NASDAQ
WWD,Woodward Inc. Common Stock,$339.82,-1.99,-0.582%,729781,20064950552.00,United States,,Industrial Machinery/Components,Energy,/market-activity/stocks/wwd,NASDAQ
WXM,WF International Limited Ordinary Shares,$4.21,0.10,2.433%,19842,12740529.00,China,2025,Engineering & Construction,Consumer Discretionary,/market-activity/stocks/wxm,NASDAQ
WYFI,WhiteFiber Inc. Ordinary Shares,$18.92,1.17,6.592%,2721216,735006393.00,United States,2025,Finance: Consumer Services,Finance,/market-activity/stocks/wyfi,NASDAQ
WYHG,Wing Yip Food Holdings Group Limited American Depositary Shares,$4.63,-0.31,-6.275%,417829,58258049.00,China,2024,Specialty Foods,Consumer Staples,/market-activity/stocks/wyhg,NASDAQ
WYNN,Wynn Resorts Limited Common stock,$91.28,-3.98,-4.178%,2757867,9399456770.00,United States,2002,Hotels/Resorts,Consumer Discretionary,/market-activity/stocks/wynn,NASDAQ
XAIR,Beyond Air Inc. Common Stock,$3.97,-0.51,-11.384%,8729806,3801795.00,United States,,Medical/Dental Instruments,Health Care,/market-activity/stocks/xair,NASDAQ
XBIO,Xenetic Biosciences Inc. Common Stock,$4.19,0.21,5.276%,30194,9817928.00,United States,,Biotechnology: Pharmaceutical Preparations,Health Care,/market-activity/stocks/xbio,NASDAQ
XBIT,XBiotech Inc. Common Stock,$2.30,0.03,1.322%,23057,70121781.00,United States,2015,Biotechnology: Pharmaceutical Preparations,Health Care,/market-activity/stocks/xbit,NASDAQ
XBP,XBP Global Holdings Inc. Common Stock,$2.96,0.02,0.68%,67846,35168763.00,United States,2021,EDP Services,Technology,/market-activity/stocks/xbp,NASDAQ
XCBE,X3 Acquisition Corp. Ltd. Class A Ordinary Shares,$9.99,-0.01,-0.10%,481610,0.00,United States,2026,,,/market-activity/stocks/xcbe,NASDAQ
XCBEW,X3 Acquisition Corp. Ltd. Warrant,$0.2201,-0.0002,-0.091%,350,0.00,United States,2026,Blank Checks,Finance,/market-activity/stocks/xcbew,NASDAQ
XCH,XCHG Limited American Depositary Share,$3.55,-0.20,-5.333%,8906,15713841.00,Germany,2024,Industrial Machinery/Components,Miscellaneous,/market-activity/stocks/xch,NASDAQ
XCUR,Exicure Inc. Common Stock,$1.31,0.02,1.55%,21920,8575253.00,United States,,Biotechnology: Pharmaceutical Preparations,Health Care,/market-activity/stocks/xcur,NASDAQ
XE,X-Energy Inc. Class A Common Stock,$18.45,1.23,7.143%,8311613,7497454693.00,United States,2026,Metal Fabrications,Industrials,/market-activity/stocks/xe,NASDAQ
XEL,Xcel Energy Inc. Common Stock,$75.69,-0.76,-0.994%,6701209,47278570621.00,United States,,Power Generation,Utilities,/market-activity/stocks/xel,NASDAQ
XELB,Xcel Brands Inc. Common Stock,$0.93,-0.0491,-5.015%,41727,6101055.00,United States,,Multi-Sector Companies,Miscellaneous,/market-activity/stocks/xelb,NASDAQ
XELLL,Xcel Energy Inc. 6.25% Junior Subordinated Notes Series due 2085,$22.45,-0.05,-0.222%,76146,0.00,United States,,Power Generation,Utilities,/market-activity/stocks/xelll,NASDAQ
XENE,Xenon Pharmaceuticals Inc. Common Shares,$60.22,0.23,0.383%,752646,5831730815.00,Canada,2014,Biotechnology: Pharmaceutical Preparations,Health Care,/market-activity/stocks/xene,NASDAQ
XERS,Xeris Biopharma Holdings Inc. Common Stock,$8.44,-0.04,-0.472%,1402581,1538783383.00,United States,2018,Biotechnology: Pharmaceutical Preparations,Health Care,/market-activity/stocks/xers,NASDAQ
XFOR,X4 Pharmaceuticals Inc. Common Stock,$4.04,0.00,0.00%,245900,400552842.00,United States,2017,Biotechnology: Biological Products (No Diagnostic Substances),Health Care,/market-activity/stocks/xfor,NASDAQ
XGN,Exagen Inc. Common Stock,$7.34,-0.05,-0.677%,350714,177813988.00,United States,2019,Medical Specialities,Health Care,/market-activity/stocks/xgn,NASDAQ
XHG,XChange TEC.INC American Depositary Shares ,$3.49,0.08,2.346%,7910,179902262.00,China,2019,Specialty Insurers,Finance,/market-activity/stocks/xhg,NASDAQ
XHLD,TEN Holdings Inc. Common Stock,$9.09,-0.21,-2.258%,5736394,108874957.00,United States,2025,Business Services,Consumer Discretionary,/market-activity/stocks/xhld,NASDAQ
XIIIU,Churchill Capital Corp XIII Units,$10.50,-0.09,-0.85%,20174,0.00,United States,2026,,,/market-activity/stocks/xiiiu,NASDAQ
XLAB,Exascale Labs Holdings Inc. Class A Common Stock,$4.18,-0.96,-18.677%,287292,0.00,United States,,Computer Software: Prepackaged Software,Technology,/market-activity/stocks/xlab,NASDAQ
XLABW,Exascale Labs Holdings Inc. Warrant,$0.46,-0.1301,-22.047%,75384,0.00,United States,,Computer Software: Prepackaged Software,Technology,/market-activity/stocks/xlabw,NASDAQ
XLO,Xilio Therapeutics Inc. Common Stock,$8.95,-0.05,-0.556%,14576,58892334.00,United States,2021,Biotechnology: Pharmaceutical Preparations,Health Care,/market-activity/stocks/xlo,NASDAQ
XMAX,XMAX Inc. Common Stock,$8.97,0.04,0.448%,263085,578775131.00,United States,,Home Furnishings,Consumer Discretionary,/market-activity/stocks/xmax,NASDAQ
XMTR,Xometry Inc. Class A Common Stock,$92.69,-1.42,-1.509%,530814,5313321981.00,United States,2021,Business Services,Consumer Discretionary,/market-activity/stocks/xmtr,NASDAQ
XNCR,Xencor Inc. Common Stock,$27.265,1.205,4.624%,1808149,2027245369.00,United States,2013,Biotechnology: Pharmaceutical Preparations,Health Care,/market-activity/stocks/xncr,NASDAQ
XNDU,Xanadu Quantum Technologies Limited Class B Subordinate Voting Shares,$10.76,0.25,2.379%,3752426,3273450498.00,Canada,,Computer Manufacturing,Technology,/market-activity/stocks/xndu,NASDAQ
XNET,Xunlei Limited American Depositary Shares,$4.93,-0.08,-1.597%,226894,1569065781.00,China,2014,Computer Software: Prepackaged Software,Technology,/market-activity/stocks/xnet,NASDAQ
XOS,Xos Inc. Common Stock,$3.15,-0.21,-6.25%,452470,44786234.00,United States,2020,Auto Parts:O.E.M.,Consumer Discretionary,/market-activity/stocks/xos,NASDAQ
XP,XP Inc. Class A Common Stock,$18.23,0.57,3.228%,5689736,9448826648.00,Brazil,2019,Investment Bankers/Brokers/Service,Finance,/market-activity/stocks/xp,NASDAQ
XPEL,XPEL Inc. Common Stock,$49.26,-0.50,-1.005%,199155,1358135046.00,United States,,Industrial Specialties,Industrials,/market-activity/stocks/xpel,NASDAQ
XPON,Expion Energy Inc. Common Stock,$7.01,-0.435,-5.843%,542462,6745968.00,United States,2022,Industrial Machinery/Components,Miscellaneous,/market-activity/stocks/xpon,NASDAQ
XRAY,DENTSPLY SIRONA Inc. Common Stock,$11.17,0.05,0.45%,4428818,2226782795.00,United States,1987,Medical/Dental Instruments,Health Care,/market-activity/stocks/xray,NASDAQ
XRPN,Armada Acquisition Corp. II Class A Ordinary Shares,$10.52,-0.03,-0.284%,105547,0.00,United States,2025,Blank Checks,Finance,/market-activity/stocks/xrpn,NASDAQ
XRPNU,Armada Acquisition Corp. II Units,$11.30,0.11,0.983%,640,0.00,United States,2025,Blank Checks,Finance,/market-activity/stocks/xrpnu,NASDAQ
XRPNW,Armada Acquisition Corp. II Warrant,$1.05,0.04,3.96%,46141,0.00,United States,2025,Blank Checks,Finance,/market-activity/stocks/xrpnw,NASDAQ
XRTX,XORTX Therapeutics Inc. Common Shares,$2.32,-0.018,-0.77%,5224,4214431.00,Canada,,Biotechnology: Pharmaceutical Preparations,Health Care,/market-activity/stocks/xrtx,NASDAQ
XRX,Xerox Holdings Corporation Common Stock,$3.23,0.17,5.556%,4319054,424145871.00,United States,,Computer peripheral equipment,Technology,/market-activity/stocks/xrx,NASDAQ
XRXDW,Xerox Holdings Corporation Warrants,$0.335,0.0365,12.228%,525559,43990361.00,United States,,Computer peripheral equipment,Technology,/market-activity/stocks/xrxdw,NASDAQ
XSLL,Xsolla SPAC 1 Class A Ordinary Shares,$9.96,-0.03,-0.30%,302976,0.00,United States,2026,Blank Checks,Finance,/market-activity/stocks/xsll,NASDAQ
XSLLW,Xsolla SPAC 1 Warrants,$0.255,0.0451,21.486%,101803,0.00,United States,2026,Blank Checks,Finance,/market-activity/stocks/xsllw,NASDAQ
XTER,Karman Line Acquisition Corp. Class A Ordinary Shares,$9.83,0.01,0.102%,5254,0.00,United States,2026,,,/market-activity/stocks/xter,NASDAQ
XTERU,Karman Line Acquisition Corp. Units,$9.959,-0.021,-0.21%,12214,0.00,United States,2026,,,/market-activity/stocks/xteru,NASDAQ
XTERW,Karman Line Acquisition Corp. Warrants,$0.25,-0.0499,-16.639%,43756,0.00,United States,2026,,,/market-activity/stocks/xterw,NASDAQ
XTIA,XTI Aerospace Inc. Common Stock,$1.35,0.00,0.00%,471322,51945015.00,United States,2014,EDP Services,Technology,/market-activity/stocks/xtia,NASDAQ
XTLB,XTL Biopharmaceuticals Ltd. American Depositary Shares,$2.49,0.02,0.81%,7630,6119083.00,Israel,,Biotechnology: Pharmaceutical Preparations,Health Care,/market-activity/stocks/xtlb,NASDAQ
XWEL,XWELL Inc. Common Stock,$0.9127,-0.0973,-9.634%,76795,7839423.00,United States,,Other Consumer Services,Consumer Discretionary,/market-activity/stocks/xwel,NASDAQ
XXII,22nd Century Group Inc. Common Stock,$3.20,0.07,2.236%,14194,2284781.00,United States,, Medicinal Chemicals and Botanical Products ,Health Care,/market-activity/stocks/xxii,NASDAQ
YAAS,Youxin Technology Ltd Class A Ordinary shares,$1.96,-0.18,-8.411%,136122,30800689.00,China,2024,Computer Software: Prepackaged Software,Technology,/market-activity/stocks/yaas,NASDAQ
YARW,Yarrow Bioscience Inc. Common Stock,$32.96,-4.04,-10.919%,83113,87994828.00,United States,2018,Biotechnology: Pharmaceutical Preparations,Health Care,/market-activity/stocks/yarw,NASDAQ
YB,Yuanbao Inc. American Depositary Shares,$13.84,0.35,2.595%,28126,637749982.00,China,2025,Specialty Insurers,Finance,/market-activity/stocks/yb,NASDAQ
YDDL,One and One Green Technologies. Inc Class A Ordinary Shares,$2.28,0.63,38.182%,32576225,127755999.00,Philippines,2025,Industrial Specialties,Consumer Discretionary,/market-activity/stocks/yddl,NASDAQ
YDES,YD Bio Limited Ordinary Shares,$3.71,-1.09,-22.708%,445415,262784294.00,United States,,Medical Specialities,Health Care,/market-activity/stocks/ydes,NASDAQ
YDESW,YD Bio Limited Warrants,$0.43,0.0126,3.019%,6959,30457479.00,United States,,Medical Specialities,Health Care,/market-activity/stocks/ydesw,NASDAQ
YDKG,Yueda Digital Holding Class A Ordinary Share,$0.9907,-0.0014,-0.141%,5763,5490719.00,China,2007,Advertising,Consumer Discretionary,/market-activity/stocks/ydkg,NASDAQ
YHC,LQR House Inc. Common Stock,$1.65,-0.05,-2.941%,31474,2151364.00,United States,2023,Beverages (Production/Distribution),Consumer Staples,/market-activity/stocks/yhc,NASDAQ
YHGJ,Yunhong Green CTI Ltd. Common Stock,$2.81,-0.11,-3.767%,1550,7331976.00,United States,,Specialty Chemicals,Industrials,/market-activity/stocks/yhgj,NASDAQ
YHNA,YHN Acquisition I Limited Ordinary Shares,$11.03,-0.03,-0.271%,635787,0.00,Hong Kong,2024,,,/market-activity/stocks/yhna,NASDAQ
YI,111 Inc. American Depositary Shares,$3.30,-0.16,-4.624%,61507,29029981.00,China,2018,Retail-Drug Stores and Proprietary Stores,Consumer Staples,/market-activity/stocks/yi,NASDAQ
YIBO,Planet Image International Limited Class A Ordinary Shares,$1.285,0.005,0.391%,1237,76115974.00,China,2024,Computer peripheral equipment,Technology,/market-activity/stocks/yibo,NASDAQ
YICC,Yorkville International Capital Corp. Class A Ordinary Shares,$9.93,0.00,0.00%,10567,0.00,United States,2026,Blank Checks,Finance,/market-activity/stocks/yicc,NASDAQ
YICCU,Yorkville International Capital Corp. Units,$10.50,0.00,0.00%,5,0.00,United States,2026,Blank Checks,Finance,/market-activity/stocks/yiccu,NASDAQ
YJ,Yunji Inc. American Depository Shares,$2.67,-0.11,-3.957%,102104,13151192.00,China,2019,Other Specialty Stores,Consumer Discretionary,/market-activity/stocks/yj,NASDAQ
YMAT,J-Star Holding Co. Ltd. Class A Ordinary Shares,$1.851,-0.0273,-1.453%,10302,7422701.00,Taiwan,2025,Recreational Games/Products/Toys,Consumer Discretionary,/market-activity/stocks/ymat,NASDAQ
YMT,Yimutian Inc. American Depositary Shares,$2.83,0.02,0.712%,97656,1348696.00,China,2025,EDP Services,Technology,/market-activity/stocks/ymt,NASDAQ
YORW,York Water Company (The) Common Stock,$34.08,-0.04,-0.117%,103837,553070040.00,United States,,Water Supply,Utilities,/market-activity/stocks/yorw,NASDAQ
YOUL,Youlife Group Inc. American Depositary Shares,$0.519,0.0065,1.268%,21563,72510011.00,China,,Other Consumer Services,Real Estate,/market-activity/stocks/youl,NASDAQ
YQ,17 Education & Technology Group Inc. American Depositary Shares,$1.96,-0.105,-5.085%,3998,21277148.00,China,2020,Other Consumer Services,Real Estate,/market-activity/stocks/yq,NASDAQ
YSWY,Yesway Inc. Class A Common Stock,$24.91,0.36,1.466%,171601,1574181123.00,United States,2026,Food Chains,Consumer Staples,/market-activity/stocks/yswy,NASDAQ
YSXT,YSX Tech. Co. Ltd Class A Ordinary Shares,$1.19,0.15,14.423%,67924,37940175.00,China,2024,Automotive Aftermarket,Consumer Discretionary,/market-activity/stocks/ysxt,NASDAQ
YTRA,Yatra Online Inc. Ordinary Shares,$1.00,0.00,0.00%,60312,63971286.00,India,,Transportation Services,Consumer Discretionary,/market-activity/stocks/ytra,NASDAQ
YXT,YXT.COM GROUP HOLDING LIMITED American Depository Shares,$2.62,-0.13,-4.727%,39334,17318897.00,China,2024,Computer Software: Prepackaged Software,Technology,/market-activity/stocks/yxt,NASDAQ
YYAI,AiRWA Inc. Common Stock,$0.8385,-0.0601,-6.688%,347738,3841485.00,United States,,Computer Software: Programming Data Processing,Technology,/market-activity/stocks/yyai,NASDAQ
YYGH,YY Group Holding Limited Class A Ordinary Shares,$1.32,-0.23,-14.839%,2338875,16945342.00,Singapore,2024,Professional Services,Consumer Discretionary,/market-activity/stocks/yygh,NASDAQ
Z,Zillow Group Inc. Class C Capital Stock,$34.96,-0.70,-1.963%,3057311,7861628392.00,United States,,Business Services,Consumer Discretionary,/market-activity/stocks/z,NASDAQ
ZBAO,Zhibao Technology Inc. Class A Ordinary Shares,$0.1697,-0.0015,-0.876%,575074,6594465.00,China,2024,Specialty Insurers,Finance,/market-activity/stocks/zbao,NASDAQ
ZBIO,Zenas BioPharma Inc. Common Stock,$32.32,1.05,3.358%,527683,2106511687.00,United States,2024,Biotechnology: Pharmaceutical Preparations,Health Care,/market-activity/stocks/zbio,NASDAQ
ZBRA,Zebra Technologies Corporation Class A Common Stock,$353.55,-2.90,-0.814%,517165,16726683843.00,United States,1991,Industrial Machinery/Components,Industrials,/market-activity/stocks/zbra,NASDAQ
ZCMD,Zhongchao Inc. Class A Ordinary Shares,$0.8768,-0.0477,-5.16%,400824,7780264.00,China,2020,Other Consumer Services,Real Estate,/market-activity/stocks/zcmd,NASDAQ
ZD,Ziff Davis Inc. Common Stock,$55.15,-0.67,-1.20%,535658,1890939521.00,United States,,Telecommunications Equipment,Telecommunications,/market-activity/stocks/zd,NASDAQ
ZDAI,DirectBooking Technology Co. Ltd. Class A Ordinary Shares,$1.62,-0.03,-1.818%,10738,13589326.00,Hong Kong,2024,General Bldg Contractors - Nonresidential Bldgs,Consumer Discretionary,/market-activity/stocks/zdai,NASDAQ
ZENA,ZenaTech Inc. Common Stock,$1.75,0.04,2.339%,1497134,150349553.00,Canada,,Computer Software: Prepackaged Software,Technology,/market-activity/stocks/zena,NASDAQ
ZEO,Zeo Energy Corporation Class A Common Stock,$0.2377,-0.0423,-15.107%,486078,14781015.00,United States,2021,Industrial Machinery/Components,Miscellaneous,/market-activity/stocks/zeo,NASDAQ
ZEOWW,Zeo Energy Corporation Warrants,$0.0165,0.00,0.00%,77,1026028.00,United States,2021,Industrial Machinery/Components,Miscellaneous,/market-activity/stocks/zeoww,NASDAQ
ZG,Zillow Group Inc. Class A Common Stock,$35.79,-0.82,-2.24%,862575,8048274604.00,United States,2011,Business Services,Consumer Discretionary,/market-activity/stocks/zg,NASDAQ
ZION,Zions Bancorporation N.A. Common Stock,$66.69,-1.09,-1.608%,1456959,9733629245.00,United States,,Major Banks,Finance,/market-activity/stocks/zion,NASDAQ
ZIONP,Zions Bancorporation N.A. Depositary Shares (Each representing 1/40th Interest in a Share of Series A Floating-Rate Non-Cumulative Perpetual Preferred Stock),$18.1151,0.0651,0.361%,12200,2643959621.00,United States,,Major Banks,Finance,/market-activity/stocks/zionp,NASDAQ
ZJK,ZJK Industrial Co. Ltd. Class A Ordinary Shares,$2.22,0.06,2.778%,14116,142795393.00,China,2024,Metal Fabrications,Industrials,/market-activity/stocks/zjk,NASDAQ
ZJYL,JIN MEDICAL INTERNATIONAL LTD. Class A Ordinary Shares,$2.32,-0.02,-0.855%,20952,181963365.00,China,2023,Industrial Specialties,Health Care,/market-activity/stocks/zjyl,NASDAQ
ZKIN,ZK International Group Co. Ltd Ordinary Share,$1.29,0.11,9.322%,136986,73932877.00,China,2017,Metal Fabrications,Industrials,/market-activity/stocks/zkin,NASDAQ
ZKP,Lafayette Digital Acquisition Corp. I Class A Ordinary Shares,$10.02,0.00,0.00%,6,0.00,United States,2026,Blank Checks,Finance,/market-activity/stocks/zkp,NASDAQ
ZKPU,Lafayette Digital Acquisition Corp. I Unit,$10.03,0.00,0.00%,7,0.00,United States,2026,Blank Checks,Finance,/market-activity/stocks/zkpu,NASDAQ
ZKPW,Lafayette Digital Acquisition Corp. I Warrant,$0.24,0.00,0.00%,3891,0.00,United States,2026,Blank Checks,Finance,/market-activity/stocks/zkpw,NASDAQ
ZLAB,Zai Lab Limited American Depositary Shares,$25.46,-0.62,-2.377%,920157,2858298165.00,China,2017,Biotechnology: Pharmaceutical Preparations,Health Care,/market-activity/stocks/zlab,NASDAQ
ZM,Zoom Communications Inc. Class A Common Stock,$96.68,-1.75,-1.778%,3632842,28209649179.00,United States,2019,Computer Software: Programming Data Processing,Technology,/market-activity/stocks/zm,NASDAQ
ZNB,Zeta Network Group Class A Ordinary Shares,$1.69,0.07,4.321%,58357,6210838.00,United States,,Other Consumer Services,Real Estate,/market-activity/stocks/znb,NASDAQ
ZNTL,Zentalis Pharmaceuticals Inc. Common Stock,$3.76,-0.04,-1.053%,471805,355953816.00,United States,2020,Biotechnology: Pharmaceutical Preparations,Health Care,/market-activity/stocks/zntl,NASDAQ
ZOOZ,ZOOZ Strategy Ltd. Ordinary Shares,$6.69,0.76,12.816%,51385,53584278.00,Israel,,Industrial Machinery/Components,Technology,/market-activity/stocks/zooz,NASDAQ
ZOOZW,ZOOZ Strategy Ltd. Warrant,$0.0219,0.0056,34.356%,2954,175410.00,Israel,,Industrial Machinery/Components,Technology,/market-activity/stocks/zoozw,NASDAQ
ZS,Zscaler Inc. Common Stock,$188.385,4.155,2.255%,2570378,30463648867.00,United States,2018,EDP Services,Technology,/market-activity/stocks/zs,NASDAQ
ZSQR,Z Squared Inc. Common Stock,$2.95,-0.91,-23.575%,536293,156351171.00,United States,2020,Finance: Consumer Services,Finance,/market-activity/stocks/zsqr,NASDAQ
ZSTK,ZeroStack Corp. Common Stock,$5.28,-0.13,-2.403%,81279,115212383.00,Canada,2021,Other Pharmaceuticals,Health Care,/market-activity/stocks/zstk,NASDAQ
ZTEK,Zentek Ltd. Common Stock,$0.518,-0.022,-4.074%,1321068,65588918.00,Canada,,Major Chemicals,Industrials,/market-activity/stocks/ztek,NASDAQ
ZTG,Zenta Group Company Limited Class A Ordinary Shares,$0.8986,-0.0063,-0.696%,102289,10611423.00,Macau,2025,Professional Services,Consumer Discretionary,/market-activity/stocks/ztg,NASDAQ
ZUMZ,Zumiez Inc. Common Stock,$17.90,-0.28,-1.54%,302745,302012649.00,United States,2005,Clothing/Shoe/Accessory Stores,Consumer Discretionary,/market-activity/stocks/zumz,NASDAQ
ZURA,Zura Bio Limited Class A Ordinary Shares,$5.54,-0.18,-3.147%,1378662,530893419.00,Cayman Islands,,Biotechnology: Biological Products (No Diagnostic Substances),Health Care,/market-activity/stocks/zura,NASDAQ
ZVRA,Zevra Therapeutics Inc. Common Stock,$11.74,0.175,1.513%,818793,697165589.00,United States,,Biotechnology: Pharmaceutical Preparations,Health Care,/market-activity/stocks/zvra,NASDAQ
ZYBT,Zhengye Biotechnology Holding Limited Class A Ordinary Shares,$1.73,0.00,0.00%,30182,81987080.00,China,2025,Biotechnology: Pharmaceutical Preparations,Health Care,/market-activity/stocks/zybt,NASDAQ
ZYME,Zymeworks Inc. Common Stock,$29.41,1.14,4.033%,716269,2086911278.00,United States,,Biotechnology: Pharmaceutical Preparations,Health Care,/market-activity/stocks/zyme,NASDAQ
