symbol,name,lastsale,netchange,pctchange,volume,marketCap,country,ipoyear,industry,sector,url,exchange
A,Agilent Technologies Inc. Common Stock,$153.56,-0.28,-0.182%,2765701,43370249321.00,United States,1999,Biotechnology: Laboratory Analytical Instruments,Industrials,/market-activity/stocks/a,NYSE
AA,Alcoa Corporation Common Stock ,$49.95,-0.37,-0.735%,3305843,13182276778.00,United States,2016,Aluminum,Industrials,/market-activity/stocks/aa,NYSE
AAC,Ares Acquisition Corporation III Class A Ordinary Shares,$10.06,0.00,0.00%,1626,710278856.00,,2026,Metal Fabrications,Industrials,/market-activity/stocks/aac,NYSE
AADX,Applied Aerospace & Defense Inc. Common Stock,$13.20,-0.10,-0.752%,2907707,2275594438.00,,2026,Military/Government/Technical,Industrials,/market-activity/stocks/aadx,NYSE
AAMI,Acadian Asset Management Inc. Common Stock,$94.20,-1.56,-1.629%,560555,3343170058.00,United Kingdom,2014,Investment Managers,Finance,/market-activity/stocks/aami,NYSE
AAP,Advance Auto Parts Inc.,$42.18,-0.72,-1.678%,2722564,2547672000.00,United States,,Auto & Home Supply Stores,Consumer Discretionary,/market-activity/stocks/aap,NYSE
AAT,American Assets Trust Inc. Common Stock,$22.46,0.03,0.134%,659883,1379138624.00,United States,2011,Real Estate Investment Trusts,Real Estate,/market-activity/stocks/aat,NYSE
AAUC,Allied Gold Corporation Common Shares,$23.56,0.20,0.856%,504711,3283036359.00,,2025,,,/market-activity/stocks/aauc,NYSE
AB,AllianceBernstein Holding L.P.  Units,$36.72,-0.16,-0.434%,260759,3417722042.00,United States,,Investment Managers,Finance,/market-activity/stocks/ab,NYSE
ABBV,AbbVie Inc. Common Stock,$256.42,0.94,0.368%,4314980,453124214220.00,United States,2012,Biotechnology: Pharmaceutical Preparations,Health Care,/market-activity/stocks/abbv,NYSE
ABCB,Ameris Bancorp Common Stock,$84.25,-1.34,-1.566%,321780,5653784886.00,United States,1994,Major Banks,Finance,/market-activity/stocks/abcb,NYSE
ABEV,Ambev S.A. American Depositary Shares (Each representing 1 Common Share),$2.87,0.01,0.35%,48483855,45235903230.00,Brazil,2013,Beverages (Production/Distribution),Consumer Staples,/market-activity/stocks/abev,NYSE
ABG,Asbury Automotive Group Inc Common Stock,$211.40,-0.22,-0.104%,132341,3795035254.00,United States,2002,Retail-Auto Dealers and Gas Stations,Consumer Discretionary,/market-activity/stocks/abg,NYSE
ABM,ABM Industries Incorporated Common Stock,$46.63,-0.57,-1.208%,412077,2731628439.00,United States,,Diversified Commercial Services,Consumer Discretionary,/market-activity/stocks/abm,NYSE
ABR,Arbor Realty Trust Common Stock,$5.01,-0.05,-0.988%,3237018,934655795.00,United States,2004,Real Estate Investment Trusts,Real Estate,/market-activity/stocks/abr,NYSE
ABR^D,Arbor Realty Trust 6.375% Series D Cumulative Redeemable Preferred Stock Liquidation Preference $25.00 per Share,$15.62,-0.079,-0.503%,20955,,United States,,,,/market-activity/stocks/abr^d,NYSE
ABR^E,Arbor Realty Trust 6.25% Series E Cumulative Redeemable Preferred Stock,$15.36,-0.09,-0.583%,7725,,United States,,,,/market-activity/stocks/abr^e,NYSE
ABR^F,Arbor Realty Trust 6.25% Series F Fixed-to-Floating Rate Cumulative Redeemable Preferred Stock Liquidation Preference $25.00 per share,$22.62,0.24,1.072%,14869,,United States,,,,/market-activity/stocks/abr^f,NYSE
ABT,Abbott Laboratories Common Stock,$110.36,-2.11,-1.876%,10691173,190965100547.00,United States,,Biotechnology: Pharmaceutical Preparations,Health Care,/market-activity/stocks/abt,NYSE
ABX,Abacus Global Management Inc. Class A Common Stock,$9.60,-0.14,-1.437%,412539,938805590.00,United States,,Investment Managers,Finance,/market-activity/stocks/abx,NYSE
ABXL,Abacus Global Management Inc. 9.875% Fixed Rate Senior Notes due 2028,$25.51,0.11,0.433%,10495,1904355862.00,United States,,Investment Managers,Finance,/market-activity/stocks/abxl,NYSE
ACA,Arcosa Inc. Common Stock ,$145.30,0.02,0.014%,582684,7135219348.00,United States,2018,Metal Fabrications,Industrials,/market-activity/stocks/aca,NYSE
ACCO,Acco Brands Corporation Common Stock,$4.28,-0.01,-0.233%,550090,395076391.00,United States,,Publishing,Consumer Discretionary,/market-activity/stocks/acco,NYSE
ACEL,Accel Entertainment Inc. ,$11.64,-0.23,-1.938%,249893,945092049.00,United States,2017,Services-Misc. Amusement & Recreation,Consumer Discretionary,/market-activity/stocks/acel,NYSE
ACH,Accendra Health Inc. Common Stock,$1.21,0.00,0.00%,1007607,93054692.00,United States,,Medical Specialities,Health Care,/market-activity/stocks/ach,NYSE
ACHR,Archer Aviation Inc. Class A Common Stock,$5.78,0.03,0.522%,28516807,4498487722.00,United States,2020,Aerospace,Industrials,/market-activity/stocks/achr,NYSE
ACI,Albertsons Companies Inc. Class A Common Stock,$12.35,-0.18,-1.437%,7748441,5993772185.00,United States,2020,Food Chains,Consumer Staples,/market-activity/stocks/aci,NYSE
ACM,AECOM Common Stock,$67.43,-1.74,-2.516%,4670949,8677999938.00,United States,2007,Military/Government/Technical,Consumer Discretionary,/market-activity/stocks/acm,NYSE
ACN,Accenture plc Class A Ordinary Shares (Ireland),$189.76,0.15,0.079%,4193995,126666737450.00,Ireland,2001,Business Services,Consumer Discretionary,/market-activity/stocks/acn,NYSE
ACP,abrdn Income Credit Strategies Fund Common Shares,$5.07,-0.05,-0.977%,626716,0.00,United States,2011,Investment Managers,Finance,/market-activity/stocks/acp,NYSE
ACP^A,abrdn Income Credit Strategies Fund 5.250% Series A Perpetual Preferred Stock,$18.92,-0.26,-1.356%,2959,,United States,,,,/market-activity/stocks/acp^a,NYSE
ACR,ACRES Commercial Realty Corp. Common Stock,$13.93,-0.03,-0.215%,19057,187393172.00,United States,,Real Estate Investment Trusts,Real Estate,/market-activity/stocks/acr,NYSE
ACR^C,ACRES Commercial Realty Corp. 8.625% Fixed-to-Floating Series C Cumulative Redeemable Preferred Stock,$24.15,-0.05,-0.207%,231581,,United States,,,,/market-activity/stocks/acr^c,NYSE
ACR^D,ACRES Commercial Realty Corp. 7.875% Series D Cumulative Redeemable Preferred Stock,$20.40,-0.095,-0.464%,2858,,United States,,,,/market-activity/stocks/acr^d,NYSE
ACRE,Ares Commercial Real Estate Corporation Common Stock,$4.57,-0.08,-1.72%,294390,253548686.00,United States,2012,Real Estate Investment Trusts,Real Estate,/market-activity/stocks/acre,NYSE
ACV,Virtus Diversified Income & Convertible Fund Common Shares of Beneficial Interest,$26.20,-0.25,-0.945%,32822,271509395.00,United States,2015,Finance/Investors Services,Finance,/market-activity/stocks/acv,NYSE
ACVA,ACV Auctions Inc. Class A Common Stock,$7.03,-0.13,-1.816%,3504061,1193750099.00,United States,2025,Business Services,Consumer Discretionary,/market-activity/stocks/acva,NYSE
AD,Array Digital Infrastructure Inc. Common Shares,$36.66,0.66,1.833%,154564,3171090000.00,United States,1988,Telecommunications Equipment,Telecommunications,/market-activity/stocks/ad,NYSE
ADC,Agree Realty Corporation Common Stock,$72.25,-0.95,-1.298%,1234097,8986405148.00,United States,,Real Estate Investment Trusts,Real Estate,/market-activity/stocks/adc,NYSE
ADC^A,Agree Realty Corporation Depositary Shares each representing 1/1000th of a 4.250% Series A Cumulative Redeemable Preferred Stock,$16.80,0.00,0.00%,15596,,United States,,,,/market-activity/stocks/adc^a,NYSE
ADCT,ADC Therapeutics SA Common Shares,$1.17,0.03,2.632%,1251524,149371203.00,Switzerland,2020,Biotechnology: Pharmaceutical Preparations,Health Care,/market-activity/stocks/adct,NYSE
ADIG,ADI Global Distribution Inc. Common Stock,$21.87,-0.24,-1.085%,1136865,1660440340.00,United States,2026,Wholesale Distributors,Industrials,/market-activity/stocks/adig,NYSE
ADM,Archer-Daniels-Midland Company Common Stock,$81.29,-0.25,-0.307%,5425781,39178494502.00,United States,,Packaged Foods,Consumer Staples,/market-activity/stocks/adm,NYSE
ADNT,Adient plc Ordinary Shares ,$18.97,-0.09,-0.472%,679452,1462528800.00,United States,2016,Auto Parts:O.E.M.,Consumer Discretionary,/market-activity/stocks/adnt,NYSE
ADT,ADT Inc. Common Stock,$7.39,-0.15,-1.989%,8089083,5398832843.00,United States,2018,Diversified Commercial Services,Consumer Discretionary,/market-activity/stocks/adt,NYSE
ADX,Adams Diversified Equity Fund Inc.,$25.89,-0.07,-0.27%,274085,0.00,United States,,Investment Managers,Finance,/market-activity/stocks/adx,NYSE
AEE,Ameren Corporation Common Stock,$106.01,-0.11,-0.104%,1253338,29348153039.00,United States,,Power Generation,Utilities,/market-activity/stocks/aee,NYSE
AEFC,Aegon Funding Company LLC 5.10% Subordinated Notes due 2049,$17.77,-0.33,-1.823%,106003,0.00,United States,2019,,,/market-activity/stocks/aefc,NYSE
AEG,Aegon Ltd. New York Registry Shares,$9.14,-0.05,-0.544%,4832996,17447807661.00,Netherlands,,Life Insurance,Finance,/market-activity/stocks/aeg,NYSE
AEM,Agnico Eagle Mines Limited Common Stock,$203.11,-3.14,-1.522%,3870724,103090714304.00,Canada,,Precious Metals,Basic Materials,/market-activity/stocks/aem,NYSE
AEO,American Eagle Outfitters Inc. Common Stock,$16.63,-0.24,-1.423%,4995272,2786744528.00,United States,,Clothing/Shoe/Accessory Stores,Consumer Discretionary,/market-activity/stocks/aeo,NYSE
AER,AerCap Holdings N.V. Ordinary Shares,$145.94,-1.55,-1.051%,1645398,22537523686.00,Netherlands,2006,Diversified Commercial Services,Consumer Discretionary,/market-activity/stocks/aer,NYSE
AERO,Grupo Aeromexico S.A.B. de C.V. American Depositary Shares (each representing ten (10) Common Shares),$14.51,-0.14,-0.956%,566790,2117058465.00,,2025,Air Freight/Delivery Services,Consumer Discretionary,/market-activity/stocks/aero,NYSE
AES,The AES Corporation Common Stock,$14.74,0.01,0.068%,9090988,10516085406.00,United States,,Electric Utilities: Central,Industrials,/market-activity/stocks/aes,NYSE
AESI,Atlas Energy Solutions Inc. Common Stock,$13.10,0.25,1.946%,2428681,1637545208.00,United States,2023,Mining & Quarrying of Nonmetallic Minerals (No Fuels),Industrials,/market-activity/stocks/aesi,NYSE
AEXA,American Exceptionalism Acquisition Corp. A Class A Ordinary Shares,$11.67,0.17,1.478%,29110,0.00,,2025,,,/market-activity/stocks/aexa,NYSE
AFB,AllianceBernstein National Municipal Income Fund Inc,$10.90,0.00,0.00%,54493,0.00,United States,2002,Trusts Except Educational Religious and Charitable,Finance,/market-activity/stocks/afb,NYSE
AFG,American Financial Group Inc. Common Stock,$142.55,-1.07,-0.745%,353788,11820454978.00,United States,,Property-Casualty Insurers,Finance,/market-activity/stocks/afg,NYSE
AFGB,American Financial Group Inc. 5.875% Subordinated Debentures due 2059,$20.45,-0.233,-1.127%,9206,1695743980.00,United States,2019,Property-Casualty Insurers,Finance,/market-activity/stocks/afgb,NYSE
AFGC,American Financial Group Inc. 5.125% Subordinated Debentures due 2059,$18.03,-0.015,-0.083%,28132,1495074032.00,United States,2019,Property-Casualty Insurers,Finance,/market-activity/stocks/afgc,NYSE
AFGD,American Financial Group Inc. 5.625% Subordinated Debentures due 2060,$20.74,-0.22,-1.05%,25621,1719791205.00,United States,2020,Property-Casualty Insurers,Finance,/market-activity/stocks/afgd,NYSE
AFGE,American Financial Group Inc. 4.500% Subordinated Debentures due 2060,$16.10,-0.14,-0.862%,10910,1335035603.00,United States,2020,Property-Casualty Insurers,Finance,/market-activity/stocks/afge,NYSE
AFL,AFLAC Incorporated Common Stock,$115.85,-0.67,-0.575%,3853131,58080621073.00,United States,,Accident &Health Insurance,Finance,/market-activity/stocks/afl,NYSE
AG,First Majestic Silver Corp. Ordinary Shares (Canada),$20.59,-0.17,-0.819%,6944973,10148942426.00,Canada,,Precious Metals,Basic Materials,/market-activity/stocks/ag,NYSE
AGBK,AGI Inc Class A Common Shares,$6.21,0.06,0.976%,224705,994438797.00,Cayman Islands,2026,Commercial Banks,Finance,/market-activity/stocks/agbk,NYSE
AGCO,AGCO Corporation Common Stock,$118.31,4.92,4.339%,1807560,8285453858.00,United States,,Industrial Machinery/Components,Industrials,/market-activity/stocks/agco,NYSE
AGD,abrdn Global Dynamic Dividend Fund Common Shares of Beneficial Interest,$12.50,-0.10,-0.794%,78236,0.00,United States,2006,Trusts Except Educational Religious and Charitable,Finance,/market-activity/stocks/agd,NYSE
AGI,Alamos Gold Inc. Class A Common Shares,$36.61,-0.14,-0.381%,3175899,15374933697.00,Canada,2015,Precious Metals,Basic Materials,/market-activity/stocks/agi,NYSE
AGL,agilon health inc. Common Stock,$87.89,-4.65,-5.025%,457336,1475779447.00,United States,2021,Misc Health and Biotechnology Services,Health Care,/market-activity/stocks/agl,NYSE
AGM,Federal Agricultural Mortgage Corporation Common Stock,$219.90,-1.53,-0.691%,64285,2386620879.00,United States,,Finance Companies,Finance,/market-activity/stocks/agm,NYSE
AGM^D,Federal Agricultural Mortgage Corporation 5.700% Non-Cumulative Preferred Stock Series D,$21.12,0.11,0.524%,1395,,United States,,,,/market-activity/stocks/agm^d,NYSE
AGM^E,Federal Agricultural Mortgage Corporation 5.750% Non-Cumulative Preferred Stock Series E,$20.76,-0.01,-0.048%,1536,,United States,,,,/market-activity/stocks/agm^e,NYSE
AGM^F,Federal Agricultural Mortgage Corporation 5.250% Non-Cumulative Preferred Stock Series F,$18.74,-0.015,-0.08%,19555,,United States,,,,/market-activity/stocks/agm^f,NYSE
AGM^G,Federal Agricultural Mortgage Corporation 4.875% Non-Cumulative Preferred Stock Series G,$17.45,-0.0399,-0.228%,10136,,United States,,,,/market-activity/stocks/agm^g,NYSE
AGM^H,Federal Agricultural Mortgage Corporation 6.500% Non-Cumulative Preferred Stock Series H,$23.41,0.11,0.472%,3045,,United States,,,,/market-activity/stocks/agm^h,NYSE
AGM^I,Federal Agricultural Mortgage Corporation 6.875% Non-Cumulative Preferred Stock Series I,$24.61,0.11,0.449%,1644,,United States,,,,/market-activity/stocks/agm^i,NYSE
AGO,Assured Guaranty Ltd. Common Stock,$74.70,-0.83,-1.099%,401970,3285246838.00,Bermuda,2004,Property-Casualty Insurers,Finance,/market-activity/stocks/ago,NYSE
AGRO,Adecoagro S.A. Common Shares,$11.38,0.64,5.959%,883406,1642230343.00,Luxembourg,2011,Farming/Seeds/Milling,Consumer Staples,/market-activity/stocks/agro,NYSE
AGX,Argan Inc. Common Stock,$424.99,7.25,1.736%,345890,5958039783.00,United States,,Engineering & Construction,Consumer Discretionary,/market-activity/stocks/agx,NYSE
AHL^D,Aspen Insurance Holdings Limited 5.625% Perpetual Non-Cumulative Preference Shares,$18.62,-0.23,-1.22%,14546,,Bermuda,,,,/market-activity/stocks/ahl^d,NYSE
AHL^E,Aspen Insurance Holdings Limited Depositary Shares each representing a 1/1000th interest in a share of 5.625% Perpetual Non-Cumulative Preference Shares,$18.59,-0.16,-0.853%,15353,,Bermuda,,,,/market-activity/stocks/ahl^e,NYSE
AHL^F,Aspen Insurance Holdings Limited Depositary Shares each representing a 1/1000th Interest in a 7.00% Perpetual Non-Cumulative Preference Share,$23.44,-0.2599,-1.097%,19725,,Bermuda,,,,/market-activity/stocks/ahl^f,NYSE
AHR,American Healthcare REIT Inc. Common Stock,$55.21,-0.32,-0.576%,1874944,12874154892.00,United States,2024,Real Estate Investment Trusts,Real Estate,/market-activity/stocks/ahr,NYSE
AHRT,AH Realty Trust Inc. Common Stock,$6.48,-0.06,-0.917%,782436,483362588.00,United States,2013,Real Estate,Finance,/market-activity/stocks/ahrt,NYSE
AHRT^A,AH Realty Trust Inc. 6.75% Series A Cumulative Redeemable Perpetual Preferred Stock,$22.09,0.1657,0.756%,5805,,United States,,,,/market-activity/stocks/ahrt^a,NYSE
AHT,Ashford Hospitality Trust Inc Common Stock,$3.20,-0.05,-1.538%,14456,20703405.00,United States,2003,Real Estate Investment Trusts,Real Estate,/market-activity/stocks/aht,NYSE
AHT^D,Ashford Hospitality Trust Inc 8.45% Series D Cumulative Preferred Stock,$6.79,-0.01,-0.147%,3393,,United States,,,,/market-activity/stocks/aht^d,NYSE
AHT^F,Ashford Hospitality Trust Inc 7.375% Series F Cumulative Preferred Stock,$6.76,0.3436,5.355%,90086,,United States,,,,/market-activity/stocks/aht^f,NYSE
AHT^G,Ashford Hospitality Trust Inc 7.375% Series G Cumulative Preferred Stock,$6.31,-0.1747,-2.696%,10077,,United States,,,,/market-activity/stocks/aht^g,NYSE
AHT^H,Ashford Hospitality Trust Inc 7.50% Series H Cumulative Preferred Stock,$6.20,0.10,1.639%,7188,,United States,,,,/market-activity/stocks/aht^h,NYSE
AHT^I,Ashford Hospitality Trust Inc 7.50% Series I Cumulative Preferred Stock,$6.13,-0.1073,-1.72%,10829,,United States,,,,/market-activity/stocks/aht^i,NYSE
AI,C3.ai Inc. Class A Common Stock,$10.82,0.29,2.754%,6418589,1681961177.00,United States,2020,Computer Software: Prepackaged Software,Technology,/market-activity/stocks/ai,NYSE
AIG,American International Group Inc. New Common Stock,$76.36,-0.57,-0.741%,3670740,39928122385.00,United States,,Property-Casualty Insurers,Finance,/market-activity/stocks/aig,NYSE
AII,American Integrity Insurance Group Inc. Common Stock,$26.00,-0.32,-1.216%,174901,509429102.00,United States,2025,Property-Casualty Insurers,Finance,/market-activity/stocks/aii,NYSE
AIIA,AI Infrastructure Acquisition Corp. Class A Ordinary Shares,$10.22,-0.03,-0.293%,879,0.00,,2025,Blank Checks,Finance,/market-activity/stocks/aiia,NYSE
AIN,Albany International Corporation Common Stock,$55.43,-2.92,-5.004%,411115,1574212000.00,United States,,Textiles,Consumer Discretionary,/market-activity/stocks/ain,NYSE
AIO,Virtus Artificial Intelligence & Technology Opportunities Fund Common Shares of Beneficial Interest,$26.26,0.03,0.114%,84859,901793925.00,,2019,Finance/Investors Services,Finance,/market-activity/stocks/aio,NYSE
AIR,AAR Corp. Common Stock,$129.29,-3.90,-2.928%,332873,5205065424.00,United States,,Aerospace,Industrials,/market-activity/stocks/air,NYSE
AIT,Applied Industrial Technologies Inc. Common Stock,$323.98,1.76,0.546%,370003,11889695367.00,United States,,Industrial Specialties,Consumer Discretionary,/market-activity/stocks/ait,NYSE
AIV,Apartment Investment and Management Company Common Stock,$2.51,-0.04,-1.569%,4891315,364544614.00,United States,1994,Real Estate Investment Trusts,Real Estate,/market-activity/stocks/aiv,NYSE
AIZ,Assurant Inc. Common Stock,$281.86,-3.79,-1.327%,275482,13902396967.00,United States,2004,Property-Casualty Insurers,Finance,/market-activity/stocks/aiz,NYSE
AIZN,Assurant Inc. 5.25% Subordinated Notes due 2061,$18.41,-0.18,-0.968%,16642,928954075.00,United States,2020,Property-Casualty Insurers,Finance,/market-activity/stocks/aizn,NYSE
AJG,Arthur J. Gallagher & Co. Common Stock,$262.15,-5.41,-2.022%,1496656,67189045000.00,United States,,Specialty Insurers,Finance,/market-activity/stocks/ajg,NYSE
AKA,a.k.a. Brands Holding Corp. Common Stock,$10.46,-0.14,-1.321%,3904,114966477.00,,2021,Catalog/Specialty Distribution,Consumer Discretionary,/market-activity/stocks/aka,NYSE
AKO/A,Embotelladora Andina S.A.,$23.62,-0.147,-0.618%,890,,Chile,,,,/market-activity/stocks/ako/a,NYSE
AKO/B,Embotelladora Andina S.A.,$29.19,-0.37,-1.252%,19015,,Chile,,,,/market-activity/stocks/ako/b,NYSE
AKR,Acadia Realty Trust Common Stock,$20.47,-0.25,-1.207%,1491083,2811200819.00,United States,,Real Estate Investment Trusts,Real Estate,/market-activity/stocks/akr,NYSE
ALB,Albemarle Corporation Common Stock,$134.97,-2.39,-1.74%,1982775,15927142543.00,United States,,Major Chemicals,Industrials,/market-activity/stocks/alb,NYSE
ALB^A,Albemarle Corporation Depositary Shares each representing a 1/20th of 7.25% Series A Mandatory Convertible Preferred Stock,$54.81,-1.13,-2.02%,79581,,United States,,,,/market-activity/stocks/alb^a,NYSE
ALC,Alcon Inc. Ordinary Shares,$72.06,0.05,0.069%,1106742,36008382000.00,Switzerland,2019,Ophthalmic Goods,Health Care,/market-activity/stocks/alc,NYSE
ALG,Alamo Group Inc. Common Stock,$164.58,-0.69,-0.417%,119887,2003097420.00,United States,,Industrial Machinery/Components,Industrials,/market-activity/stocks/alg,NYSE
ALH,Alliance Laundry Holdings Inc. Common Stock,$22.91,-0.32,-1.378%,1204396,4554258189.00,United States,2025,Industrial Machinery/Components,Industrials,/market-activity/stocks/alh,NYSE
ALIT,Alight Inc. Class A Common Stock,$14.31,0.29,2.068%,391018,385498421.00,United States,2021,Business Services,Consumer Discretionary,/market-activity/stocks/alit,NYSE
ALK,Alaska Air Group Inc. Common Stock,$41.33,-0.99,-2.339%,1997144,4612556950.00,United States,,Air Freight/Delivery Services,Consumer Discretionary,/market-activity/stocks/alk,NYSE
ALL,Allstate Corporation (The) Common Stock,$257.80,-2.78,-1.067%,2182933,65186779510.00,United States,,Property-Casualty Insurers,Finance,/market-activity/stocks/all,NYSE
ALL^B,Allstate Corporation (The) 5.100% Fixed-to-Floating Rate Subordinated Debentures due 2053,$25.61,0.04,0.156%,23579,,United States,,,,/market-activity/stocks/all^b,NYSE
ALL^H,Allstate Corporation (The) Depositary Shares each representing a 1/1000th interest in a share of Fixed Rate Noncumulative Perpetual Preferred Stock Series H,$18.63,-0.12,-0.64%,82695,,United States,,,,/market-activity/stocks/all^h,NYSE
ALL^I,Allstate Corporation (The) Depositary Shares each representing a 1/1000th interest in a share of Fixed Rate Noncumulative Perpetual Preferred Stock Series I,$17.36,-0.13,-0.743%,29154,,United States,,,,/market-activity/stocks/all^i,NYSE
ALL^J,Allstate Corporation (The) Depositary Shares each representing a 1/1000th interest in a share of Fixed Rate Noncumulative Perpetual Preferred Stock Series J,$25.85,-0.09,-0.347%,112142,,United States,,,,/market-activity/stocks/all^j,NYSE
ALLE,Allegion plc Ordinary Shares,$155.25,-2.23,-1.416%,7471030,13201961027.00,United States,2013,Diversified Commercial Services,Consumer Discretionary,/market-activity/stocks/alle,NYSE
ALLY,Ally Financial Inc. Common Stock,$42.21,0.03,0.071%,3430715,12840269042.00,United States,2014,Major Banks,Finance,/market-activity/stocks/ally,NYSE
ALSN,Allison Transmission Holdings Inc. Common Stock,$125.71,-0.61,-0.483%,827976,10380885157.00,United States,2012,Auto Parts:O.E.M.,Consumer Discretionary,/market-activity/stocks/alsn,NYSE
ALTG,Alta Equipment Group Inc. Class A Common Stock,$5.90,0.01,0.17%,242387,192734545.00,United States,2019,Industrial Machinery/Components,Industrials,/market-activity/stocks/altg,NYSE
ALTG^A,Alta Equipment Group Inc. Depositary Shares (each representing 1/1000th in a share of 10% Series A Cumulative Perpetual Preferred Stock),$25.98,0.0875,0.338%,436,,United States,,,,/market-activity/stocks/altg^a,NYSE
ALUB,Alussa Energy Acquisition Corp. II Class A Ordinary Shares,$10.11,-0.01,-0.099%,188135,0.00,,2026,,,/market-activity/stocks/alub,NYSE
ALV,Autoliv Inc. Common Stock,$121.21,-0.86,-0.705%,577274,8877083073.00,Sweden,,Auto Parts:O.E.M.,Consumer Discretionary,/market-activity/stocks/alv,NYSE
ALX,Alexander's Inc. Common Stock,$271.66,1.47,0.544%,75562,1387446401.00,United States,,Real Estate Investment Trusts,Real Estate,/market-activity/stocks/alx,NYSE
AM,Antero Midstream Corporation Common Stock,$22.42,0.13,0.583%,1875929,10642191080.00,United States,2017,Natural Gas Distribution,Utilities,/market-activity/stocks/am,NYSE
AMBP,Ardagh Metal Packaging S.A. Ordinary Shares,$5.08,-0.06,-1.167%,973865,3036313897.00,,,Containers/Packaging,Industrials,/market-activity/stocks/ambp,NYSE
AMBQ,Ambiq Micro Inc. Common Stock,$58.31,0.97,1.692%,715612,1410200294.00,United States,2025,Semiconductors,Technology,/market-activity/stocks/ambq,NYSE
AMC,AMC Entertainment Holdings Inc. Class A Common Stock,$2.64,0.05,1.931%,17327650,2356476244.00,United States,2013,Movies/Entertainment,Consumer Discretionary,/market-activity/stocks/amc,NYSE
AMCR,Amcor plc Ordinary Shares,$45.89,-0.78,-1.671%,4043116,21217043714.00,United Kingdom,2019,Miscellaneous manufacturing industries,Consumer Discretionary,/market-activity/stocks/amcr,NYSE
AME,AMETEK Inc.,$235.17,-1.08,-0.457%,2106602,53915366751.00,United States,,Industrial Machinery/Components,Industrials,/market-activity/stocks/ame,NYSE
AMG,Affiliated Managers Group Inc. Common Stock,$368.19,-2.68,-0.723%,307248,9521368731.00,United States,,Investment Managers,Finance,/market-activity/stocks/amg,NYSE
AMH,American Homes 4 Rent Common Shares of Beneficial Interest,$33.30,-0.24,-0.716%,1744330,11960692135.00,United States,2013,Real Estate Investment Trusts,Real Estate,/market-activity/stocks/amh,NYSE
AMH^G,American Homes 4 Rent Series G cumulative redeemable perpetual preferred shares of beneficial interest,$22.27,-0.03,-0.135%,10917,,United States,,,,/market-activity/stocks/amh^g,NYSE
AMH^H,American Homes 4 Rent Series H cumulative redeemable perpetual Preferred Shares of Beneficial Interest,$23.33,0.01,0.043%,5492,,United States,,,,/market-activity/stocks/amh^h,NYSE
AMN,AMN Healthcare Services Inc,$34.28,-0.34,-0.982%,615243,1327664091.00,United States,,Professional Services,Consumer Discretionary,/market-activity/stocks/amn,NYSE
AMP,Ameriprise Financial Inc. Common Stock,$553.11,-6.21,-1.11%,481792,49722976131.00,United States,,Investment Managers,Finance,/market-activity/stocks/amp,NYSE
AMPX,Amprius Technologies Inc. Common Stock,$9.88,-0.01,-0.101%,3737198,1443276506.00,United States,2022,Industrial Machinery/Components,Miscellaneous,/market-activity/stocks/ampx,NYSE
AMPY,Amplify Energy Corp. Common Stock,$4.92,0.16,3.361%,750419,203965734.00,United States,2016,Oil & Gas Production,Energy,/market-activity/stocks/ampy,NYSE
AMR,Alpha Metallurgical Resources Inc. Common Stock,$235.70,9.47,4.186%,420766,2988450907.00,United States,2018,Coal Mining,Energy,/market-activity/stocks/amr,NYSE
AMRC,Ameresco Inc. Class A Common Stock,$22.12,0.13,0.591%,571767,1173824587.00,United States,2010,Engineering & Construction,Consumer Discretionary,/market-activity/stocks/amrc,NYSE
AMRZ,Amrize Ltd Ordinary Shares,$43.70,-0.97,-2.171%,3088359,23900650643.00,Switzerland,2025,Building Materials,Industrials,/market-activity/stocks/amrz,NYSE
AMT,American Tower Corporation (REIT) Common Stock,$175.70,-0.53,-0.301%,2858068,81869180434.00,United States,,Real Estate Investment Trusts,Real Estate,/market-activity/stocks/amt,NYSE
AMTB,Amerant Bancorp Inc. Class A Common Stock,$28.71,-0.13,-0.451%,314032,1125140823.00,United States,,Major Banks,Finance,/market-activity/stocks/amtb,NYSE
AMTD,AMTD IDEA Group American Depositary Shares each representing six (6) Class A Ordinary Shares,$0.76,0.0189,2.554%,8426,72630945.00,,,Finance: Consumer Services,Finance,/market-activity/stocks/amtd,NYSE
AMTM,Amentum Holdings Inc. Common Stock,$19.99,-0.32,-1.576%,1367854,4887683196.00,United States,2024,Business Services,Consumer Discretionary,/market-activity/stocks/amtm,NYSE
AMWL,American Well Corporation Class A Common Stock,$11.97,0.04,0.335%,112095,203594833.00,United States,2020,Business Services,Consumer Discretionary,/market-activity/stocks/amwl,NYSE
AMX,America Movil S.A.B. de C.V. American Depositary Shares (each representing the right to receive twenty (20) Series B Shares,$23.04,-0.14,-0.604%,2501544,69344640000.00,Mexico,2023,Telecommunications Equipment,Telecommunications,/market-activity/stocks/amx,NYSE
AN,AutoNation Inc. Common Stock,$201.25,1.16,0.58%,532219,6653487208.00,United States,,Retail-Auto Dealers and Gas Stations,Consumer Discretionary,/market-activity/stocks/an,NYSE
ANDG,Andersen Group Inc. Class A Common Stock,$55.74,0.02,0.036%,311443,6297976370.00,,2025,Business Services,Consumer Discretionary,/market-activity/stocks/andg,NYSE
ANET,Arista Networks Inc. Common Stock,$195.69,0.31,0.159%,5021709,246809051367.00,United States,,Computer Communications Equipment,Telecommunications,/market-activity/stocks/anet,NYSE
ANF,Abercrombie & Fitch Company Common Stock,$143.08,-5.34,-3.598%,2387286,6357289067.00,United States,,Clothing/Shoe/Accessory Stores,Consumer Discretionary,/market-activity/stocks/anf,NYSE
ANG^D,American National Group Inc. Depositary Shares each representing a 1/1000th interest in a share of 7.375% Fixed-Rate Non-Cumulative Preferred Stock Series D,$23.18,-0.10,-0.43%,12512,,United States,,,,/market-activity/stocks/ang^d,NYSE
ANGX,Angel Studios Inc. Class A Common Stock,$4.21,-0.14,-3.218%,671662,786244103.00,United States,2025,Movies/Entertainment,Consumer Discretionary,/market-activity/stocks/angx,NYSE
ANRO,Alto Neuroscience Inc. Common Stock,$35.38,0.25,0.712%,764140,1388385640.00,United States,2024,Biotechnology: Pharmaceutical Preparations,Health Care,/market-activity/stocks/anro,NYSE
ANVS,Annovis Bio Inc. Common Stock,$1.72,0.00,0.00%,425490,73282581.00,United States,2020,Biotechnology: Pharmaceutical Preparations,Health Care,/market-activity/stocks/anvs,NYSE
AOD,abrdn Total Dynamic Dividend Fund Common Shares of Beneficial Interest,$10.83,0.05,0.464%,607274,0.00,United States,2007,Investment Managers,Finance,/market-activity/stocks/aod,NYSE
AOMD,Angel Oak Mortgage REIT Inc. 9.750% Senior Notes due 2030,$25.16,-0.0999,-0.395%,4022,0.00,United States,2025,Real Estate,Finance,/market-activity/stocks/aomd,NYSE
AOMN,Angel Oak Mortgage REIT Inc. 9.500% Senior Notes due 2029,$25.23,-0.15,-0.591%,11716,0.00,United States,2024,Real Estate,Finance,/market-activity/stocks/aomn,NYSE
AOMR,Angel Oak Mortgage REIT Inc. Common Stock,$8.30,-0.04,-0.48%,180650,192683479.00,United States,2021,Real Estate,Finance,/market-activity/stocks/aomr,NYSE
AON,Aon plc Class A Ordinary Shares (Ireland),$321.52,-33.88,-9.533%,2432971,68202569540.00,United States,,Specialty Insurers,Finance,/market-activity/stocks/aon,NYSE
AORT,Artivion Inc. Common Stock,$26.99,0.22,0.822%,669066,1315930405.00,United States,,Medical/Dental Instruments,Health Care,/market-activity/stocks/aort,NYSE
AOS,A.O. Smith Corporation Common Stock,$59.13,-1.25,-2.07%,2168095,8036273921.00,United States,,Consumer Electronics/Appliances,Consumer Discretionary,/market-activity/stocks/aos,NYSE
AP,Ampco-Pittsburgh Corporation Common Stock,$8.58,-0.28,-3.16%,88670,177250968.00,United States,,Fluid Controls,Industrials,/market-activity/stocks/ap,NYSE
APAM,Artisan Partners Asset Management Inc. Class A Common Stock,$42.57,-0.90,-2.07%,1405893,3451263519.00,United States,2013,Investment Managers,Finance,/market-activity/stocks/apam,NYSE
APD,Air Products and Chemicals Inc. Common Stock,$309.46,1.37,0.445%,1448936,68912264114.00,United States,,Major Chemicals,Basic Materials,/market-activity/stocks/apd,NYSE
APG,APi Group Corporation Common Stock,$39.25,-0.44,-1.109%,2763479,16962291657.00,United States,2020,Diversified Commercial Services,Consumer Discretionary,/market-activity/stocks/apg,NYSE
APH,Amphenol Corporation Common Stock,$158.55,0.81,0.514%,5527208,195489527107.00,United States,,Electrical Products,Technology,/market-activity/stocks/aph,NYSE
APLE,Apple Hospitality REIT Inc. Common Shares,$15.95,-0.60,-3.625%,2689332,3765519033.00,United States,2015,Real Estate Investment Trusts,Real Estate,/market-activity/stocks/aple,NYSE
APO,Apollo Global Management Inc. (New) Common Stock,$136.58,1.54,1.14%,2603560,80656384656.00,United States,,Investment Managers,Finance,/market-activity/stocks/apo,NYSE
APOS,Apollo Global Management Inc. 7.625% Fixed-Rate Resettable Junior Subordinated Notes due 2053,$25.65,0.05,0.195%,46315,14608554051.00,United States,1987,Investment Managers,Finance,/market-activity/stocks/apos,NYSE
APTV,Aptiv PLC Ordinary Shares,$44.76,-0.99,-2.164%,25126388,9293667896.00,United Kingdom,,Auto Parts:O.E.M.,Consumer Discretionary,/market-activity/stocks/aptv,NYSE
AQN,Algonquin Power & Utilities Corp. Common Shares,$5.66,0.00,0.00%,3445904,4356771891.00,United States,2016,Electric Utilities: Central,Utilities,/market-activity/stocks/aqn,NYSE
AQNB,Algonquin Power & Utilities Corp. 6.20% Fixed-to-Floating Subordinated Notes Series 2019-A due July 1 2079,$26.34,0.06,0.228%,19157,20229778526.00,United States,2019,Electric Utilities: Central,Utilities,/market-activity/stocks/aqnb,NYSE
AR,Antero Resources Corporation Common Stock,$38.48,0.03,0.078%,3331261,11830252720.00,United States,2013,Oil & Gas Production,Energy,/market-activity/stocks/ar,NYSE
ARCO,Arcos Dorados Holdings Inc. Class A Shares,$7.92,-0.08,-1.00%,1515890,1668451411.00,Argentina,2011,Restaurants,Consumer Discretionary,/market-activity/stocks/arco,NYSE
ARDC,Ares Dynamic Credit Allocation Fund Inc. Common Shares,$12.40,0.03,0.243%,115076,284145244.00,United States,2012,Investment Managers,Finance,/market-activity/stocks/ardc,NYSE
ARDT,Ardent Health Inc. Common Stock,$10.82,-0.14,-1.277%,170863,1526116714.00,United States,2024,Hospital/Nursing Management,Health Care,/market-activity/stocks/ardt,NYSE
ARE,Alexandria Real Estate Equities Inc. Common Stock,$51.29,-0.28,-0.543%,2190332,8937157865.00,United States,,Real Estate Investment Trusts,Real Estate,/market-activity/stocks/are,NYSE
ARES,Ares Management Corporation Class A Common Stock,$143.17,0.64,0.449%,1873323,47285790876.00,United States,2014,Investment Managers,Finance,/market-activity/stocks/ares,NYSE
ARES^B,Ares Management Corporation 6.75% Series B Mandatory Convertible Preferred Stock,$45.70,0.36,0.794%,97269,,United States,,,,/market-activity/stocks/ares^b,NYSE
ARI,Apollo Commercial Real Estate Finance Inc,$6.91,0.06,0.876%,2593330,885945563.00,United States,2009,Real Estate Investment Trusts,Real Estate,/market-activity/stocks/ari,NYSE
ARIS,Aris Mining Corporation Common Shares,$19.99,-0.28,-1.381%,1095971,4125936000.00,,2023,,,/market-activity/stocks/aris,NYSE
ARL,American Realty Investors Inc. Common Stock,$15.00,0.00,0.00%,929,242280645.00,United States,,Real Estate,Finance,/market-activity/stocks/arl,NYSE
ARLO,Arlo Technologies Inc. Common Stock,$13.15,0.26,2.017%,1258387,1415114948.00,United States,2018,Diversified Commercial Services,Consumer Discretionary,/market-activity/stocks/arlo,NYSE
ARMK,Aramark Common Stock,$56.31,-1.87,-3.214%,2902844,14844726228.00,United States,2013,Restaurants,Consumer Discretionary,/market-activity/stocks/armk,NYSE
AROC,Archrock Inc. Common Stock,$31.52,0.28,0.896%,1917133,5526659591.00,United States,,Natural Gas Distribution,Utilities,/market-activity/stocks/aroc,NYSE
ARR,ARMOUR Residential REIT Inc.,$16.22,-0.10,-0.613%,3225927,2710319796.00,United States,,Real Estate Investment Trusts,Real Estate,/market-activity/stocks/arr,NYSE
ARR^C,ARMOUR Residential REIT Inc. 7% Series C Cumulative Redeemable Preferred Stock (liquidation preference $25.00 per share),$20.68,-0.04,-0.193%,38109,,United States,,,,/market-activity/stocks/arr^c,NYSE
ARW,Arrow Electronics Inc. Common Stock,$204.43,0.51,0.25%,503187,10406595624.00,United States,,Electronic Components,Technology,/market-activity/stocks/arw,NYSE
ARX,Accelerant Holdings Class A Common Shares,$19.73,0.00,0.00%,1405681,4285130131.00,Cayman Islands,2025,Specialty Insurers,Finance,/market-activity/stocks/arx,NYSE
AS,Amer Sports Inc. Ordinary Shares,$30.55,-0.50,-1.61%,7611949,17036738673.00,,2024,Apparel,Consumer Discretionary,/market-activity/stocks/as,NYSE
ASA,ASA  Gold and Precious Metals Limited,$63.80,0.29,0.457%,60410,1162240963.00,United States,,Precious Metals,Industrials,/market-activity/stocks/asa,NYSE
ASAN,Asana Inc. Class A Common Stock,$10.26,0.07,0.687%,5061796,2365030825.00,United States,2020,Computer Software: Prepackaged Software,Technology,/market-activity/stocks/asan,NYSE
ASB,Associated Banc-Corp Common Stock,$30.61,-0.31,-1.003%,2073186,5780688062.00,United States,,Major Banks,Finance,/market-activity/stocks/asb,NYSE
ASB^E,Associated Banc-Corp Depositary Shares each representing a 1/40th interest in a share of 5.875% Non-Cumulative Perpetual Preferred Stock Series E,$19.94,-0.06,-0.30%,10526,,United States,,,,/market-activity/stocks/asb^e,NYSE
ASB^F,Associated Banc-Corp Depositary Shares each representing a 1/40th interest in a share of Associated Banc-Corp 5.625% Non-Cumulative Perpetual Preferred Stock Series F,$19.09,-0.02,-0.105%,9182,,United States,,,,/market-activity/stocks/asb^f,NYSE
ASBA,Associated Banc-Corp 6.625% Fixed-Rate Reset Subordinated Notes due 2033,$24.66,0.08,0.325%,26935,3721214098.00,United States,2023,Major Banks,Finance,/market-activity/stocks/asba,NYSE
ASC,Ardmore Shipping Corporation Common Stock,$17.39,0.03,0.173%,611667,709557457.00,,2013,Marine Transportation,Consumer Discretionary,/market-activity/stocks/asc,NYSE
ASG,Liberty All-Star Growth Fund Inc.,$5.20,-0.04,-0.763%,201668,0.00,United States,,Investment Managers,Finance,/market-activity/stocks/asg,NYSE
ASGI,abrdn Global Infrastructure Income Fund Common Shares of Beneficial Interest,$22.47,-1.34,-5.628%,612588,0.00,United States,2020,Investment Managers,Finance,/market-activity/stocks/asgi,NYSE
ASH,Ashland Inc. Common Stock,$73.33,-1.04,-1.398%,776191,3358027822.00,United States,,Specialty Chemicals,Consumer Discretionary,/market-activity/stocks/ash,NYSE
ASIC,Ategrity Specialty Insurance Company Holdings Common Stock,$26.27,-0.32,-1.203%,46913,1259040399.00,,2025,Property-Casualty Insurers,Finance,/market-activity/stocks/asic,NYSE
ASIX,AdvanSix Inc. Common Stock ,$16.81,0.32,1.941%,230172,453889937.00,United States,2016,Major Chemicals,Industrials,/market-activity/stocks/asix,NYSE
ASPN,Aspen Aerogels Inc. Common Stock,$4.93,0.00,0.00%,759923,409134705.00,United States,2014,RETAIL: Building Materials,Consumer Discretionary,/market-activity/stocks/aspn,NYSE
ASR,Grupo Aeroportuario del Sureste S.A. de C.V. Common Stock,$256.51,-1.01,-0.392%,78045,7695300000.00,Mexico,,Aerospace,Consumer Discretionary,/market-activity/stocks/asr,NYSE
ASX,ASE Technology Holding Co. Ltd. American Depositary Shares (each representing Two Common Shares) ,$36.95,-0.83,-2.197%,4191917,82283910327.00,Taiwan,2018,Semiconductors,Technology,/market-activity/stocks/asx,NYSE
ATEN,A10 Networks Inc. Common Stock,$25.39,-0.31,-1.206%,722000,1843543043.00,United States,2014,Computer Communications Equipment,Telecommunications,/market-activity/stocks/aten,NYSE
ATH^A,Athene Holding Ltd. Depositary Shares Each Representing a 1/1000th Interest in a 6.35% Fixed-to-Floating Rate Perpetual Non-Cumulative Preference Share Series A,$23.82,-0.04,-0.168%,257112,,Bermuda,,,,/market-activity/stocks/ath^a,NYSE
ATH^B,Athene Holding Ltd. Depositary Shares Each Representing a 1/1000th Interest in a 5.625% Fixed Rate Perpetual Non- Cumulative Preference Share Series B par value $1.00 per share,$18.56,0.119,0.645%,42652,,Bermuda,,,,/market-activity/stocks/ath^b,NYSE
ATH^D,Athene Holding Ltd. Depositary Shares Each Representing a 1/1000th Interest in a 4.875% Fixed-Rate Perpetual Non-Cumulative Preference Share Series D,$16.25,0.16,0.994%,114377,,Bermuda,,,,/market-activity/stocks/ath^d,NYSE
ATH^E,Athene Holding Ltd. Depositary Shares Each Representing a 1/1000th Interest in a 7.750% Fixed-Rate Reset Perpetual Non-Cumulative Preference Share Series E,$25.27,0.021,0.083%,71439,,Bermuda,,,,/market-activity/stocks/ath^e,NYSE
ATHM,Autohome Inc. American Depositary Shares each representing four class A ordinary shares.,$21.94,-0.89,-3.898%,784365,2526849787.00,China,2013,EDP Services,Technology,/market-activity/stocks/athm,NYSE
ATHS,Athene Holding Ltd. 7.250% Fixed-Rate Reset Junior Subordinated Debentures due 2064,$24.84,0.09,0.364%,36491,5062516200.00,Bermuda,2024,Life Insurance,Finance,/market-activity/stocks/aths,NYSE
ATI,ATI Inc. Common Stock,$204.20,-6.56,-3.113%,9994092,27805992209.00,United States,,Steel/Iron Ore,Industrials,/market-activity/stocks/ati,NYSE
ATKR,Atkore Inc. Common Stock,$93.69,0.09,0.096%,646557,3164150210.00,United States,2016,Industrial Machinery/Components,Miscellaneous,/market-activity/stocks/atkr,NYSE
ATMU,Atmus Filtration Technologies Inc. Common Stock,$47.23,-0.50,-1.048%,637859,3853756740.00,United States,2023,Auto Parts:O.E.M.,Consumer Discretionary,/market-activity/stocks/atmu,NYSE
ATO,Atmos Energy Corporation Common Stock,$166.13,-0.52,-0.312%,1148321,28074068310.00,United States,,Oil/Gas Transmission,Utilities,/market-activity/stocks/ato,NYSE
ATR,AptarGroup Inc. Common Stock,$131.62,-1.37,-1.03%,389238,8368548199.00,United States,,Plastic Products,Industrials,/market-activity/stocks/atr,NYSE
ATS,ATS Corporation Common Shares,$19.26,0.05,0.26%,299189,1889923978.00,Canada,2023,Industrial Machinery/Components,Industrials,/market-activity/stocks/ats,NYSE
AU,AngloGold Ashanti PLC Ordinary Shares,$112.32,-0.87,-0.769%,1975289,56808002834.00,South Africa,,Precious Metals,Basic Materials,/market-activity/stocks/au,NYSE
AUB,Atlantic Union Bankshares Corporation Common Stock,$40.33,-0.33,-0.812%,723881,5759724756.00,United States,,Major Banks,Finance,/market-activity/stocks/aub,NYSE
AUB^A,Atlantic Union Bankshares Corporation Depositary Shares each representing a 1/400th ownership interest in a share of 6.875% Perpetual Non-Cumulative Preferred Stock Series A,$24.32,-0.02,-0.082%,11243,,United States,,,,/market-activity/stocks/aub^a,NYSE
AUNA,Auna SA Class A Ordinary Shares,$5.17,-0.01,-0.193%,151014,382647029.00,Peru,2024,Medical/Nursing Services,Health Care,/market-activity/stocks/auna,NYSE
AVA,Avista Corporation Common Stock,$37.16,-0.50,-1.328%,1110289,3112255163.00,United States,,Power Generation,Utilities,/market-activity/stocks/ava,NYSE
AVAL,Grupo Aval Acciones y Valores S.A. ADR (Each representing 20 preferred shares),$5.24,-0.01,-0.19%,49377,6220790649.00,,2014,Commercial Banks,Finance,/market-activity/stocks/aval,NYSE
AVBC,Avidia Bancorp Inc. Common Stock,$22.15,0.05,0.226%,168413,442342278.00,United States,2025,Banks,Finance,/market-activity/stocks/avbc,NYSE
AVD,American Vanguard Corporation Common Stock ($0.10 Par Value),$2.20,0.01,0.457%,314541,64901390.00,United States,1998,Agricultural Chemicals,Industrials,/market-activity/stocks/avd,NYSE
AVEX,AEVEX Corp. Class A Common Stock,$17.60,-0.15,-0.845%,888803,2007133920.00,,2026,Aerospace,Industrials,/market-activity/stocks/avex,NYSE
AVK,Advent Convertible and Income Fund,$12.53,-0.11,-0.87%,215256,0.00,United States,2003,Trusts Except Educational Religious and Charitable,Finance,/market-activity/stocks/avk,NYSE
AVNT,Avient Corporation Common Stock,$44.06,-0.61,-1.366%,896701,4041163373.00,United States,,Major Chemicals,Industrials,/market-activity/stocks/avnt,NYSE
AVTR,Avantor Inc. Common Stock,$14.54,-0.04,-0.274%,6535594,9834257534.00,United States,2019,Biotechnology: Laboratory Analytical Instruments,Industrials,/market-activity/stocks/avtr,NYSE
AVY,Avery Dennison Corporation Common Stock,$174.11,-3.64,-2.048%,7317952,13195473404.00,United States,,Containers/Packaging,Consumer Discretionary,/market-activity/stocks/avy,NYSE
AWF,Alliancebernstein Global High Income Fund,$10.12,-0.04,-0.394%,167023,0.00,United States,1993,Trusts Except Educational Religious and Charitable,Finance,/market-activity/stocks/awf,NYSE
AWI,Armstrong World Industries Inc Common Stock,$172.58,-2.51,-1.434%,302211,7293718511.00,United States,,Plastic Products,Industrials,/market-activity/stocks/awi,NYSE
AWK,American Water Works Company Inc. Common Stock,$138.23,-0.07,-0.051%,2420138,27470308149.00,United States,2008,Water Supply,Utilities,/market-activity/stocks/awk,NYSE
AWP,abrdn Global Premier Properties Fund Common Shares of Beneficial Interest,$11.54,-0.02,-0.173%,155042,0.00,United States,2007,Trusts Except Educational Religious and Charitable,Finance,/market-activity/stocks/awp,NYSE
AWR,American States Water Company Common Stock,$89.29,-0.59,-0.656%,255266,3539065046.00,United States,,Water Supply,Utilities,/market-activity/stocks/awr,NYSE
AX,Axos Financial Inc. Common Stock,$96.79,-1.06,-1.083%,287044,5491365357.00,United States,2018,Savings Institutions,Finance,/market-activity/stocks/ax,NYSE
AXP,American Express Company Common Stock,$330.17,-3.03,-0.909%,2512692,222967047562.00,United States,,Finance: Consumer Services,Finance,/market-activity/stocks/axp,NYSE
AXR,AMREP Corporation Common Stock,$23.13,0.05,0.217%,2052,123163757.00,United States,,Homebuilding,Real Estate,/market-activity/stocks/axr,NYSE
AXS,Axis Capital Holdings Limited Common Stock,$98.78,-0.74,-0.744%,528963,7207612793.00,Bermuda,2003,Property-Casualty Insurers,Finance,/market-activity/stocks/axs,NYSE
AXS^E,Axis Capital Holdings Limited Depositary Shares each representing 1/100th interest in a share of a 5.50% Series E Preferred Shares,$18.38,0.00,0.00%,62883,,Bermuda,,,,/market-activity/stocks/axs^e,NYSE
AXTA,Axalta Coating Systems Ltd. Common Shares,$36.42,-0.60,-1.621%,1469995,7794608291.00,United States,2014,Paints/Coatings,Consumer Discretionary,/market-activity/stocks/axta,NYSE
AYI,Acuity Inc. Common Stock,$331.79,-3.37,-1.005%,291098,9932315139.00,United States,,Building Products,Consumer Discretionary,/market-activity/stocks/ayi,NYSE
AZN,AstraZeneca PLC Ordinary Shares,$162.13,-0.57,-0.35%,3067868,251419185141.00,United Kingdom,2026,Biotechnology: Pharmaceutical Preparations,Health Care,/market-activity/stocks/azn,NYSE
AZO,AutoZone Inc. Common Stock,$2991.24,29.28,0.989%,378688,48833054890.00,United States,,Auto & Home Supply Stores,Consumer Discretionary,/market-activity/stocks/azo,NYSE
AZUL,Azul S.A. American Depositary Shares each representing two (2) Common Shares,$7.60,0.21,2.842%,144383,1400520111.00,,,Air Freight/Delivery Services,Consumer Discretionary,/market-activity/stocks/azul,NYSE
AZZ,AZZ Inc.,$137.16,-1.18,-0.853%,312619,4121863877.00,United States,,Industrial Specialties,Industrials,/market-activity/stocks/azz,NYSE
B,Barrick Mining Corporation Common Shares,$44.83,-0.82,-1.796%,7143557,73784998504.00,Canada,,Precious Metals,Basic Materials,/market-activity/stocks/b,NYSE
BA,Boeing Company (The) Common Stock,$207.78,-2.04,-0.972%,5212204,164223082756.00,United States,,Aerospace,Industrials,/market-activity/stocks/ba,NYSE
BA^A,Boeing Company (The) Depositary Shares each representing a 1/20th interest in a share of 6.00% Series A Mandatory Convertible Preferred Stock par value $1.00,$64.84,-0.29,-0.445%,1168709,,United States,,,,/market-activity/stocks/ba^a,NYSE
BABA,Alibaba Group Holding Limited American Depositary Shares each representing eight Ordinary share,$114.02,-4.88,-4.104%,9314899,276211855772.00,China,2014,Business Services,Consumer Discretionary,/market-activity/stocks/baba,NYSE
BAC,Bank of America Corporation Common Stock,$61.94,-0.38,-0.61%,43455212,433130833728.00,United States,,Major Banks,Finance,/market-activity/stocks/bac,NYSE
BAC^B,Bank of America Corporation Depositary Shares each representing a 1/1000th interest in a share of 6.000% Non-Cumulative Preferred Stock Series GG,$24.05,-0.27,-1.11%,489252,,United States,,,,/market-activity/stocks/bac^b,NYSE
BAC^E,Bank of America Corporation Depositary Sh repstg 1/1000th Perp Pfd Ser E,$18.60,0.31,1.695%,187295,,United States,,,,/market-activity/stocks/bac^e,NYSE
BAC^K,Bank of America Corporation Depositary Shares each representing a 1/1000th interest in a share of 5.875% Non- Cumulative Preferred Stock Series HH,$23.70,0.11,0.466%,243455,,United States,,,,/market-activity/stocks/bac^k,NYSE
BAC^L,Bank of America Corporation Non Cumulative Perpetual Conv Pfd Ser L,$1285.38,-9.62,-0.743%,8391,,United States,,,,/market-activity/stocks/bac^l,NYSE
BAC^M,Bank of America Corporation Depositary Shares each representing a 1/1000th interest in a share of 5.375% Non-Cumulative Preferred Stock Series KK,$20.98,0.11,0.527%,232620,,United States,,,,/market-activity/stocks/bac^m,NYSE
BAC^N,Bank of America Corporation Depositary shares each representing 1/1000th interest in a share of 5.000% Non-Cumulative Preferred Stock Series LL,$19.50,-0.04,-0.205%,439168,,United States,,,,/market-activity/stocks/bac^n,NYSE
BAC^O,Bank of America Corporation Depositary shares each representing 1/1000th interest in a share of 4.375% Non-Cumulative Preferred Stock Series NN,$16.65,-0.14,-0.834%,147049,,United States,,,,/market-activity/stocks/bac^o,NYSE
BAC^P,Bank of America Corporation Depositary Shares each representing a 1/1000th interest in a share of 4.125% Non-Cumulative Preferred Stock Series PP,$16.08,0.01,0.062%,191790,,United States,,,,/market-activity/stocks/bac^p,NYSE
BAC^Q,Bank of America Corporation Depositary shares each representing 1/1000th interest in a share of 4.250% Non-Cumulative Preferred Stock Series QQ,$16.27,0.03,0.185%,431024,,United States,,,,/market-activity/stocks/bac^q,NYSE
BAC^S,Bank of America Corporation Depositary shares each representing 1/1000th interest in a share of 4.750% Non-Cumulative Preferred Stock Series SS,$18.37,0.09,0.492%,198909,,United States,,,,/market-activity/stocks/bac^s,NYSE
BAH,Booz Allen Hamilton Holding Corporation Common Stock,$75.65,0.41,0.545%,1650735,9099558207.00,United States,2010,Professional Services,Consumer Discretionary,/market-activity/stocks/bah,NYSE
BAK,Braskem SA ADR,$1.70,0.02,1.19%,1990282,677626659.00,Brazil,,Major Chemicals,Industrials,/market-activity/stocks/bak,NYSE
BALL,Ball Corporation Common Stock,$62.97,-0.80,-1.255%,2301089,16668370390.00,United States,,Containers/Packaging,Industrials,/market-activity/stocks/ball,NYSE
BALY,Bally's Corporation Common Stock,$8.96,-0.47,-4.984%,147483,452206917.00,United States,2024,Hotels/Resorts,Consumer Discretionary,/market-activity/stocks/baly,NYSE
BAM,Brookfield Asset Management Inc Class A Limited Voting Shares,$51.50,-0.62,-1.19%,2035821,82257706427.00,,2022,Building operators,Real Estate,/market-activity/stocks/bam,NYSE
BANC,Banc of California Inc. Common Stock,$18.62,0.02,0.108%,2292053,2941038850.00,United States,,Major Banks,Finance,/market-activity/stocks/banc,NYSE
BANC^F,Banc of California Inc. Depositary Shares each representing a 1/40th interest in a share of 7.75% non-cumulative perpetual preferred stock Series F,$25.19,0.01,0.04%,25998,,United States,,,,/market-activity/stocks/banc^f,NYSE
BAP,Credicorp Ltd. Common Stock,$366.38,-2.02,-0.548%,389090,34579793302.00,Peru,,Commercial Banks,Finance,/market-activity/stocks/bap,NYSE
BARK,BARK Inc. Class A Common Stock,$10.63,-0.29,-2.656%,45789,96025648.00,United States,2020,Other Specialty Stores,Consumer Discretionary,/market-activity/stocks/bark,NYSE
BAX,Baxter International Inc. Common Stock,$26.00,-0.13,-0.498%,3991334,13441895974.00,United States,,Medical/Dental Instruments,Health Care,/market-activity/stocks/bax,NYSE
BB,BlackBerry Limited Common Stock,$8.15,-0.01,-0.123%,7922364,4776400467.00,Canada,,Computer Software: Prepackaged Software,Technology,/market-activity/stocks/bb,NYSE
BBAI,BigBear.ai Inc. Common Stock,$3.13,0.08,2.623%,19586573,1500817763.00,United States,2021,Computer Software: Prepackaged Software,Technology,/market-activity/stocks/bbai,NYSE
BBAR,Banco BBVA Argentina S.A. ADS,$15.14,0.67,4.63%,1478098,3092143532.00,Argentina,,Commercial Banks,Finance,/market-activity/stocks/bbar,NYSE
BBD,Banco Bradesco Sa American Depositary Shares,$3.28,0.03,0.923%,17673931,36687437074.00,Brazil,,Major Banks,Finance,/market-activity/stocks/bbd,NYSE
BBDC,Barings BDC Inc. Common Stock,$9.44,0.09,0.963%,1061663,988432985.00,United States,,Diversified Financial Services,Finance,/market-activity/stocks/bbdc,NYSE
BBDO,Banco Bradesco Sa American Depositary Shares (each representing one Common Share),$2.99,-0.04,-1.32%,84838,33443730748.00,Brazil,,Major Banks,Finance,/market-activity/stocks/bbdo,NYSE
BBN,BlackRock Taxable Municipal Bond Trust Common Shares of Beneficial Interest,$15.81,-0.07,-0.441%,113303,0.00,United States,2010,Finance Companies,Finance,/market-activity/stocks/bbn,NYSE
BBT,Beacon Financial Corporation Common stock,$31.05,-0.34,-1.083%,670512,2602489470.00,United States,,Banks,Finance,/market-activity/stocks/bbt,NYSE
BBUC,Brookfield Business Corporation Class A Subordinate Voting Shares,$27.39,-0.58,-2.074%,479280,5694381000.00,,,Engineering & Construction,Consumer Discretionary,/market-activity/stocks/bbuc,NYSE
BBVA,Banco Bilbao Vizcaya Argentaria S.A. Common Stock,$28.96,-0.04,-0.138%,801088,165331733552.00,Spain,,Commercial Banks,Finance,/market-activity/stocks/bbva,NYSE
BBW,Build-A-Bear Workshop Inc. Common Stock,$30.27,0.42,1.407%,1709108,379508400.00,United States,2004,Recreational Games/Products/Toys,Consumer Discretionary,/market-activity/stocks/bbw,NYSE
BBWI,Bath & Body Works Inc.,$19.25,0.03,0.156%,5208562,3881672275.00,United States,,Other Specialty Stores,Consumer Discretionary,/market-activity/stocks/bbwi,NYSE
BBY,Best Buy Co. Inc. Common Stock,$80.15,-2.29,-2.778%,5780864,16892985149.00,United States,,Consumer Electronics/Video Chains,Consumer Discretionary,/market-activity/stocks/bby,NYSE
BC,Brunswick Corporation Common Stock,$75.90,-0.74,-0.966%,1052256,4918124785.00,United States,,Industrial Machinery/Components,Industrials,/market-activity/stocks/bc,NYSE
BC^C,Brunswick Corporation 6.375% Notes due 2049,$24.39,0.13,0.536%,30740,,United States,,,,/market-activity/stocks/bc^c,NYSE
BCAT,BlackRock Capital Allocation Term Trust Common Shares of Beneficial Interest,$15.98,-0.02,-0.125%,598067,1727997300.00,United States,2020,Finance/Investors Services,Finance,/market-activity/stocks/bcat,NYSE
BCC,Boise Cascade L.L.C. Common Stock,$78.01,-0.74,-0.94%,365409,2721874292.00,United States,2013,RETAIL: Building Materials,Consumer Discretionary,/market-activity/stocks/bcc,NYSE
BCE,BCE Inc. Common Stock,$23.59,0.13,0.554%,3257550,21998284023.00,Canada,,Telecommunications Equipment,Telecommunications,/market-activity/stocks/bce,NYSE
BCH,Banco De Chile ADS,$41.11,-0.52,-1.249%,279307,20764061041.00,Chile,,Commercial Banks,Finance,/market-activity/stocks/bch,NYSE
BCO,Brinks Company (The) Common Stock,$108.93,-2.04,-1.838%,404304,4486786832.00,United States,,Integrated Freight & Logistics,Industrials,/market-activity/stocks/bco,NYSE
BCS,Barclays PLC Common Stock,$26.64,-0.22,-0.819%,2356590,92614573679.00,United Kingdom,,Commercial Banks,Finance,/market-activity/stocks/bcs,NYSE
BCSF,Bain Capital Specialty Finance Inc. Common Stock,$12.02,0.09,0.754%,506362,779719454.00,United States,2018,Finance/Investors Services,Finance,/market-activity/stocks/bcsf,NYSE
BCSS,Bain Capital GSS Investment Corp. Class A Ordinary Shares,$10.28,0.00,0.00%,1357,0.00,,2025,,,/market-activity/stocks/bcss,NYSE
BCX,BlackRock Resources Common Shares of Beneficial Interest,$13.35,0.34,2.613%,232743,1132854434.00,United States,2011,Finance/Investors Services,Finance,/market-activity/stocks/bcx,NYSE
BDC,Belden Inc Common Stock,$114.46,-0.75,-0.651%,510830,4472889742.00,United States,,Telecommunications Equipment,Industrials,/market-activity/stocks/bdc,NYSE
BDJ,Blackrock Enhanced Equity Dividend Trust,$9.91,0.04,0.405%,586248,1753873713.00,United States,2005,Finance Companies,Finance,/market-activity/stocks/bdj,NYSE
BDN,Brandywine Realty Trust Common Stock,$3.02,-0.04,-1.307%,2503788,527222229.00,United States,,Real Estate Investment Trusts,Real Estate,/market-activity/stocks/bdn,NYSE
BDX,Becton Dickinson and Company Common Stock,$188.11,-1.41,-0.744%,2629598,51238680948.00,United States,,Medical/Dental Instruments,Health Care,/market-activity/stocks/bdx,NYSE
BE,Bloom Energy Corporation Class A Common Stock,$206.30,-4.47,-2.121%,10067655,60760991480.00,United States,2018,Industrial Machinery/Components,Energy,/market-activity/stocks/be,NYSE
BEBE,TGE Value Creative Solutions Corp Class A Ordinary Shares,$9.98,0.00,0.00%,11,128442600.00,,2026,Diversified Commercial Services,Consumer Discretionary,/market-activity/stocks/bebe,NYSE
BEKE,KE Holdings Inc American Depositary Shares (each representing three Class A Ordinary Shares),$17.19,-1.13,-6.168%,5047884,19421948122.00,China,2020,Real Estate,Finance,/market-activity/stocks/beke,NYSE
BEN,Franklin Templeton Inc. Common Stock,$34.15,-0.50,-1.443%,3518908,17350826477.00,United States,,Investment Managers,Finance,/market-activity/stocks/ben,NYSE
BEP,Brookfield Renewable Partners L.P. Limited Partnership Units,$31.62,-0.11,-0.347%,554764,21507886847.00,Canada,,Electric Utilities: Central,Utilities,/market-activity/stocks/bep,NYSE
BEP^A,Brookfield Renewable Partners L.P. 5.25% Class A Preferred Limited Partnership Units Series 17,$16.85,0.14,0.838%,28929,,Canada,,,,/market-activity/stocks/bep^a,NYSE
BEPC,Brookfield Renewable Corporation Brookfield Renewable Corporation Class A Subordinate Voting Shares,$32.15,-0.14,-0.434%,1339523,12116892423.00,United States,,Electric Utilities: Central,Utilities,/market-activity/stocks/bepc,NYSE
BEPH,Brookfield BRP Holdings (Canada) Inc. 4.625% Perpetual Subordinated Notes,$15.11,-0.0239,-0.158%,28609,4339053177.00,Canada,,Electric Utilities: Central,Utilities,/market-activity/stocks/beph,NYSE
BEPI,Brookfield BRP Holdings (Canada) Inc. 4.875% Perpetual Subordinated Notes,$16.26,0.01,0.062%,12164,4669292168.00,Canada,2021,Electric Utilities: Central,Utilities,/market-activity/stocks/bepi,NYSE
BEPJ,Brookfield BRP Holdings (Canada) Inc. 7.250% Perpetual Subordinated Notes,$23.41,-0.05,-0.213%,7372,6722517199.00,Canada,2024,Electric Utilities: Central,Utilities,/market-activity/stocks/bepj,NYSE
BETA,Beta Technologies Inc. Class A Common Stock,$20.10,-0.06,-0.298%,1918068,4702215306.00,United States,2025,Aerospace,Industrials,/market-activity/stocks/beta,NYSE
BF/A,Brown Forman Corporation,$27.24,-0.51,-1.838%,228787,,United States,,,,/market-activity/stocks/bf/a,NYSE
BF/B,Brown Forman Corporation,$26.57,-0.65,-2.388%,2420748,,United States,,,,/market-activity/stocks/bf/b,NYSE
BFAM,Bright Horizons Family Solutions Inc. Common Stock,$74.18,-0.63,-0.842%,786642,3607766999.00,United States,2013,Other Consumer Services,Consumer Discretionary,/market-activity/stocks/bfam,NYSE
BFH,Bread Financial Holdings Inc. Common Stock,$104.47,-1.27,-1.201%,538238,4013660928.00,United States,,Business Services,Consumer Discretionary,/market-activity/stocks/bfh,NYSE
BFH^A,Bread Financial Holdings Inc. Depositary Shares each representing a 1/40th interest in a share of 8.625% Non-Cumulative Perpetual Preferred Stock Series A,$24.96,-0.44,-1.732%,17307,,United States,,,,/market-activity/stocks/bfh^a,NYSE
BFH^B,Bread Financial Holdings Inc. Depositary Shares each representing a 1/40th interest in a share of 8.875% Fixed Rate Reset Non-Cumulative Perpetual Preferred Stock Series B,$24.95,-0.58,-2.272%,27816,,United States,,,,/market-activity/stocks/bfh^b,NYSE
BFLY,Butterfly Network Inc. Class A Common Stock,$7.89,-0.54,-6.406%,5703447,2100990094.00,United States,2020,Medical Electronics,Health Care,/market-activity/stocks/bfly,NYSE
BFS,Saul Centers Inc. Common Stock,$32.61,-0.66,-1.984%,140404,806024664.00,United States,1993,Real Estate Investment Trusts,Real Estate,/market-activity/stocks/bfs,NYSE
BFS^D,Saul Centers Inc. Depositary Shares each representing 1/100th of a share of 6.125% Series D Cumulative Redeemable Preferred Stock,$20.78,0.138,0.669%,573,,United States,,,,/market-activity/stocks/bfs^d,NYSE
BFS^E,Saul Centers Inc. Depositary shares each representing a 1/100th fractional interest in a share of 6.000% Series E Cumulative Redeemable Preferred Stock,$21.46,0.16,0.751%,1435,,United States,,,,/market-activity/stocks/bfs^e,NYSE
BG,Bunge Limited Common Shares,$116.21,0.73,0.632%,2548648,22326163284.00,United States,,Packaged Foods,Consumer Staples,/market-activity/stocks/bg,NYSE
BGB,Blackstone Strategic Credit 2027 Term Fund Common Shares of Beneficial Interest,$11.23,0.03,0.268%,255900,0.00,United States,2012,Trusts Except Educational Religious and Charitable,Finance,/market-activity/stocks/bgb,NYSE
BGH,Barings Global Short Duration High Yield Fund Common Shares of Beneficial Interests,$14.24,0.08,0.565%,80545,0.00,United States,2012,Investment Managers,Finance,/market-activity/stocks/bgh,NYSE
BGR,BlackRock Energy and Resources Trust,$17.23,0.27,1.592%,96939,2336150123.00,United States,2004,Trusts Except Educational Religious and Charitable,Finance,/market-activity/stocks/bgr,NYSE
BGS,B&G Foods Inc. Common Stock,$3.47,-0.05,-1.42%,2189104,282026578.00,United States,,Packaged Foods,Consumer Staples,/market-activity/stocks/bgs,NYSE
BGSF,BGSF Inc. Common Stock,$5.35,-0.02,-0.372%,2479,57105798.00,United States,,Professional Services,Consumer Discretionary,/market-activity/stocks/bgsf,NYSE
BGSI,Boyd Group Services Inc. Common Shares,$86.72,0.71,0.825%,45225,2413975643.00,Canada,,,,/market-activity/stocks/bgsi,NYSE
BGT,BlackRock Floating Rate Income Trust,$11.16,0.05,0.45%,160566,0.00,United States,2004,Trusts Except Educational Religious and Charitable,Finance,/market-activity/stocks/bgt,NYSE
BGX,Blackstone Long Short Credit Income Fund Common Shares,$10.75,-0.02,-0.186%,87639,0.00,,2011,Trusts Except Educational Religious and Charitable,Finance,/market-activity/stocks/bgx,NYSE
BGY,Blackrock Enhanced International Dividend Trust,$5.93,-0.01,-0.168%,251890,0.00,United States,2007,Trusts Except Educational Religious and Charitable,Finance,/market-activity/stocks/bgy,NYSE
BH,Biglari Holdings Inc. Class B Common Stock,$388.48,11.51,3.053%,155683,903818144.00,United States,2018,Restaurants,Consumer Discretionary,/market-activity/stocks/bh,NYSE
BHC,Bausch Health Companies Inc. Common Stock,$6.37,0.05,0.791%,2508606,2382319874.00,Canada,,Biotechnology: Pharmaceutical Preparations,Health Care,/market-activity/stocks/bhc,NYSE
BHE,Benchmark Electronics Inc. Common Stock,$70.28,-1.03,-1.444%,615711,2524452891.00,United States,,Electrical Products,Technology,/market-activity/stocks/bhe,NYSE
BHK,Blackrock Core Bond Trust,$9.04,-0.03,-0.331%,219661,0.00,United States,2001,Finance Companies,Finance,/market-activity/stocks/bhk,NYSE
BHP,BHP Group Limited American Depositary Shares (Each representing two Ordinary Shares),$93.92,-1.23,-1.293%,1964152,238622154514.00,Australia,,Coal Mining,Energy,/market-activity/stocks/bhp,NYSE
BHR,Braemar Hotels & Resorts Inc. Common Stock,$2.02,-0.01,-0.493%,267037,138732222.00,United States,2013,Real Estate Investment Trusts,Real Estate,/market-activity/stocks/bhr,NYSE
BHR^B,Braemar Hotels & Resorts Inc. 5.50% Series B Cumulative Convertible Preferred Stock par value $0.01 per share,$13.16,-0.05,-0.379%,731,,United States,,,,/market-activity/stocks/bhr^b,NYSE
BHR^D,Braemar Hotels & Resorts Inc. 8.25% Series D Cumulative Preferred Stock  par value $0.01 per share,$17.12,0.17,1.003%,9531,,United States,,,,/market-activity/stocks/bhr^d,NYSE
BHV,BlackRock Virginia Municipal Bond Trust,$12.61,-0.1066,-0.838%,3633,0.00,United States,2002,Finance/Investors Services,Finance,/market-activity/stocks/bhv,NYSE
BHVN,Biohaven Ltd. Common Shares ,$15.27,-0.14,-0.909%,2926708,2306438536.00,United States,2022,Biotechnology: Pharmaceutical Preparations,Health Care,/market-activity/stocks/bhvn,NYSE
BIII,Black Spade Acquisition III Co Class A Ordinary Shares,$10.06,-0.015,-0.149%,475585,0.00,,2026,Blank Checks,Finance,/market-activity/stocks/biii,NYSE
BILL,BILL Holdings Inc. Common Stock,$49.23,-1.08,-2.147%,1628567,4198175978.00,United States,2019,Computer Software: Prepackaged Software,Technology,/market-activity/stocks/bill,NYSE
BIO,Bio-Rad Laboratories Inc. Class A Common Stock,$386.12,-1.58,-0.408%,301420,10324144131.00,United States,1980,Biotechnology: Laboratory Analytical Instruments,Industrials,/market-activity/stocks/bio,NYSE
BIO/B,Bio-Rad Laboratories Inc.,$365.08,0.00,0.00%,43,,United States,,,,/market-activity/stocks/bio/b,NYSE
BIP,Brookfield Infrastructure Partners LP Limited Partnership Units,$37.80,-0.30,-0.787%,631724,17301379561.00,Bermuda,,Marine Transportation,Consumer Discretionary,/market-activity/stocks/bip,NYSE
BIP^A,Brookfield Infrastructure Partners LP 5.125% Class A Preferred Limited Partnership Units Series 13,$17.16,-0.425,-2.417%,5606,,Bermuda,,,,/market-activity/stocks/bip^a,NYSE
BIP^B,Brookfield Infrastructure Partners LP 5.000% Class A Preferred Limited Partnership Units Series 14,$16.65,-0.2882,-1.701%,14114,,Bermuda,,,,/market-activity/stocks/bip^b,NYSE
BIPC,Brookfield Infrastructure Corporation Brookfield Infrastructure Corporation,$38.22,-0.41,-1.061%,750301,4854145853.00,Canada,,Marine Transportation,Consumer Discretionary,/market-activity/stocks/bipc,NYSE
BIPH,Brookfield Infrastructure Corporation 5.000% Subordinated Notes due 2081,$15.85,-0.139,-0.869%,18030,7312301956.00,Canada,2021,Marine Transportation,Consumer Discretionary,/market-activity/stocks/biph,NYSE
BIPI,BIP Bermuda Holdings I Limited 5.125% Perpetual Subordinated Notes,$16.74,-0.05,-0.298%,17962,158643306.00,Bermuda,2022,Marine Transportation,Consumer Discretionary,/market-activity/stocks/bipi,NYSE
BIPJ,Brookfield Infrastructure Corporation 7.250% Subordinated Notes due 2084,$24.21,0.16,0.665%,14669,11169137562.00,Canada,2024,Marine Transportation,Consumer Discretionary,/market-activity/stocks/bipj,NYSE
BIRK,Birkenstock Holding plc Ordinary Shares,$34.91,-0.74,-2.076%,3858207,5764555782.00,,2023,Shoe Manufacturing,Consumer Discretionary,/market-activity/stocks/birk,NYSE
BIT,BlackRock Multi-Sector Income Trust Common Shares of Beneficial Interest,$11.95,-0.01,-0.084%,297844,0.00,United States,2013,Trusts Except Educational Religious and Charitable,Finance,/market-activity/stocks/bit,NYSE
BJ,BJ's Wholesale Club Holdings Inc. Common Stock,$90.65,0.05,0.055%,1608698,11450426830.00,United States,2018,Department/Specialty Retail Stores,Consumer Discretionary,/market-activity/stocks/bj,NYSE
BKD,Brookdale Senior Living Inc. Common Stock,$11.79,0.07,0.597%,4677928,2815655401.00,United States,2005,Hospital/Nursing Management,Health Care,/market-activity/stocks/bkd,NYSE
BKE,Buckle Inc. (The) Common Stock,$42.60,-0.83,-1.911%,438216,2194670464.00,United States,,Clothing/Shoe/Accessory Stores,Consumer Discretionary,/market-activity/stocks/bke,NYSE
BKH,Black Hills Corporation Common Stock,$71.68,-1.12,-1.538%,789524,5465825147.00,United States,,Electric Utilities: Central,Utilities,/market-activity/stocks/bkh,NYSE
BKKT,Bakkt Inc. Class A Common Stock,$7.67,-0.02,-0.26%,1133245,345682743.00,United States,,Finance: Consumer Services,Finance,/market-activity/stocks/bkkt,NYSE
BKSY,BlackSky Technology Inc. Class A Common Stock,$23.10,-0.60,-2.532%,776341,945363943.00,United States,2019,Radio And Television Broadcasting And Communications Equipment,Technology,/market-activity/stocks/bksy,NYSE
BKT,BlackRock Income Trust Inc. (The),$10.31,-0.07,-0.674%,93882,1533741076.00,United States,,Investment Bankers/Brokers/Service,Finance,/market-activity/stocks/bkt,NYSE
BKU,BankUnited Inc. Common Stock,$45.60,-0.79,-1.703%,1133761,3248190554.00,United States,2011,Savings Institutions,Finance,/market-activity/stocks/bku,NYSE
BKV,BKV Corporation Common Stock,$24.16,-0.07,-0.289%,856305,2644017973.00,United States,2024,Oil & Gas Production,Energy,/market-activity/stocks/bkv,NYSE
BLCO,Bausch + Lomb Corporation Common Shares,$17.48,0.33,1.924%,624860,6243248500.00,,2022,Ophthalmic Goods,Health Care,/market-activity/stocks/blco,NYSE
BLDR,Builders FirstSource Inc. Common Stock,$66.40,-1.32,-1.949%,2928937,7144404745.00,United States,2005,RETAIL: Building Materials,Consumer Discretionary,/market-activity/stocks/bldr,NYSE
BLK,BlackRock Inc. Common Stock,$1155.61,-8.87,-0.762%,796612,178968464393.00,United States,1999,Investment Bankers/Brokers/Service,Finance,/market-activity/stocks/blk,NYSE
BLND,Blend Labs Inc. Class A Common Stock,$1.55,0.03,1.974%,2929652,366595644.00,United States,2021,Computer Software: Programming Data Processing,Technology,/market-activity/stocks/blnd,NYSE
BLSH,Bullish Ordinary Shares,$34.03,1.14,3.466%,1200600,5432590785.00,Cayman Islands,2025,Finance: Consumer Services,Finance,/market-activity/stocks/blsh,NYSE
BLW,Blackrock Limited Duration Income Trust,$12.73,0.00,0.00%,108598,454604251.00,United States,2003,Other Consumer Services,Consumer Discretionary,/market-activity/stocks/blw,NYSE
BLX,Bladex Inc. Class E Common Stock,$53.92,-0.62,-1.137%,230871,2027333712.00,Panama,1992,Commercial Banks,Finance,/market-activity/stocks/blx,NYSE
BMA,Banco Macro S.A.  ADR (representing Ten Class B Common Shares),$78.68,2.63,3.458%,300955,5030722880.00,Argentina,,Commercial Banks,Finance,/market-activity/stocks/bma,NYSE
BME,Blackrock Health Sciences Trust,$45.59,-0.29,-0.632%,47670,607852291.00,United States,2005,Trusts Except Educational Religious and Charitable,Finance,/market-activity/stocks/bme,NYSE
BMEZ,BlackRock Health Sciences Term Trust Common Shares of Beneficial Interest,$16.74,-0.04,-0.238%,180613,223194721.00,United States,2020,Trusts Except Educational Religious and Charitable,Finance,/market-activity/stocks/bmez,NYSE
BMI,Badger Meter Inc. Common Stock,$135.47,-0.14,-0.103%,343678,3926848163.00,United States,1971,Industrial Machinery/Components,Industrials,/market-activity/stocks/bmi,NYSE
BML^G,Bank of America Corporation Depositary Shares (Each representing a 1/1200th interest in a share of Floating Rate Non-Cumulative Preferred Stock  Series 1),$18.61,0.01,0.054%,17757,,United States,,,,/market-activity/stocks/bml^g,NYSE
BML^H,Bank of America Corporation Depositary Shares (Each representing a 1/1200th interest in a Share of Floating Rate Non-Cumulative Preferred Stock Series 2),$18.65,0.195,1.057%,171250,,United States,,,,/market-activity/stocks/bml^h,NYSE
BML^J,Bank of America Corporation Depositary Shares (Each representing a 1/1200th interest in a Share of Floating Rate Non-Cumulative Preferred Stock Series 4),$19.66,0.50,2.61%,115991,,United States,,,,/market-activity/stocks/bml^j,NYSE
BML^L,Bank of America Corporation Depositary Shares (Each representing a 1/1200th Interest in a Share of Floating Rate Non-Cumulative Preferred Stock Series 5),$19.38,0.35,1.839%,162251,,United States,,,,/market-activity/stocks/bml^l,NYSE
BMN,BlackRock 2037 Municipal Target Term Trust Common Shares of Beneficial Interest,$25.91,-0.19,-0.728%,2714,0.00,,2022,Trusts Except Educational Religious and Charitable,Finance,/market-activity/stocks/bmn,NYSE
BMNP,BitMine Immersion Technologies Inc. 9.5% Series A Perpetual Preferred Stock,$98.15,1.46,1.51%,42186,59206670571.00,,,Finance: Consumer Services,Finance,/market-activity/stocks/bmnp,NYSE
BMNR,BitMine Immersion Technologies Inc. Common Stock,$25.32,1.52,6.387%,41319378,15273692296.00,United States,2025,Finance: Consumer Services,Finance,/market-activity/stocks/bmnr,NYSE
BMO,Bank Of Montreal Common Stock,$170.31,-1.55,-0.902%,987515,118731003043.00,Canada,,Commercial Banks,Finance,/market-activity/stocks/bmo,NYSE
BMY,Bristol-Myers Squibb Company Common Stock,$66.81,0.23,0.345%,12681692,136473766167.00,United States,,Biotechnology: Pharmaceutical Preparations,Health Care,/market-activity/stocks/bmy,NYSE
BN,Brookfield Corporation Class A Limited Voting Shares,$41.22,-0.11,-0.266%,4175689,101019901191.00,Canada,1925,Building operators,Real Estate,/market-activity/stocks/bn,NYSE
BNED,Barnes & Noble Education Inc Common Stock,$12.10,0.13,1.086%,263486,419446258.00,United States,2015,Other Specialty Stores,Consumer Discretionary,/market-activity/stocks/bned,NYSE
BNH,Brookfield Finance Inc. 4.625% Subordinated Notes due October 16 2080,$14.85,-0.03,-0.202%,30811,22390784915.00,Canada,2020,Building operators,Real Estate,/market-activity/stocks/bnh,NYSE
BNJ,Brookfield Finance Inc. 4.50% Perpetual Subordinated Notes,$14.94,-0.08,-0.533%,28800,22526486642.00,Canada,2020,Building operators,Real Estate,/market-activity/stocks/bnj,NYSE
BNL,Broadstone Net Lease Inc. Common Stock,$20.86,-0.23,-1.091%,1734336,4002887375.00,United States,2020,Real Estate Investment Trusts,Real Estate,/market-activity/stocks/bnl,NYSE
BNS,Bank Nova Scotia Halifax Pfd 3 Ordinary Shares,$91.66,-0.73,-0.79%,1661857,112447329418.00,Canada,,Major Banks,Finance,/market-activity/stocks/bns,NYSE
BNT,Brookfield Wealth Solutions Ltd. Class A Exchangeable Limited Voting Shares,$41.24,-0.13,-0.314%,10473,13939709320.00,,2021,Property-Casualty Insurers,Finance,/market-activity/stocks/bnt,NYSE
BNY,The Bank of New York Mellon Corporation Common Stock,$161.28,-1.22,-0.751%,6033787,109429148022.00,United States,,Major Banks,Finance,/market-activity/stocks/bny,NYSE
BNY^K,The Bank Of New York Mellon Corporation  Depositary Shares each representing a 1/4000th interest in a share of Series K Noncumulative Perpetual Preferred Stock,$25.18,0.0496,0.197%,33185,,United States,,,,/market-activity/stocks/bny^k,NYSE
BOBS,Bob's Discount Furniture Inc. Common Stock,$16.83,-0.48,-2.773%,419913,2199463489.00,,2026,Other Specialty Stores,Consumer Discretionary,/market-activity/stocks/bobs,NYSE
BOC,Boston Omaha Corporation Class A Common Stock,$13.79,-0.06,-0.433%,145903,415445345.00,United States,2022,Real Estate,Finance,/market-activity/stocks/boc,NYSE
BOE,Blackrock Enhanced Global Dividend Trust Common Shares of Beneficial Interest,$12.44,-0.03,-0.241%,139377,0.00,United States,2005,Trusts Except Educational Religious and Charitable,Finance,/market-activity/stocks/boe,NYSE
BOH,Bank of Hawaii Corporation Common Stock,$75.93,-1.36,-1.76%,194568,2995468568.00,United States,,Major Banks,Finance,/market-activity/stocks/boh,NYSE
BOH^A,Bank of Hawaii Corporation Depositary Shares Each Representing a 1/40th Interest in a Share of 4.375% Fixed Rate Non-Cumulative Perpetual Preferred Stock Series A,$15.27,-0.015,-0.098%,3566,,United States,,,,/market-activity/stocks/boh^a,NYSE
BOH^B,Bank of Hawaii Corporation Depositary Shares Each Representing a 1/40th Interest in a Share of 8.000% Fixed Rate Non-Cumulative Perpetual Preferred Stock Series B,$26.14,-0.13,-0.495%,1388,,United States,,,,/market-activity/stocks/boh^b,NYSE
BOOT,Boot Barn Holdings Inc. Common Stock,$150.63,-4.22,-2.725%,437316,4561806052.00,United States,2014,Clothing/Shoe/Accessory Stores,Consumer Discretionary,/market-activity/stocks/boot,NYSE
BORR,Borr Drilling Limited Common Shares,$4.48,0.03,0.674%,3942120,1378500816.00,Bermuda,2019,Oil & Gas Production,Energy,/market-activity/stocks/borr,NYSE
BOW,Bowhead Specialty Holdings Inc. Common Stock,$33.52,-0.08,-0.238%,232702,1104249528.00,United States,2024,Property-Casualty Insurers,Finance,/market-activity/stocks/bow,NYSE
BOX,Box Inc. Class A Common Stock,$35.78,0.80,2.287%,4517026,4909043658.00,United States,2015,Computer Software: Prepackaged Software,Technology,/market-activity/stocks/box,NYSE
BP,BP p.l.c. Common Stock,$42.87,0.72,1.708%,13475319,112230676291.00,United Kingdom,,Integrated oil Companies,Energy,/market-activity/stocks/bp,NYSE
BPRE,Bluerock Private Real Estate Fund Common Shares of Beneficial Interest,$12.15,-0.43,-3.418%,1193142,0.00,,2025,,,/market-activity/stocks/bpre,NYSE
BR,Broadridge Financial Solutions Inc. Common Stock,$182.38,-1.26,-0.686%,1125970,20795295519.00,United States,,Business Services,Consumer Discretionary,/market-activity/stocks/br,NYSE
BRBR,BellRing Brands Inc. Common Stock ,$10.77,0.08,0.748%,4703736,1252316149.00,United States,2022,Packaged Foods,Consumer Staples,/market-activity/stocks/brbr,NYSE
BRC,Brady Corporation Common Stock,$90.65,-2.60,-2.788%,209667,4270774414.00,United States,,Miscellaneous manufacturing industries,Consumer Discretionary,/market-activity/stocks/brc,NYSE
BRCC,BRC Inc. Class A Common Stock,$8.04,-0.40,-4.739%,117362,201231118.00,United States,2022,Beverages (Production/Distribution),Consumer Staples,/market-activity/stocks/brcc,NYSE
BRK-A,Berkshire Hathaway Inc.,$756650.01,-1335.00,-0.176%,245,1112936826809.00,United States,,,,/market-activity/stocks/brk/a,NYSE
BRK-B,Berkshire Hathaway Inc.,$504.03,-0.97,-0.192%,5127794,1112047120325.00,United States,,,,/market-activity/stocks/brk/b,NYSE
BRO,Brown & Brown Inc. Common Stock,$72.17,-1.14,-1.555%,2113739,24148829465.00,United States,,Specialty Insurers,Finance,/market-activity/stocks/bro,NYSE
BROS,Dutch Bros Inc. Class A Common Stock,$48.86,-1.05,-2.104%,2968160,8534948644.00,United States,2021,Restaurants,Consumer Discretionary,/market-activity/stocks/bros,NYSE
BRSL,Brightstar Lottery PLC Trading under the Legal Name to begin at the market open on July 21 2025. Ordinary Shares,$11.27,-0.30,-2.593%,1393245,2079315000.00,United States,2015,Services-Misc. Amusement & Recreation,Consumer Discretionary,/market-activity/stocks/brsl,NYSE
BRSP,BrightSpire Capital Inc. Class A Common Stock,$4.75,0.00,0.00%,1377018,600989855.00,United States,2018,Real Estate Investment Trusts,Real Estate,/market-activity/stocks/brsp,NYSE
BRT,BRT Apartments Corp. (MD) Common Stock,$14.32,-0.23,-1.581%,43465,269119727.00,United States,,Real Estate Investment Trusts,Real Estate,/market-activity/stocks/brt,NYSE
BRW,Saba Capital Income & Opportunities Fund SBI,$6.56,0.04,0.613%,326578,0.00,United States,,Trusts Except Educational Religious and Charitable,Finance,/market-activity/stocks/brw,NYSE
BRX,Brixmor Property Group Inc. Common Stock,$28.89,-0.28,-0.96%,2985220,8865541209.00,United States,2013,Real Estate Investment Trusts,Real Estate,/market-activity/stocks/brx,NYSE
BSAC,Banco Santander - Chile ADS,$34.75,-0.39,-1.11%,346925,16371257266.00,Chile,,Commercial Banks,Finance,/market-activity/stocks/bsac,NYSE
BSBR,Banco Santander Brasil SA American Depositary Shares each representing one unit,$5.75,-0.06,-1.033%,3177923,42959389253.00,Brazil,2009,Commercial Banks,Finance,/market-activity/stocks/bsbr,NYSE
BSL,Blackstone Senior Floating Rate 2027 Term Fund Common Shares of Beneficial Interest,$13.02,-0.04,-0.306%,115636,0.00,United States,2010,Trusts Except Educational Religious and Charitable,Finance,/market-activity/stocks/bsl,NYSE
BSM,Black Stone Minerals L.P. Common units representing limited partner interests,$14.88,0.13,0.881%,268979,3165133296.00,United States,2015,Oil & Gas Production,Energy,/market-activity/stocks/bsm,NYSE
BST,BlackRock Science and Technology Trust Common Shares of Beneficial Interest,$50.86,0.05,0.098%,102130,1126947234.00,United States,2014,Finance Companies,Finance,/market-activity/stocks/bst,NYSE
BSTZ,BlackRock Science and Technology Term Trust Common Shares of Beneficial Interest,$31.32,0.03,0.096%,189416,693983236.00,United States,2019,Trusts Except Educational Religious and Charitable,Finance,/market-activity/stocks/bstz,NYSE
BSX,Boston Scientific Corporation Common Stock,$48.30,1.46,3.117%,18900664,69997786106.00,United States,,Medical/Dental Instruments,Health Care,/market-activity/stocks/bsx,NYSE
BTE,Baytex Energy Corp Common Shares,$4.87,0.13,2.743%,16152885,3452284560.00,Canada,2023,Oil & Gas Production,Energy,/market-activity/stocks/bte,NYSE
BTGO,BitGo Holdings Inc. Class A Common Stock,$7.12,0.26,3.79%,1416228,836924829.00,United States,2026,Finance: Consumer Services,Finance,/market-activity/stocks/btgo,NYSE
BTI,British American Tobacco  Industries p.l.c. Common Stock ADR,$55.57,-0.56,-0.998%,3569209,120468555405.00,United Kingdom,1998, Medicinal Chemicals and Botanical Products ,Health Care,/market-activity/stocks/bti,NYSE
BTO,John Hancock Financial Opportunities Fund Common Stock,$39.36,-0.3199,-0.806%,32007,0.00,United States,1994,Investment Managers,Finance,/market-activity/stocks/bto,NYSE
BTT,BlackRock Municipal 2030 Target Term Trust,$22.65,0.08,0.354%,160566,0.00,United States,2012,Investment Managers,Finance,/market-activity/stocks/btt,NYSE
BTU,Peabody Energy Corporation Common Stock ,$29.69,0.77,2.663%,2896987,3619211000.00,United States,2017,Coal Mining,Energy,/market-activity/stocks/btu,NYSE
BTX,BlackRock Technology and Private Equity Term Trust Common Shares of Beneficial Interest,$8.94,-0.02,-0.223%,386355,2108017796.00,United States,2021,,,/market-activity/stocks/btx,NYSE
BTZ,BlackRock Credit Allocation Income Trust,$10.06,-0.08,-0.789%,361988,1087838100.00,United States,2006,Finance/Investors Services,Finance,/market-activity/stocks/btz,NYSE
BUD,Anheuser-Busch Inbev SA Sponsored ADR (Belgium),$79.10,-1.03,-1.285%,2315646,155995724571.00,Belgium,,Beverages (Production/Distribution),Consumer Staples,/market-activity/stocks/bud,NYSE
BUI,BlackRock Utility Infrastructure & Power Opportunities Trust,$26.65,-0.23,-0.856%,94550,0.00,United States,2011,Trusts Except Educational Religious and Charitable,Finance,/market-activity/stocks/bui,NYSE
BUR,Burford Capital Limited Ordinary Shares,$4.15,-0.21,-4.817%,1113858,908068103.00,,2020,Finance: Consumer Services,Finance,/market-activity/stocks/bur,NYSE
BURL,Burlington Stores Inc. Common Stock,$259.76,-13.19,-4.832%,2879022,16316875053.00,United States,2013,Department/Specialty Retail Stores,Consumer Discretionary,/market-activity/stocks/burl,NYSE
BV,BrightView Holdings Inc. Common Stock,$11.11,-0.11,-0.98%,697470,1028786000.00,United States,2018,Farming/Seeds/Milling,Consumer Staples,/market-activity/stocks/bv,NYSE
BVN,Buenaventura Mining Company Inc.,$34.30,-0.82,-2.335%,2061239,8711749538.00,Peru,1996,Metal Mining,Basic Materials,/market-activity/stocks/bvn,NYSE
BW,Babcock & Wilcox Enterprises Inc. Common Stock,$7.54,0.38,5.307%,5860818,1123196598.00,United States,2015,Building Products,Industrials,/market-activity/stocks/bw,NYSE
BW^A,Babcock & Wilcox Enterprises Inc. 7.75% Series A Cumulative Perpetual Preferred Stock,$22.24,0.03,0.135%,8037,,United States,,,,/market-activity/stocks/bw^a,NYSE
BWA,BorgWarner Inc. Common Stock,$64.16,0.07,0.109%,1431953,13067233273.00,United States,,Auto Parts:O.E.M.,Consumer Discretionary,/market-activity/stocks/bwa,NYSE
BWG,BrandywineGLOBAL Global Income Opportunities Fund Inc.,$7.63,-0.02,-0.261%,74758,0.00,United States,2012,Finance/Investors Services,Finance,/market-activity/stocks/bwg,NYSE
BWIV,Blue Water Acquisition Corp. IV Class A Ordinary Shares,$9.95,0.00,0.00%,202,0.00,,2026,Blank Checks,Finance,/market-activity/stocks/bwiv,NYSE
BWLP,BW LPG Limited Common Shares,$24.25,0.31,1.295%,362326,3862588500.00,,2024,Transportation Services,Consumer Discretionary,/market-activity/stocks/bwlp,NYSE
BWMX,Betterware de Mexico S.A.P.I. de C.V. Ordinary Shares,$15.88,0.11,0.698%,32446,627022642.00,Mexico,,Catalog/Specialty Distribution,Consumer Discretionary,/market-activity/stocks/bwmx,NYSE
BWXT,BWX Technologies Inc. Common Stock,$152.29,-0.56,-0.366%,1008334,13953111334.00,United States,,Industrial Machinery/Components,Industrials,/market-activity/stocks/bwxt,NYSE
BX,Blackstone Inc. Common Stock,$143.24,0.85,0.597%,3334986,107519541329.00,United States,2007,Investment Managers,Finance,/market-activity/stocks/bx,NYSE
BXC,Bluelinx Holdings Inc. Common Stock,$79.63,0.21,0.264%,152021,625909080.00,United States,2004,Wholesale Distributors,Consumer Discretionary,/market-activity/stocks/bxc,NYSE
BXDC,Blackstone Digital Infrastructure Trust Inc. Common Stock,$20.06,0.11,0.551%,2643462,2019037094.00,,2026,Real Estate,Finance,/market-activity/stocks/bxdc,NYSE
BXMT,Blackstone Mortgage Trust Inc. Common Stock,$13.90,0.17,1.238%,2213556,2342755915.00,United States,,Real Estate Investment Trusts,Real Estate,/market-activity/stocks/bxmt,NYSE
BXP,BXP Inc. Common Stock,$67.99,-1.33,-1.919%,1319869,10855389192.00,United States,1997,Real Estate Investment Trusts,Real Estate,/market-activity/stocks/bxp,NYSE
BXSL,Blackstone Secured Lending Fund Common Shares of Beneficial Interest,$25.01,0.26,1.051%,2146109,0.00,,2021,Trusts Except Educational Religious and Charitable,Finance,/market-activity/stocks/bxsl,NYSE
BY,Byline Bancorp Inc. Common Stock,$37.92,-0.38,-0.992%,274776,1713469046.00,United States,2017,Major Banks,Finance,/market-activity/stocks/by,NYSE
BYD,Boyd Gaming Corporation Common Stock,$77.59,-1.88,-2.366%,1184650,5637333572.00,United States,1993,Hotels/Resorts,Consumer Discretionary,/market-activity/stocks/byd,NYSE
BZH,Beazer Homes USA Inc. Common Stock,$33.18,-0.04,-0.12%,488075,885229891.00,United States,1994,Homebuilding,Consumer Discretionary,/market-activity/stocks/bzh,NYSE
C,Citigroup Inc. Common Stock,$131.62,-1.28,-0.963%,7553308,220784229378.00,United States,,Major Banks,Finance,/market-activity/stocks/c,NYSE
C^N,Citigroup Capital XIII 7.875% Fixed rate Floating Rate trust Preferred Securities (TruPS),$26.15,-0.2681,-1.015%,575620,,United States,,,,/market-activity/stocks/c^n,NYSE
C^R,Citigroup Inc. Depositary Shares Each Representing a 1/1000th Interest in a Share of 6.250% Noncumulative Preferred Stock Series II,$24.20,-0.16,-0.657%,261539,,United States,,,,/market-activity/stocks/c^r,NYSE
CAAP,Corporacion America Airports SA Common Shares,$23.47,0.2779,1.198%,318349,3877693357.00,,2018,Aerospace,Consumer Discretionary,/market-activity/stocks/caap,NYSE
CABO,Cable One Inc. Common Stock,$27.38,1.88,7.373%,346746,155352067.00,United States,2015,Cable & Other Pay Television Services,Telecommunications,/market-activity/stocks/cabo,NYSE
CACI,CACI International Inc. Class A Common Stock,$623.01,-5.19,-0.826%,315550,13768233792.00,United States,,EDP Services,Technology,/market-activity/stocks/caci,NYSE
CAF,Morgan Stanley China A Share Fund Inc. Common Stock,$18.98,-0.03,-0.158%,26111,0.00,United States,2006,Investment Managers,Finance,/market-activity/stocks/caf,NYSE
CAG,ConAgra Brands Inc. Common Stock,$16.02,-0.07,-0.435%,12372247,7690683288.00,United States,,Packaged Foods,Consumer Staples,/market-activity/stocks/cag,NYSE
CAH,Cardinal Health Inc. Common Stock,$234.62,0.07,0.03%,1673449,54566917303.00,United States,,Other Pharmaceuticals,Health Care,/market-activity/stocks/cah,NYSE
CAL,Caleres Inc. Common Stock,$12.18,-0.30,-2.404%,664994,409123082.00,United States,,Shoe Manufacturing,Consumer Discretionary,/market-activity/stocks/cal,NYSE
CALX,Calix Inc Common Stock,$38.12,0.63,1.68%,840565,2400187261.00,United States,2010,Telecommunications Equipment,Consumer Discretionary,/market-activity/stocks/calx,NYSE
CALY,Callaway Golf Company Common Stock,$15.71,0.02,0.127%,1604385,2804400285.00,United States,,Recreational Games/Products/Toys,Consumer Discretionary,/market-activity/stocks/caly,NYSE
CANG,Cango Inc. Class A Ordinary Shares,$2.39,0.16,7.175%,933888,98042501.00,China,2025,Finance: Consumer Services,Finance,/market-activity/stocks/cang,NYSE
CAPL,CrossAmerica Partners LP Common Units representing limited partner interests,$23.17,0.08,0.346%,34292,884474318.00,United States,2012,Oil Refining/Marketing,Energy,/market-activity/stocks/capl,NYSE
CARR,Carrier Global Corporation Common Stock ,$58.22,-0.57,-0.97%,5346948,47992204819.00,United States,2020,Industrial Machinery/Components,Industrials,/market-activity/stocks/carr,NYSE
CARS,Cars.com Inc. Common Stock ,$11.70,-0.24,-2.01%,437248,626332754.00,United States,2017,EDP Services,Technology,/market-activity/stocks/cars,NYSE
CAT,Caterpillar Inc. Common Stock,$797.47,-2.78,-0.347%,3071366,366576933731.00,United States,,Construction/Ag Equipment/Trucks,Industrials,/market-activity/stocks/cat,NYSE
CATO,Cato Corporation (The) Class A Common Stock,$2.61,-0.04,-1.509%,751736,51970187.00,United States,,Clothing/Shoe/Accessory Stores,Consumer Discretionary,/market-activity/stocks/cato,NYSE
CAVA,CAVA Group Inc. Common Stock,$65.75,-1.19,-1.778%,1734855,7680007519.00,United States,2023,Restaurants,Consumer Discretionary,/market-activity/stocks/cava,NYSE
CB,Chubb Limited  Common Stock,$338.60,-1.32,-0.388%,1893185,130631832257.00,Switzerland,,Property-Casualty Insurers,Finance,/market-activity/stocks/cb,NYSE
CBAN,Colony Bankcorp Inc. Common Stock,$21.15,-0.19,-0.89%,98532,448823410.00,United States,,Major Banks,Finance,/market-activity/stocks/cban,NYSE
CBL,CBL & Associates Properties Inc. Common Stock,$54.69,-0.35,-0.636%,344832,1692259380.00,United States,2021,Real Estate Investment Trusts,Real Estate,/market-activity/stocks/cbl,NYSE
CBNA,Chain Bridge Bancorp Inc. Class A Common Stock,$45.84,0.13,0.284%,26194,300793691.00,,2024,Major Banks,Finance,/market-activity/stocks/cbna,NYSE
CBRE,CBRE Group Inc Common Stock Class A,$145.81,-5.01,-3.322%,2287951,42222974201.00,United States,,Real Estate,Finance,/market-activity/stocks/cbre,NYSE
CBT,Cabot Corporation Common Stock,$82.71,-0.94,-1.124%,351207,4270400589.00,United States,,Major Chemicals,Industrials,/market-activity/stocks/cbt,NYSE
CBU,Community Financial System Inc. Common Stock,$62.75,-0.41,-0.649%,196639,3301648039.00,United States,,Major Banks,Finance,/market-activity/stocks/cbu,NYSE
CBZ,CBIZ Inc. Common Stock,$54.49,-0.02,-0.037%,1069061,2956838767.00,United States,,Business Services,Consumer Discretionary,/market-activity/stocks/cbz,NYSE
CC,Chemours Company (The) Common Stock,$15.56,-0.06,-0.384%,1986683,2341764362.00,United States,2015,Major Chemicals,Industrials,/market-activity/stocks/cc,NYSE
CCI,Crown Castle Inc. Common Stock,$76.14,0.00,0.00%,4028041,32394177125.00,United States,,Real Estate Investment Trusts,Real Estate,/market-activity/stocks/cci,NYSE
CCID,Carlyle Credit Income Fund 7.375% Series D Term Preferred Shares due 2028,$24.96,0.00,0.00%,5489,0.00,,,,,/market-activity/stocks/ccid,NYSE
CCIF,Carlyle Credit Income Fund Shares of Beneficial Interest,$2.69,0.00,0.00%,197030,0.00,,2019,Finance/Investors Services,Finance,/market-activity/stocks/ccif,NYSE
CCJ,Cameco Corporation Common Stock,$98.76,-1.25,-1.25%,3128398,43013236907.00,Canada,1996,Other Metals and Minerals,Basic Materials,/market-activity/stocks/ccj,NYSE
CCK,Crown Holdings Inc.,$116.39,-2.05,-1.731%,731870,12658635875.00,United States,,Containers/Packaging,Industrials,/market-activity/stocks/cck,NYSE
CCL,Carnival Corporation Ltd. Common Shares,$23.89,-0.87,-3.514%,31233161,32720917453.00,United States,1987,Marine Transportation,Consumer Discretionary,/market-activity/stocks/ccl,NYSE
CCM,Concord Medical Services Holdings Limited American Depositary Shares (Each represents thirty (30) Class A ordinary shares),$4.56,-0.20,-4.202%,25671,19798257.00,China,2024,Medical/Nursing Services,Health Care,/market-activity/stocks/ccm,NYSE
CCO,Clear Channel Outdoor Holdings Inc. Common Stock,$2.37,0.03,1.282%,4078910,1206552413.00,United States,2005,Advertising,Consumer Discretionary,/market-activity/stocks/cco,NYSE
CCS,Century Communities Inc. Common Stock,$67.55,-1.61,-2.328%,220298,1920642395.00,United States,2014,Homebuilding,Consumer Discretionary,/market-activity/stocks/ccs,NYSE
CCU,Compania Cervecerias Unidas S.A. Common Stock,$11.78,-0.29,-2.403%,208693,2176371916.00,Chile,,Beverages (Production/Distribution),Consumer Staples,/market-activity/stocks/ccu,NYSE
CCZ,Comcast Holdings ZONES,$66.45,0.00,0.00%,3,235806545412.00,United States,,Cable & Other Pay Television Services,Telecommunications,/market-activity/stocks/ccz,NYSE
CDE,Coeur Mining Inc. Common Stock,$20.78,-0.35,-1.656%,38678322,21360489258.00,United States,,Precious Metals,Basic Materials,/market-activity/stocks/cde,NYSE
CDLR,Cadeler A/S American Depositary Share (each representing four (4) Ordinary Shares),$24.94,-0.11,-0.439%,71691,2406481475.00,,2023,Marine Transportation,Consumer Discretionary,/market-activity/stocks/cdlr,NYSE
CDP,COPT Defense Properties Common Shares of Beneficial Interest,$36.00,-0.59,-1.612%,907244,4082776488.00,United States,,Real Estate Investment Trusts,Real Estate,/market-activity/stocks/cdp,NYSE
CDR^B,Cedar Realty Trust Inc. 7.25% Series B Cumulative Redeemable Preferred Stock,$16.48,0.0292,0.178%,11495,,United States,,,,/market-activity/stocks/cdr^b,NYSE
CDR^C,Cedar Realty Trust Inc. 6.50% Series C Cumulative Redeemable Preferred Stock,$15.32,-0.1839,-1.186%,16300,,United States,,,,/market-activity/stocks/cdr^c,NYSE
CDRE,Cadre Holdings Inc. Common Stock,$29.66,-1.08,-3.513%,375137,1270062970.00,United States,2021,Industrial Specialties,Health Care,/market-activity/stocks/cdre,NYSE
CE,Celanese Corporation Common Stock,$45.48,0.48,1.067%,1737540,4991381154.00,United States,2005,Major Chemicals,Industrials,/market-activity/stocks/ce,NYSE
CEE,The Central and Eastern Europe Fund Inc. (The) Common Stock,$19.89,0.16,0.811%,9543,0.00,United States,,Finance Companies,Finance,/market-activity/stocks/cee,NYSE
CEPU,Central Puerto S.A. American Depositary Shares (each represents ten Common Shares),$13.62,0.24,1.794%,316396,2061755040.00,,2018,Electric Utilities: Central,Utilities,/market-activity/stocks/cepu,NYSE
CF,CF Industries Holdings Inc. Common Stock,$130.03,4.24,3.371%,3255679,19678497044.00,United States,2005,Agricultural Chemicals,Industrials,/market-activity/stocks/cf,NYSE
CFG,Citizens Financial Group Inc. Common Stock,$68.87,-0.84,-1.205%,4775794,29006445390.00,United States,2014,Major Banks,Finance,/market-activity/stocks/cfg,NYSE
CFG^E,Citizens Financial Group Inc. Depositary Shares Each Representing 1/40th Interest in a Share of 5.000% Fixed-Rate Non-Cumulative Perpetual Preferred Stock Series E,$18.18,-0.16,-0.872%,27506,,United States,,,,/market-activity/stocks/cfg^e,NYSE
CFG^H,Citizens Financial Group Inc. Depositary Shares Each Representing a 1/40th Interest in a Share of 7.375% Fixed-Rate Non-Cumulative Perpetual Preferred Stock Series H,$25.93,0.1043,0.404%,30533,,United States,,,,/market-activity/stocks/cfg^h,NYSE
CFG^I,Citizens Financial Group Inc. Depositary Shares Each Representing a 1/40th Interest in a Share of 6.500% Fixed-Rate Reset Non-Cumulative Perpetual Preferred Stock Series I,$24.81,-0.055,-0.221%,29315,,United States,,,,/market-activity/stocks/cfg^i,NYSE
CFND,C1 Fund Inc. Common Stock,$2.87,0.10,3.61%,102771,0.00,,2025,,,/market-activity/stocks/cfnd,NYSE
CFR,Cullen/Frost Bankers Inc. Common Stock,$160.87,-0.82,-0.507%,612268,9997875043.00,United States,,Major Banks,Finance,/market-activity/stocks/cfr,NYSE
CFR^B,Cullen/Frost Bankers Inc. Depositary Shares each representing a 1/40th ownership interest in a share of 4.450% non-cumulative perpetual preferred stock Series B,$16.70,-0.53,-3.076%,14703,,United States,,,,/market-activity/stocks/cfr^b,NYSE
CFTR^A,Cantor Fitzgerald Income Trust Inc. 9.50% Series A Cumulative Redeemable Preferred Stock,$25.32,0.0218,0.086%,1821,,,,,,/market-activity/stocks/cftr^a,NYSE
CGAU,Centerra Gold Inc. Common Shares,$22.92,-0.52,-2.218%,875876,4577360557.00,Canada,2021,Precious Metals,Basic Materials,/market-activity/stocks/cgau,NYSE
CHCT,Community Healthcare Trust Incorporated Common Stock,$14.71,-0.24,-1.605%,1462959,421498016.00,United States,2015,Real Estate Investment Trusts,Real Estate,/market-activity/stocks/chct,NYSE
CHD,Church & Dwight Company Inc. Common Stock,$99.78,-1.48,-1.462%,2319983,23668205840.00,United States,,Package Goods/Cosmetics,Consumer Discretionary,/market-activity/stocks/chd,NYSE
CHE,Chemed Corp,$518.71,-4.67,-0.892%,96647,6779519470.00,United States,,Medical/Nursing Services,Health Care,/market-activity/stocks/che,NYSE
CHGG,Chegg Inc. Common Stock,$0.85,0.0009,0.107%,617378,93818222.00,United States,2013,Other Consumer Services,Real Estate,/market-activity/stocks/chgg,NYSE
CHH,Choice Hotels International Inc. Common Stock,$103.36,-5.50,-5.052%,637307,4669746918.00,United States,,Hotels/Resorts,Consumer Discretionary,/market-activity/stocks/chh,NYSE
CHMI,Cherry Hill Mortgage Investment Corporation Common Stock,$2.94,0.02,0.685%,191009,108625338.00,,2013,Real Estate Investment Trusts,Real Estate,/market-activity/stocks/chmi,NYSE
CHMI^A,Cherry Hill Mortgage Investment Corporation 8.20% Series A Cumulative Redeemable Preferred Stock,$22.04,0.1401,0.64%,10399,,,,,,/market-activity/stocks/chmi^a,NYSE
CHMI^B,Cherry Hill Mortgage Investment Corporation 8.250% Series B Fixed-to-Floating Rate Cumulative Redeemable Preferred Stock,$24.09,-0.07,-0.29%,1760,,,,,,/market-activity/stocks/chmi^b,NYSE
CHPT,ChargePoint Holdings Inc. Common Stock,$5.50,-0.07,-1.257%,418070,142436971.00,United States,2019,Industrial Machinery/Components,Miscellaneous,/market-activity/stocks/chpt,NYSE
CHT,Chunghwa Telecom Co. Ltd.,$43.21,0.22,0.512%,232499,33519926499.00,Taiwan,,Telecommunications Equipment,Telecommunications,/market-activity/stocks/cht,NYSE
CHWY,Chewy Inc. Class A Common Stock,$23.80,0.54,2.322%,9780754,9744296127.00,United States,2019,Catalog/Specialty Distribution,Consumer Discretionary,/market-activity/stocks/chwy,NYSE
CI,The Cigna Group Common Stock,$276.08,-2.80,-1.004%,1421586,72951513375.00,United States,,Medical Specialities,Health Care,/market-activity/stocks/ci,NYSE
CIA,Citizens Inc. Class A Common Stock ($1.00 Par),$3.76,-0.08,-2.083%,155739,190418086.00,United States,1994,Life Insurance,Finance,/market-activity/stocks/cia,NYSE
CIB,Grupo Cibest S.A. American Depositary Shares each representing four Preferred Shares,$96.12,-1.12,-1.152%,490075,22905748376.00,Colombia,2025,Commercial Banks,Finance,/market-activity/stocks/cib,NYSE
CICB,CION Investment Corporation 7.50% Notes due 2029,$25.19,0.0799,0.318%,4040,0.00,United States,2024,Finance/Investors Services,Finance,/market-activity/stocks/cicb,NYSE
CICC,CION Investment Corporation 7.50% Notes due 2031,$24.88,-0.11,-0.44%,681,0.00,United States,2026,Finance/Investors Services,Finance,/market-activity/stocks/cicc,NYSE
CIEN,Ciena Corporation Common Stock,$382.80,4.36,1.152%,1826285,54186458542.00,United States,1997,Telecommunications Equipment,Utilities,/market-activity/stocks/cien,NYSE
CIG,Comp En De Mn Cemig ADS American Depositary Shares,$2.02,0.03,1.508%,3902601,5780799428.00,Brazil,,Electric Utilities: Central,Utilities,/market-activity/stocks/cig,NYSE
CII,BlackRock Enhanced Large Cap Core Fund Inc. Common Stock,$24.47,-0.29,-1.171%,82836,3640217665.00,United States,2004,Investment Bankers/Brokers/Service,Finance,/market-activity/stocks/cii,NYSE
CIM,Chimera Investment Corporation Common Stock,$11.46,-0.04,-0.348%,615397,959337434.00,United States,2007,Real Estate Investment Trusts,Real Estate,/market-activity/stocks/cim,NYSE
CIM^A,Chimera Investment Corporation 8.00% Series A Cumulative Redeemable Preferred Stock,$21.86,-0.065,-0.296%,19319,,United States,,,,/market-activity/stocks/cim^a,NYSE
CIM^B,Chimera Investment Corporation 8.00% Series B Fixed-to-Floating Rate Cumulative Redeemable Preferred Stock,$24.86,0.04,0.161%,33607,,United States,,,,/market-activity/stocks/cim^b,NYSE
CIM^C,Chimera Investment Corporation 7.75% Series C Fixed-to-Floating Rate  Cumulative Redeemable  Preferred Stock,$23.40,0.2502,1.081%,23402,,United States,,,,/market-activity/stocks/cim^c,NYSE
CIM^D,Chimera Investment Corporation 8.00% Series D Fixed-to-Floating Rate Cumulative Redeemable Preferred Stock,$24.68,0.03,0.122%,13356,,United States,,,,/market-activity/stocks/cim^d,NYSE
CIMN,Chimera Investment Corporation 9.000% Senior Notes due 2029,$25.15,0.0251,0.10%,3852,2024944351.00,United States,2024,Real Estate Investment Trusts,Real Estate,/market-activity/stocks/cimn,NYSE
CIMO,Chimera Investment Corporation 9.250% Senior Notes due 2029,$25.25,0.02,0.079%,1233,0.00,United States,2024,Real Estate Investment Trusts,Real Estate,/market-activity/stocks/cimo,NYSE
CIMP,Chimera Investment Corporation 8.875% Senior Notes due 2030,$25.26,0.0399,0.158%,8611,0.00,United States,2025,Real Estate Investment Trusts,Real Estate,/market-activity/stocks/cimp,NYSE
CINT,CI&T Inc Class A Common Shares,$3.46,0.03,0.875%,62727,445958545.00,,2021,EDP Services,Technology,/market-activity/stocks/cint,NYSE
CION,CION Investment Corporation Common Stock,$7.51,0.13,1.762%,421933,369512307.00,United States,2021,Finance/Investors Services,Finance,/market-activity/stocks/cion,NYSE
CL,Colgate-Palmolive Company Common Stock,$89.82,-0.93,-1.025%,5898949,71602063501.00,United States,,Package Goods/Cosmetics,Consumer Discretionary,/market-activity/stocks/cl,NYSE
CLB,Core Laboratories Inc. Common Stock,$12.43,0.07,0.566%,605357,570344857.00,Netherlands,2023,Oilfield Services/Equipment,Energy,/market-activity/stocks/clb,NYSE
CLBR,Colombier Acquisition Corp. III Class A Ordinary Shares,$10.25,0.01,0.098%,95030,0.00,,2026,,,/market-activity/stocks/clbr,NYSE
CLDT,Chatham Lodging Trust (REIT) Common Shares of Beneficial Interest,$13.03,-0.64,-4.682%,345988,606749950.00,United States,2010,Real Estate Investment Trusts,Real Estate,/market-activity/stocks/cldt,NYSE
CLDT^A,Chatham Lodging Trust (REIT) 6.625% Series A Cumulative Redeemable Preferred Shares of Beneficial Interest,$20.15,-0.116,-0.572%,3585,,United States,,,,/market-activity/stocks/cldt^a,NYSE
CLF,Cleveland-Cliffs Inc. Common Stock,$11.55,-0.07,-0.602%,11954624,6589737543.00,United States,,Metal Mining,Basic Materials,/market-activity/stocks/clf,NYSE
CLH,Clean Harbors Inc. Common Stock,$315.25,4.54,1.461%,549594,16641179932.00,United States,,Environmental Services,Industrials,/market-activity/stocks/clh,NYSE
CLPR,Clipper Realty Inc. Common Stock,$3.29,-0.03,-0.904%,32674,53158392.00,United States,2017,Real Estate Investment Trusts,Real Estate,/market-activity/stocks/clpr,NYSE
CLS,Celestica Inc. Common Stock,$299.40,0.70,0.234%,1271155,34422948236.00,Canada,1998,Electrical Products,Technology,/market-activity/stocks/cls,NYSE
CLVT,Clarivate Plc Ordinary Shares,$2.05,0.03,1.485%,3554900,1311311206.00,United Kingdom,2019,EDP Services,Technology,/market-activity/stocks/clvt,NYSE
CLW,Clearwater Paper Corporation Common Stock,$20.99,0.17,0.817%,171664,338521766.00,United States,,Paper,Basic Materials,/market-activity/stocks/clw,NYSE
CLX,Clorox Company (The) Common Stock,$97.68,-4.85,-4.73%,13456492,11812540568.00,United States,,Specialty Chemicals,Consumer Discretionary,/market-activity/stocks/clx,NYSE
CM,Canadian Imperial Bank of Commerce Common Stock,$113.52,-0.81,-0.708%,1136414,103848945243.00,Canada,,Commercial Banks,Finance,/market-activity/stocks/cm,NYSE
CMBT,CMB.TECH NV Ordinary Shares,$18.28,-0.07,-0.381%,1044367,5776071387.00,,2015,Marine Transportation,Consumer Discretionary,/market-activity/stocks/cmbt,NYSE
CMC,Commercial Metals Company Common Stock,$67.47,-0.16,-0.237%,790910,7463823882.00,United States,,Steel/Iron Ore,Industrials,/market-activity/stocks/cmc,NYSE
CMCM,Cheetah Mobile Inc. American Depositary Shares each representing fifty (50) Class A Ordinary Shares,$3.38,0.08,2.424%,10785,105374332.00,China,2022,Computer Software: Prepackaged Software,Technology,/market-activity/stocks/cmcm,NYSE
CMDB,Costamare Bulkers Holdings Limited Common Stock,$20.47,-0.05,-0.244%,58772,494974262.00,,2025,Marine Transportation,Consumer Discretionary,/market-activity/stocks/cmdb,NYSE
CMG,Chipotle Mexican Grill Inc. Common Stock,$38.03,0.00,0.00%,16938170,48123846540.00,United States,2006,Restaurants,Consumer Discretionary,/market-activity/stocks/cmg,NYSE
CMI,Cummins Inc. Common Stock,$564.40,-0.45,-0.08%,1260757,77697836463.00,United States,,Industrial Machinery/Components,Industrials,/market-activity/stocks/cmi,NYSE
CMP,Compass Minerals Intl Inc Common Stock,$24.86,0.24,0.975%,393481,1043644528.00,United States,2003,Mining & Quarrying of Nonmetallic Minerals (No Fuels),Industrials,/market-activity/stocks/cmp,NYSE
CMRE,Costamare Inc. Common Stock $0.0001 par value,$15.28,-0.13,-0.844%,356140,1842596238.00,Greece,2010,Marine Transportation,Consumer Discretionary,/market-activity/stocks/cmre,NYSE
CMRE^B,Costamare Inc. Perpetual Preferred Stock Series B (Marshall Islands),$25.44,-0.07,-0.274%,9035,,Greece,,,,/market-activity/stocks/cmre^b,NYSE
CMRE^C,Costamare Inc. Perpetual Preferred Series C (Marshall Islands),$26.79,0.025,0.093%,1221,,Greece,,,,/market-activity/stocks/cmre^c,NYSE
CMRE^D,Costamare Inc. 8.75% Series D Cumulative Redeemable Perpetual Preferred Stock,$26.84,-0.205,-0.758%,12573,,Greece,,,,/market-activity/stocks/cmre^d,NYSE
CMS,CMS Energy Corporation Common Stock,$68.06,-0.15,-0.22%,3448061,21342059876.00,United States,,Power Generation,Utilities,/market-activity/stocks/cms,NYSE
CMS^B,CMS Energy Corporation Preferred Stock,$75.75,0.00,0.00%,45,,United States,,,,/market-activity/stocks/cms^b,NYSE
CMS^C,CMS Energy Corporation Depositary Shares each representing a 1/1000th interest in a share of 4.200% Cumulative Redeemable Perpetual Preferred Stock Series C,$16.25,-0.06,-0.368%,28672,,United States,,,,/market-activity/stocks/cms^c,NYSE
CMSA,CMS Energy Corporation 5.625% Junior Subordinated Notes due 2078,$20.01,-0.34,-1.671%,23904,5989702575.00,United States,2018,Power Generation,Utilities,/market-activity/stocks/cmsa,NYSE
CMSC,CMS Energy Corporation 5.875% Junior Subordinated Notes due 2078,$21.30,0.01,0.047%,23041,6375845319.00,United States,2018,Power Generation,Utilities,/market-activity/stocks/cmsc,NYSE
CMSD,CMS Energy Corporation 5.875% Junior Subordinated Notes due 2079,$21.16,-0.02,-0.094%,53440,6333938355.00,United States,2019,Power Generation,Utilities,/market-activity/stocks/cmsd,NYSE
CMTG,Claros Mortgage Trust Inc. Common Stock,$1.59,-0.03,-1.852%,615899,224323888.00,United States,2021,Real Estate,Finance,/market-activity/stocks/cmtg,NYSE
CNA,CNA Financial Corporation Common Stock,$48.57,-0.74,-1.501%,327711,13143087073.00,United States,,Property-Casualty Insurers,Finance,/market-activity/stocks/cna,NYSE
CNC,Centene Corporation Common Stock,$64.34,-0.41,-0.633%,8794528,31783638300.00,United States,,Medical Specialities,Health Care,/market-activity/stocks/cnc,NYSE
CNF,CNFinance Holdings Limited American Depositary Shares each representing two hundred (200) Ordinary Shares,$2.20,0.005,0.228%,880,39155347.00,,,Finance: Consumer Services,Finance,/market-activity/stocks/cnf,NYSE
CNH,CNH Industrial N.V. Common Shares,$11.83,0.15,1.284%,103169492,14642298083.00,United Kingdom,2013,Construction/Ag Equipment/Trucks,Industrials,/market-activity/stocks/cnh,NYSE
CNI,Canadian National Railway Company Common Stock,$124.75,-1.26,-1.00%,1564775,75361475000.00,Canada,,Railroads,Industrials,/market-activity/stocks/cni,NYSE
CNK,Cinemark Holdings Inc Cinemark Holdings Inc. Common Stock,$35.61,-0.38,-1.056%,1776078,4127621157.00,United States,2007,Movies/Entertainment,Consumer Discretionary,/market-activity/stocks/cnk,NYSE
CNM,Core & Main Inc. Class A Common Stock,$42.96,-0.06,-0.139%,1715894,8313620704.00,United States,2021,Durable Goods,Consumer Discretionary,/market-activity/stocks/cnm,NYSE
CNMD,CONMED Corporation Common Stock,$49.85,-0.13,-0.26%,288045,1493069713.00,United States,1987,Biotechnology: Electromedical & Electrotherapeutic Apparatus,Health Care,/market-activity/stocks/cnmd,NYSE
CNNE,Cannae Holdings Inc. Common Stock,$15.60,-0.04,-0.256%,546847,676637941.00,United States,2017,Restaurants,Consumer Discretionary,/market-activity/stocks/cnne,NYSE
CNO,CNO Financial Group Inc. Common Stock,$54.79,-0.58,-1.047%,1543706,5069245917.00,United States,,Accident &Health Insurance,Finance,/market-activity/stocks/cno,NYSE
CNO^A,CNO Financial Group Inc. 5.125% Subordinated Debentures due 2060,$16.23,-0.27,-1.636%,1443,,United States,,,,/market-activity/stocks/cno^a,NYSE
CNP,CenterPoint Energy Inc (Holding Co) Common Stock,$39.60,0.36,0.917%,9266089,26085323405.00,United States,,Electric Utilities: Central,Utilities,/market-activity/stocks/cnp,NYSE
CNQ,Canadian Natural Resources Limited Common Stock,$50.07,1.08,2.205%,7435816,103586818800.00,Canada,,Oil & Gas Production,Energy,/market-activity/stocks/cnq,NYSE
CNR,Core Natural Resources Inc. Common Stock,$102.30,1.34,1.327%,528293,5077789091.00,United States,2017,Coal Mining,Energy,/market-activity/stocks/cnr,NYSE
CNS,Cohen & Steers Inc Common Stock,$80.67,-2.06,-2.49%,219594,4148175067.00,United States,2004,Investment Managers,Finance,/market-activity/stocks/cns,NYSE
CNX,CNX Resources Corporation Common Stock,$36.38,0.18,0.497%,1097361,5382189514.00,United States,1999,Oil & Gas Production,Energy,/market-activity/stocks/cnx,NYSE
CODI,D/B/A Compass Diversified Holdings Shares of Beneficial Interest,$11.56,0.11,0.961%,464649,869727767.00,United States,2006,Home Furnishings,Consumer Discretionary,/market-activity/stocks/codi,NYSE
CODI^A,Compass Diversified Holdings 7.250% Series A Preferred Shares representing beneficial interest in Compass Diversified Holdings,$19.79,0.05,0.253%,4889,,United States,,,,/market-activity/stocks/codi^a,NYSE
CODI^B,Compass Diversified Holdings 7.875% Series B Fixed-to-Floating Rate Cumulative Preferred Shares representing beneficial interests in Compass Diversified Holdings,$22.27,-0.03,-0.135%,12322,,United States,,,,/market-activity/stocks/codi^b,NYSE
CODI^C,Compass Diversified Holdings 7.875% Series C Cumulative Preferred Shares,$22.09,-0.008,-0.036%,5829,,United States,,,,/market-activity/stocks/codi^c,NYSE
COF,Capital One Financial Corporation Common Stock,$214.51,-1.16,-0.538%,3906293,131598632170.00,United States,1994,Major Banks,Finance,/market-activity/stocks/cof,NYSE
COF^I,Capital One Financial Corporation Depositary shares each representing a 1/40th interest in a share of Fixed Rate Non-Cumulative Perpetual Preferred Stock Series I of the Issuer,$17.48,-0.04,-0.228%,252420,,United States,,,,/market-activity/stocks/cof^i,NYSE
COF^J,Capital One Financial Corporation Depositary Shares Each Representing a 1/40th Interest in a Share of Fixed Rate Non- Cumulative Perpetual Preferred Stock Series J,$16.75,-0.13,-0.77%,153612,,United States,,,,/market-activity/stocks/cof^j,NYSE
COF^K,Capital One Financial Corporation Depositary Shares Each Representing a 1/40th Ownership Interest in a Share of Fixed Rate Non-Cumulative Perpetual Preferred Stock Series K,$16.14,-0.06,-0.37%,15530,,United States,,,,/market-activity/stocks/cof^k,NYSE
COF^L,Capital One Financial Corporation Depositary Shares Each Representing a 1/40th Interest in a Share of Fixed Rate Non-Cumulative Perpetual Preferred Stock Series L,$15.23,-0.08,-0.523%,84708,,United States,,,,/market-activity/stocks/cof^l,NYSE
COF^N,Capital One Financial Corporation Depositary Shares Each Representing a 1/40th Ownership Interest in a Share of Fixed Rate Non-Cumulative Perpetual Preferred Stock Series N,$15.19,-0.05,-0.328%,60811,,United States,,,,/market-activity/stocks/cof^n,NYSE
COHR,Coherent Corp. Common Stock,$277.83,-1.37,-0.491%,5048739,54408072906.00,United States,,Electronic Components,Technology,/market-activity/stocks/cohr,NYSE
COLD,Americold Realty Trust Inc. Common Stock,$14.95,-0.06,-0.40%,5518615,4267934237.00,United States,2018,Real Estate Investment Trusts,Real Estate,/market-activity/stocks/cold,NYSE
COMP,Compass Inc. Class A Common Stock,$10.56,-0.41,-3.737%,12652755,7999434400.00,United States,2021,Real Estate,Finance,/market-activity/stocks/comp,NYSE
CON,Concentra Group Holdings Parent Inc. Common Stock,$33.74,-0.52,-1.518%,838950,4302448413.00,United States,2024,Medical Specialities,Health Care,/market-activity/stocks/con,NYSE
COOK,Traeger Inc. Common Stock,$56.05,0.19,0.34%,17152,156840455.00,United States,2021,Consumer Electronics/Appliances,Consumer Discretionary,/market-activity/stocks/cook,NYSE
COP,ConocoPhillips Common Stock,$132.49,2.14,1.642%,8844846,159165202593.00,United States,,Integrated oil Companies,Energy,/market-activity/stocks/cop,NYSE
COPL,Copley Acquisition Corp Ordinary Shares,$10.52,0.03,0.286%,1505,0.00,,2025,,,/market-activity/stocks/copl,NYSE
COR,Cencora Inc. Common Stock,$323.60,1.57,0.488%,1387921,61751670594.00,United States,,Other Pharmaceuticals,Health Care,/market-activity/stocks/cor,NYSE
COSO,CoastalSouth Bancshares Inc. Common Stock,$27.41,-0.08,-0.291%,92035,327671365.00,United States,2025,Major Banks,Finance,/market-activity/stocks/coso,NYSE
COTY,Coty Inc. Class A Common Stock,$2.85,0.00,0.00%,5501813,2509956422.00,United States,2013,Package Goods/Cosmetics,Consumer Discretionary,/market-activity/stocks/coty,NYSE
COUR,Coursera Inc. Common Stock,$6.52,0.05,0.773%,5447024,1723888000.00,United States,2021,Computer Software: Prepackaged Software,Technology,/market-activity/stocks/cour,NYSE
CP,Canadian Pacific Kansas City Limited Common Shares,$92.69,-1.43,-1.519%,1702941,82703940613.00,Canada,,Railroads,Industrials,/market-activity/stocks/cp,NYSE
CPA,Copa Holdings S.A. Class A Common Stock,$126.45,-3.05,-2.355%,304748,5201970027.00,Panama,2005,Air Freight/Delivery Services,Consumer Discretionary,/market-activity/stocks/cpa,NYSE
CPAC,Cementos Pacasmayo S.A.A. American Depositary Shares (Each representing five Common Shares),$12.50,0.10,0.806%,84619,1059671125.00,Peru,,Building Materials,Industrials,/market-activity/stocks/cpac,NYSE
CPAY,Corpay Inc. Common Stock,$404.30,-3.58,-0.878%,420181,26546175876.00,United States,,Business Services,Consumer Discretionary,/market-activity/stocks/cpay,NYSE
CPF,Central Pacific Financial Corp New,$37.22,-0.61,-1.612%,101472,958319419.00,United States,,Major Banks,Finance,/market-activity/stocks/cpf,NYSE
CPK,Chesapeake Utilities Corporation Common Stock,$133.54,0.83,0.625%,110772,3219176001.00,United States,,Oil & Gas Production,Utilities,/market-activity/stocks/cpk,NYSE
CPNG,Coupang Inc. Class A Common Stock,$16.06,-0.46,-2.785%,21009671,28868037934.00,United States,2021,Catalog/Specialty Distribution,Consumer Discretionary,/market-activity/stocks/cpng,NYSE
CPRI,Capri Holdings Limited Ordinary Shares,$13.25,-0.25,-1.852%,4644668,1505883939.00,Hong Kong,2011,Apparel,Consumer Discretionary,/market-activity/stocks/cpri,NYSE
CPS,Cooper-Standard Holdings Inc. Common Stock,$26.78,0.14,0.526%,159378,475859390.00,United States,,Auto Parts:O.E.M.,Consumer Discretionary,/market-activity/stocks/cps,NYSE
CPT,Camden Property Trust Common Stock,$105.80,-0.55,-0.517%,1300540,10637063230.00,United States,1993,Real Estate Investment Trusts,Real Estate,/market-activity/stocks/cpt,NYSE
CQP,Cheniere Energy Partners LP Common Units,$70.29,1.38,2.003%,110555,34024416014.00,United States,2007,Oil/Gas Transmission,Utilities,/market-activity/stocks/cqp,NYSE
CR,Crane Company Common Stock,$205.07,-1.93,-0.932%,573964,11853119005.00,United States,2023,Metal Fabrications,Industrials,/market-activity/stocks/cr,NYSE
CRBD,Corebridge Financial Inc. 6.375% Junior Subordinated Notes due 2064,$21.66,-0.10,-0.46%,38532,0.00,United States,2024,Life Insurance,Finance,/market-activity/stocks/crbd,NYSE
CRBG,Corebridge Financial Inc. Common Stock,$32.54,-0.07,-0.215%,3238915,14505437866.00,United States,2022,Life Insurance,Finance,/market-activity/stocks/crbg,NYSE
CRC,California Resources Corporation Common Stock,$53.03,0.80,1.532%,553146,4710118926.00,United States,2020,Oil & Gas Production,Energy,/market-activity/stocks/crc,NYSE
CRCL,Circle Internet Group Inc. Class A Common Stock,$95.55,8.41,9.651%,19782391,24257840430.00,United States,2025,Finance: Consumer Services,Finance,/market-activity/stocks/crcl,NYSE
CRD/A,Crawford & Company,$13.12,0.03,0.229%,64859,,United States,,,,/market-activity/stocks/crd/a,NYSE
CRD/B,Crawford & Company,$11.96,-0.26,-2.128%,24301,,United States,,,,/market-activity/stocks/crd/b,NYSE
CRGY,Crescent Energy Company Class A Common Stock,$13.69,0.15,1.108%,3700464,4523226598.00,United States,2021,Oil & Gas Production,Energy,/market-activity/stocks/crgy,NYSE
CRH,CRH PLC Ordinary Shares,$94.29,-1.57,-1.638%,5380244,63112015043.00,Ireland,,Building Materials,Industrials,/market-activity/stocks/crh,NYSE
CRI,Carter's Inc. Common Stock,$32.39,-1.16,-3.458%,1825069,1189075282.00,United States,2003,Apparel,Consumer Discretionary,/market-activity/stocks/cri,NYSE
CRK,Comstock Resources Inc. Common Stock,$14.43,0.14,0.98%,1602125,4236944508.00,United States,,Oil & Gas Production,Energy,/market-activity/stocks/crk,NYSE
CRL,Charles River Laboratories International Inc. Common Stock,$288.24,-3.26,-1.118%,1086198,13760252465.00,United States,2000,Biotechnology: Commercial Physical & Biological Resarch,Health Care,/market-activity/stocks/crl,NYSE
CRM,Salesforce Inc. Common Stock,$257.54,1.54,0.602%,22457863,211955420000.00,United States,2004,Computer Software: Prepackaged Software,Technology,/market-activity/stocks/crm,NYSE
CRS,Carpenter Technology Corporation Common Stock,$476.42,-0.01,-0.002%,4021120,23610692014.00,United States,,Steel/Iron Ore,Industrials,/market-activity/stocks/crs,NYSE
CRT,Cross Timbers Royalty Trust Common Stock,$10.45,0.03,0.288%,19793,62700000.00,United States,1992,Oil & Gas Production,Energy,/market-activity/stocks/crt,NYSE
CSAN,Cosan S.A. ADS,$2.95,0.13,4.61%,3744716,2925346062.00,Brazil,2021,Retail-Auto Dealers and Gas Stations,Consumer Discretionary,/market-activity/stocks/csan,NYSE
CSL,Carlisle Companies Incorporated Common Stock,$346.58,-9.95,-2.791%,3662659,13764124215.00,United States,,Specialty Chemicals,Industrials,/market-activity/stocks/csl,NYSE
CSQR,Csquare Inc. Common Stock,$19.41,0.15,0.779%,603657,3234365629.00,,2026,Computer Software: Programming Data Processing,Technology,/market-activity/stocks/csqr,NYSE
CSR,D/B/A Centerspace Common Stock,$52.49,0.01,0.019%,159860,881524986.00,United States,,Real Estate Investment Trusts,Real Estate,/market-activity/stocks/csr,NYSE
CSTM,Constellium SE Ordinary Shares (France),$26.43,-0.55,-2.039%,1869535,3581997851.00,Netherlands,2013,Metal Fabrications,Industrials,/market-activity/stocks/cstm,NYSE
CSV,Carriage Services Inc. Common Stock,$33.65,-0.44,-1.291%,124537,534439260.00,United States,,Other Consumer Services,Consumer Discretionary,/market-activity/stocks/csv,NYSE
CSW,CSW Industrials Inc. Common Stock,$308.95,-9.55,-2.998%,126768,5033872809.00,United States,,Home Furnishings,Industrials,/market-activity/stocks/csw,NYSE
CTA^A,EIDP Inc. Preferred Stock $3.50 Series,$52.50,0.01,0.019%,232,,United States,,,,/market-activity/stocks/cta^a,NYSE
CTA^B,EIDP Inc. Preferred Stock $4.50 Series,$65.22,-0.28,-0.427%,8352,,United States,,,,/market-activity/stocks/cta^b,NYSE
CTEV,Claritev Corporation Class A Common Stock,$39.83,0.44,1.117%,139430,675017451.00,United States,2020,Business Services,Consumer Discretionary,/market-activity/stocks/ctev,NYSE
CTGG,Qwest Corporation 6.500% Senior Notes due 2051 (denominations of $25),$16.69,0.08,0.482%,53229,0.00,,2026,Telecommunications Equipment,Telecommunications,/market-activity/stocks/ctgg,NYSE
CTHH,Qwest Corporation 6.750% Senior Notes due 2052 (denominations of $25),$17.26,0.00,0.00%,18671,0.00,,2026,Telecommunications Equipment,Telecommunications,/market-activity/stocks/cthh,NYSE
CTO,CTO Realty Growth Inc. Common Stock,$21.34,-0.23,-1.066%,440957,799939588.00,United States,1992,Real Estate Investment Trusts,Real Estate,/market-activity/stocks/cto,NYSE
CTO^A,CTO Realty Growth Inc. 6.375% Series A Cumulative Redeemable Preferred Stock,$21.50,-0.0501,-0.232%,707,,United States,,,,/market-activity/stocks/cto^a,NYSE
CTOS,Custom Truck One Source Inc. Common Stock,$9.21,0.01,0.109%,790333,2095325977.00,Cayman Islands,2017,Diversified Commercial Services,Consumer Discretionary,/market-activity/stocks/ctos,NYSE
CTRE,CareTrust REIT Inc. Common Stock,$38.95,-0.08,-0.205%,2906897,9203620101.00,United States,2022,Real Estate Investment Trusts,Real Estate,/market-activity/stocks/ctre,NYSE
CTRI,Centuri Holdings Inc. Common Stock,$20.41,0.09,0.443%,2180125,2060655912.00,United States,2024,Oil & Gas Production,Utilities,/market-activity/stocks/ctri,NYSE
CTS,CTS Corporation Common Stock,$56.47,-0.10,-0.177%,111525,1612568332.00,United States,,Electrical Products,Technology,/market-activity/stocks/cts,NYSE
CTVA,Corteva Inc. Common Stock ,$84.63,0.73,0.87%,5751041,56464797480.00,United States,2019,Farming/Seeds/Milling,Consumer Staples,/market-activity/stocks/ctva,NYSE
CUBB,Customers Bancorp Inc 5.375% Subordinated Notes Due 2034,$22.05,0.1446,0.66%,233,697139837.00,United States,2019,Major Banks,Finance,/market-activity/stocks/cubb,NYSE
CUBE,CubeSmart Common Shares,$39.72,-0.30,-0.75%,4313818,8943444689.00,United States,,Real Estate Investment Trusts,Real Estate,/market-activity/stocks/cube,NYSE
CUBI,Customers Bancorp Inc Common Stock,$78.18,-0.40,-0.509%,155793,2641217406.00,United States,,Major Banks,Finance,/market-activity/stocks/cubi,NYSE
CURB,Curbline Properties Corp. Common Stock,$29.83,-0.16,-0.534%,1694059,3431584286.00,United States,2024,Real Estate,Finance,/market-activity/stocks/curb,NYSE
CURV,Torrid Holdings Inc. Common Stock,$2.20,-0.08,-3.509%,240365,218944838.00,United States,2021,Clothing/Shoe/Accessory Stores,Consumer Discretionary,/market-activity/stocks/curv,NYSE
CUZ,Cousins Properties Incorporated Common Stock,$28.99,-0.45,-1.529%,1549896,4771813661.00,United States,,Real Estate Investment Trusts,Real Estate,/market-activity/stocks/cuz,NYSE
CVE,Cenovus Energy Inc Common Stock,$32.15,0.57,1.805%,5256694,60281250000.00,Canada,,Oil & Gas Production,Energy,/market-activity/stocks/cve,NYSE
CVEO,Civeo Corporation (Canada) Common Shares,$33.43,0.31,0.936%,57077,345561196.00,,2014,Hotels/Resorts,Consumer Discretionary,/market-activity/stocks/cveo,NYSE
CVI,CVR Energy Inc. Common Stock,$41.86,0.10,0.239%,1678032,4208210874.00,United States,2007,Integrated oil Companies,Energy,/market-activity/stocks/cvi,NYSE
CVLG,Covenant Logistics Group Inc. Class A Common Stock,$35.35,0.37,1.058%,119612,897104452.00,United States,,Trucking Freight/Courier Services,Industrials,/market-activity/stocks/cvlg,NYSE
CVNA,Carvana Co. Class A Common Stock,$73.46,-0.58,-0.783%,6085695,80840068544.00,United States,2017,Retail-Auto Dealers and Gas Stations,Consumer Discretionary,/market-activity/stocks/cvna,NYSE
CVS,CVS Health Corporation Common Stock,$93.91,0.85,0.913%,10674675,120108107353.00,United States,,Retail-Drug Stores and Proprietary Stores,Consumer Staples,/market-activity/stocks/cvs,NYSE
CVSA,Covista Inc. Common Shares,$132.33,-2.14,-1.591%,546970,4504357051.00,United States,,Other Consumer Services,Real Estate,/market-activity/stocks/cvsa,NYSE
CVX,Chevron Corporation Common Stock,$206.14,4.28,2.12%,12047836,407285490422.00,United States,,Integrated oil Companies,Energy,/market-activity/stocks/cvx,NYSE
CW,Curtiss-Wright Corporation Common Stock,$582.53,-13.84,-2.321%,660299,21515421663.00,United States,,Industrial Machinery/Components,Technology,/market-activity/stocks/cw,NYSE
CWEN,Clearway Energy Inc. Class C Common Stock,$31.75,-0.01,-0.031%,1275491,5204260293.00,United States,2015,Electric Utilities: Central,Utilities,/market-activity/stocks/cwen,NYSE
CWH,Camping World Holdings Inc. Class A Common Stock,$6.46,-0.07,-1.072%,1552714,667285157.00,United States,2016,Retail-Auto Dealers and Gas Stations,Consumer Discretionary,/market-activity/stocks/cwh,NYSE
CWK,Cushman & Wakefield Ltd. Common Shares,$13.49,-0.63,-4.462%,1870190,3166287921.00,United States,2018,Real Estate,Finance,/market-activity/stocks/cwk,NYSE
CWT,California Water Service Group Common Stock,$49.97,-0.51,-1.01%,546810,3090099877.00,United States,,Water Supply,Utilities,/market-activity/stocks/cwt,NYSE
CX,Cemex S.A.B. de C.V. Sponsored ADR,$10.74,-0.13,-1.196%,3236891,16280939075.00,Mexico,,Building Materials,Industrials,/market-activity/stocks/cx,NYSE
CXM,Sprinklr Inc. Class A Common Stock,$8.21,0.05,0.613%,4932933,1923018136.00,United States,2021,Computer Software: Prepackaged Software,Technology,/market-activity/stocks/cxm,NYSE
CXT,Crane NXT Co. Common Stock,$48.90,-1.23,-2.454%,412587,2814747766.00,United States,,Metal Fabrications,Industrials,/market-activity/stocks/cxt,NYSE
CXW,CoreCivic Inc. Common Stock,$33.22,-0.59,-1.745%,1194308,3285241705.00,United States,,Real Estate Investment Trusts,Real Estate,/market-activity/stocks/cxw,NYSE
CYD,China Yuchai International Limited Common Stock,$38.34,0.13,0.34%,86036,1438452465.00,Singapore,1994,Industrial Machinery/Components,Industrials,/market-activity/stocks/cyd,NYSE
CYH,Community Health Systems Inc. Common Stock,$2.92,-0.01,-0.341%,1629908,411747322.00,United States,2000,Hospital/Nursing Management,Health Care,/market-activity/stocks/cyh,NYSE
D,Dominion Energy Inc. Common Stock,$66.01,0.46,0.702%,6698302,58057507893.00,United States,,Electric Utilities: Central,Utilities,/market-activity/stocks/d,NYSE
DAC,Danaos Corporation Common Stock,$151.48,0.80,0.531%,96669,2757462393.00,Greece,2006,Marine Transportation,Consumer Discretionary,/market-activity/stocks/dac,NYSE
DAL,Delta Air Lines Inc. Common Stock,$78.00,-2.07,-2.585%,6100375,51294596340.00,United States,,Air Freight/Delivery Services,Consumer Discretionary,/market-activity/stocks/dal,NYSE
DAN,Dana Incorporated Common Stock ,$29.98,-0.37,-1.219%,1306641,3225148836.00,United States,,Auto Parts:O.E.M.,Consumer Discretionary,/market-activity/stocks/dan,NYSE
DAO,Youdao Inc. American Depositary Shares each representing one Class A Ordinary Share,$16.39,-0.26,-1.562%,78477,1977201602.00,China,2019,Other Consumer Services,Real Estate,/market-activity/stocks/dao,NYSE
DAR,Darling Ingredients Inc. Common Stock,$66.27,1.95,3.032%,4344897,10457599243.00,United States,1997,Packaged Foods,Consumer Staples,/market-activity/stocks/dar,NYSE
DAVA,Endava plc American Depositary Shares (each representing one Class A Ordinary Share),$3.32,0.11,3.427%,250750,180367642.00,United Kingdom,2018,EDP Services,Technology,/market-activity/stocks/dava,NYSE
DB,Deutsche Bank AG Common Stock,$40.06,-0.30,-0.743%,1754194,75368884000.00,Germany,,Major Banks,Finance,/market-activity/stocks/db,NYSE
DBD,Diebold Nixdorf Incorporated Common stock,$67.84,0.49,0.728%,421088,2302936530.00,United States,2023,Office Equipment/Supplies/Services,Miscellaneous,/market-activity/stocks/dbd,NYSE
DBI,Designer Brands Inc. Class A Common Stock,$5.47,-0.02,-0.364%,900227,277750622.00,United States,,Clothing/Shoe/Accessory Stores,Consumer Discretionary,/market-activity/stocks/dbi,NYSE
DBL,DoubleLine Opportunistic Credit Fund Common Shares of Beneficial Interest,$14.13,-0.05,-0.353%,55535,0.00,United States,2012,,,/market-activity/stocks/dbl,NYSE
DBRG,DigitalBridge Group Inc.,$15.91,-0.02,-0.126%,3168913,2983049921.00,United States,2014,Real Estate Investment Trusts,Real Estate,/market-activity/stocks/dbrg,NYSE
DBRG^H,DigitalBridge Group Inc. 7.125% Series H,$15.08,-0.0175,-0.116%,14764,,United States,,,,/market-activity/stocks/dbrg^h,NYSE
DBRG^I,DigitalBridge Group Inc. 7.15% Series I,$15.22,0.06,0.396%,29604,,United States,,,,/market-activity/stocks/dbrg^i,NYSE
DBRG^J,DigitalBridge Group Inc. 7.125% Series J,$15.48,0.05,0.324%,11857,,United States,,,,/market-activity/stocks/dbrg^j,NYSE
DCBG,Dime Commercial Bancshares Inc. 9.000% Junior Subordinated Notes,$26.75,0.0701,0.263%,4943,1047229955.00,United States,,Major Banks,Finance,/market-activity/stocks/dcbg,NYSE
DCH,Dauch Corporation Common Stock,$6.26,-0.06,-0.949%,2969279,1487404809.00,United States,,Auto Parts:O.E.M.,Consumer Discretionary,/market-activity/stocks/dch,NYSE
DCI,Donaldson Company Inc. Common Stock,$90.89,-1.00,-1.088%,601197,10535155880.00,United States,,Pollution Control Equipment,Industrials,/market-activity/stocks/dci,NYSE
DCO,Ducommun Incorporated Common Stock,$171.42,-4.88,-2.768%,372036,2588404116.00,United States,,Military/Government/Technical,Industrials,/market-activity/stocks/dco,NYSE
DCOM,Dime Commercial Bancshares Inc. Common Stock,$40.40,-0.07,-0.173%,283686,1783926438.00,United States,,Major Banks,Finance,/market-activity/stocks/dcom,NYSE
DCOM^,Dime Commercial Bancshares Inc. Preferred Stock Series A,$17.34,0.015,0.087%,23594,,United States,,,,/market-activity/stocks/dcom^,NYSE
DD,DuPont de Nemours Inc. Common Stock,$134.59,-2.39,-1.745%,1713203,18175434005.00,United States,2017,Major Chemicals,Industrials,/market-activity/stocks/dd,NYSE
DDD,3D Systems Corporation Common Stock,$3.28,0.00,0.00%,1488367,544962249.00,United States,,Computer Software: Prepackaged Software,Technology,/market-activity/stocks/ddd,NYSE
DDL,Dingdong (Cayman) Limited American Depositary Shares (each two representing three Ordinary Shares),$2.26,-0.01,-0.441%,150551,533874568.00,Cayman Islands,2021,Catalog/Specialty Distribution,Consumer Discretionary,/market-activity/stocks/ddl,NYSE
DDS,Dillard's Inc. Common Stock,$625.97,5.68,0.916%,243891,9777320262.00,United States,,Department/Specialty Retail Stores,Consumer Discretionary,/market-activity/stocks/dds,NYSE
DDT,Dillard's Capital Trust I,$26.05,-0.12,-0.459%,34073,406887220.00,United States,,Department/Specialty Retail Stores,Consumer Discretionary,/market-activity/stocks/ddt,NYSE
DE,Deere & Company Common Stock,$654.91,24.58,3.90%,1786466,176580378573.00,United States,,Industrial Machinery/Components,Industrials,/market-activity/stocks/de,NYSE
DEA,Easterly Government Properties Inc. Common Stock,$24.53,-0.10,-0.406%,387488,1160799265.00,United States,2015,Real Estate Investment Trusts,Real Estate,/market-activity/stocks/dea,NYSE
DEC,Diversified Energy Company Common Stock,$14.89,0.14,0.949%,878402,1142901173.00,United States,2025,,,/market-activity/stocks/dec,NYSE
DECK,Deckers Outdoor Corporation Common Stock,$87.08,-0.68,-0.775%,3117491,11878950887.00,United States,1993,Shoe Manufacturing,Consumer Discretionary,/market-activity/stocks/deck,NYSE
DEI,Douglas Emmett Inc. Common Stock,$11.56,-0.20,-1.701%,1515048,1936129687.00,United States,2006,Real Estate Investment Trusts,Real Estate,/market-activity/stocks/dei,NYSE
DELL,Dell Technologies Inc. Class C Common Stock ,$456.01,-0.23,-0.05%,7640344,295543724976.00,United States,2018,Computer Manufacturing,Technology,/market-activity/stocks/dell,NYSE
DEO,Diageo plc Common Stock,$91.85,-1.14,-1.226%,507476,51123998868.00,United Kingdom,,Beverages (Production/Distribution),Consumer Staples,/market-activity/stocks/deo,NYSE
DFH,Dream Finders Homes Inc. Class A Common Stock,$14.05,-0.71,-4.81%,586645,1272018408.00,United States,2022,Homebuilding,Consumer Discretionary,/market-activity/stocks/dfh,NYSE
DFIN,Donnelley Financial Solutions Inc. Common Stock ,$48.30,-0.02,-0.041%,311130,1187473999.00,United States,2016,Other Consumer Services,Consumer Discretionary,/market-activity/stocks/dfin,NYSE
DFP,Flaherty & Crumrine Dynamic Preferred and Income Fund Inc. Common Stock,$20.50,-0.05,-0.243%,51303,0.00,,2013,Investment Managers,Finance,/market-activity/stocks/dfp,NYSE
DG,Dollar General Corporation Common Stock,$126.75,3.86,3.141%,4190075,27963178133.00,United States,2009,Department/Specialty Retail Stores,Consumer Discretionary,/market-activity/stocks/dg,NYSE
DGAC,Disciplined Growth Acquisition Corporation Class A Ordinary Shares,$10.00,0.00,0.00%,1074,0.00,,2026,,,/market-activity/stocks/dgac,NYSE
DGX,Quest Diagnostics Incorporated Common Stock,$240.30,-2.46,-1.013%,1358111,26522718408.00,United States,,Medical Specialities,Health Care,/market-activity/stocks/dgx,NYSE
DHF,BNY Mellon High Yield Strategies Fund Common Stock,$2.37,0.02,0.851%,203829,0.00,United States,1998,Finance Companies,Finance,/market-activity/stocks/dhf,NYSE
DHI,D.R. Horton Inc. Common Stock,$144.56,-2.83,-1.92%,2585386,40433615158.00,United States,,Homebuilding,Consumer Discretionary,/market-activity/stocks/dhi,NYSE
DHR,Danaher Corporation Common Stock,$213.56,-2.51,-1.162%,3608430,150129701692.00,United States,,Industrial Machinery/Components,Industrials,/market-activity/stocks/dhr,NYSE
DHT,DHT Holdings Inc.,$19.60,-0.06,-0.305%,2340440,3156416085.00,Jersey,2005,Marine Transportation,Consumer Discretionary,/market-activity/stocks/dht,NYSE
DHX,DHI Group Inc. Common Stock,$4.29,0.24,5.926%,295811,186289775.00,United States,2007,Business Services,Consumer Discretionary,/market-activity/stocks/dhx,NYSE
DIN,Dine Brands Global Inc. Common Stock,$33.08,-0.52,-1.548%,199028,418764682.00,United States,,Restaurants,Consumer Discretionary,/market-activity/stocks/din,NYSE
DINO,HF Sinclair Corporation Common Stock,$101.61,1.90,1.906%,4071617,18064616897.00,United States,1960,Natural Gas Distribution,Energy,/market-activity/stocks/dino,NYSE
DIS,Walt Disney Company (The) Common Stock,$107.55,-0.55,-0.509%,8728659,185705176310.00,United States,,Services-Misc. Amusement & Recreation,Consumer Discretionary,/market-activity/stocks/dis,NYSE
DK,Delek US Holdings Inc. Common Stock,$74.34,2.09,2.893%,2718933,4551999815.00,United States,2017,Integrated oil Companies,Energy,/market-activity/stocks/dk,NYSE
DKL,Delek Logistics Partners L.P. Common Units representing Limited Partner Interests,$55.47,0.68,1.241%,84154,2950854286.00,United States,2012,Natural Gas Distribution,Energy,/market-activity/stocks/dkl,NYSE
DKS,Dick's Sporting Goods Inc Common Stock,$135.10,0.01,0.007%,4706612,12091792749.00,United States,2002,Other Specialty Stores,Consumer Discretionary,/market-activity/stocks/dks,NYSE
DLB,Dolby Laboratories Common Stock,$61.56,0.06,0.098%,1027159,5766251020.00,United States,2005,Multi-Sector Companies,Miscellaneous,/market-activity/stocks/dlb,NYSE
DLNG,Dynagas LNG Partners LP Common Units,$3.86,0.01,0.26%,67113,140434562.00,Greece,,Marine Transportation,Consumer Discretionary,/market-activity/stocks/dlng,NYSE
DLNG^A,Dynagas LNG Partners LP 9.00% Series A Cumulative Redeemable Preferred Units,$26.59,0.045,0.17%,2047,,Greece,,,,/market-activity/stocks/dlng^a,NYSE
DLR,Digital Realty Trust Inc. Common Stock,$185.59,0.12,0.065%,6409271,68675013904.00,United States,2004,Real Estate Investment Trusts,Real Estate,/market-activity/stocks/dlr,NYSE
DLR^J,Digital Realty Trust Inc. 5.250% Series J Cumulative Redeemable Preferred Stock,$19.67,-0.22,-1.106%,14947,,United States,,,,/market-activity/stocks/dlr^j,NYSE
DLR^K,Digital Realty Trust Inc. 5.850% Series K Cumulative Redeemable Preferred Stock par value $0.01 per share,$22.48,0.22,0.988%,15927,,United States,,,,/market-activity/stocks/dlr^k,NYSE
DLR^L,Digital Realty Trust Inc. 5.200% Series L Cumulative Redeemable Preferred Stock,$19.45,-0.095,-0.486%,30920,,United States,,,,/market-activity/stocks/dlr^l,NYSE
DLX,Deluxe Corporation Common Stock,$23.10,-0.54,-2.284%,391042,1059280299.00,United States,,Publishing,Consumer Discretionary,/market-activity/stocks/dlx,NYSE
DLY,DoubleLine Yield Opportunities Fund Common Shares of Beneficial Interest,$13.87,-0.01,-0.072%,187140,665007955.00,United States,2020,Investment Managers,Finance,/market-activity/stocks/dly,NYSE
DMA,Destra Multi-Alternative Fund Common Stock,$7.61,0.00,0.00%,17740,0.00,,2022,Trusts Except Educational Religious and Charitable,Finance,/market-activity/stocks/dma,NYSE
DMB,BNY Mellon Municipal Bond Infrastructure Fund Inc. Common Stock,$10.62,0.02,0.189%,45982,0.00,,2013,Trusts Except Educational Religious and Charitable,Finance,/market-activity/stocks/dmb,NYSE
DMC,Del Monte Corporation Ordinary Shares,$31.68,-0.19,-0.596%,459503,1493592186.00,Cayman Islands,,Farming/Seeds/Milling,Consumer Staples,/market-activity/stocks/dmc,NYSE
DMO,Western Asset Mortgage Opportunity Fund Inc. Common Stock,$10.22,-0.01,-0.098%,97830,0.00,United States,2010,Trusts Except Educational Religious and Charitable,Finance,/market-activity/stocks/dmo,NYSE
DNA,Ginkgo Bioworks Holdings Inc. Class A Common Stock,$6.81,-0.15,-2.155%,1209173,438157286.00,United States,2021,Biotechnology: Biological Products (No Diagnostic Substances),Health Care,/market-activity/stocks/dna,NYSE
DNOW,DNOW Inc. Common Stock,$16.03,0.10,0.628%,2159815,2897997833.00,United States,2014,Oil and Gas Field Machinery,Consumer Discretionary,/market-activity/stocks/dnow,NYSE
DNP,DNP Select Income Fund Inc. Common Stock,$10.81,-0.12,-1.098%,729900,0.00,United States,1987,Investment Managers,Finance,/market-activity/stocks/dnp,NYSE
DOC,Healthpeak Properties Inc. Common Stock,$20.82,-0.14,-0.668%,5595624,14355957553.00,United States,,Real Estate Investment Trusts,Real Estate,/market-activity/stocks/doc,NYSE
DOCN,DigitalOcean Holdings Inc. Common Stock,$110.69,-0.52,-0.468%,1817430,13014880390.00,United States,2021,Computer Software: Programming Data Processing,Technology,/market-activity/stocks/docn,NYSE
DOCS,Doximity Inc. Class A Common Stock,$26.71,-0.02,-0.075%,2194225,4760950126.00,United States,2021,EDP Services,Technology,/market-activity/stocks/docs,NYSE
DOLE,Dole plc Ordinary Shares,$13.85,0.07,0.508%,1002530,1308254477.00,Ireland,2021,Farming/Seeds/Milling,Consumer Staples,/market-activity/stocks/dole,NYSE
DOUG,Douglas Elliman Inc. Common Stock,$1.85,0.02,1.093%,322922,168147375.00,United States,2021,Real Estate,Finance,/market-activity/stocks/doug,NYSE
DOV,Dover Corporation Common Stock,$194.23,-4.45,-2.24%,1725530,26158940102.00,United States,,Industrial Machinery/Components,Industrials,/market-activity/stocks/dov,NYSE
DOW,Dow Inc. Common Stock ,$30.52,0.01,0.033%,9531053,22045838500.00,United States,2019,Major Chemicals,Industrials,/market-activity/stocks/dow,NYSE
DPC,DPC Holdings PLC Ordinary Shares,$41.96,-2.12,-4.809%,3680108,6268530951.00,,2026,Metal Fabrications,Telecommunications,/market-activity/stocks/dpc,NYSE
DPG,Duff & Phelps Utility and Infrastructure Fund Inc.,$14.42,-0.16,-1.097%,60141,0.00,United States,2011,Trusts Except Educational Religious and Charitable,Finance,/market-activity/stocks/dpg,NYSE
DQ,DAQO New Energy Corp. American Depositary Shares each representing five ordinary shares,$12.89,-0.79,-5.775%,1838651,872216506.00,China,2010,Semiconductors,Technology,/market-activity/stocks/dq,NYSE
DRD,DRDGOLD Limited American Depositary Shares,$28.23,-0.54,-1.877%,237798,2440733928.00,South Africa,,Precious Metals,Basic Materials,/market-activity/stocks/drd,NYSE
DRI,Darden Restaurants Inc. Common Stock,$214.26,-1.37,-0.635%,1194521,24442345638.00,United States,,Restaurants,Consumer Discretionary,/market-activity/stocks/dri,NYSE
DSL,DoubleLine Income Solutions Fund Common Shares of Beneficial Interests,$10.64,-0.04,-0.375%,774746,1085246250.00,United States,2013,Trusts Except Educational Religious and Charitable,Finance,/market-activity/stocks/dsl,NYSE
DSM,BNY Mellon Strategic Municipal Bond Fund Inc. Common Stock,$5.82,-0.01,-0.172%,77538,0.00,United States,1989,Investment Managers,Finance,/market-activity/stocks/dsm,NYSE
DSU,Blackrock Debt Strategies Fund Inc. Common Stock,$9.49,0.04,0.423%,272946,0.00,United States,1998,Finance Companies,Finance,/market-activity/stocks/dsu,NYSE
DSX,Diana Shipping inc. common stock,$2.73,-0.05,-1.799%,901035,339649404.00,Greece,2005,Marine Transportation,Consumer Discretionary,/market-activity/stocks/dsx,NYSE
DSX^B,Diana Shipping Inc. Perpetual Preferred Shares Series B (Marshall Islands),$27.20,0.1499,0.554%,315,,Greece,,,,/market-activity/stocks/dsx^b,NYSE
DT,Dynatrace Inc. Common Stock,$54.59,0.92,1.714%,7950184,15776626168.00,United States,2019,Computer Software: Prepackaged Software,Technology,/market-activity/stocks/dt,NYSE
DTB,DTE Energy Company 2020 Series G 4.375% Junior Subordinated Debentures due 2080,$15.75,-0.11,-0.694%,32762,3277387087.00,United States,2020,Electric Utilities: Central,Utilities,/market-activity/stocks/dtb,NYSE
DTE,DTE Energy Company Common Stock,$135.63,-0.23,-0.169%,1430047,28222984798.00,United States,,Electric Utilities: Central,Utilities,/market-activity/stocks/dte,NYSE
DTF,DTF Tax-Free Income 2028 Term Fund Inc. Common Stock,$11.57,-0.0099,-0.085%,3605,81332090.00,United States,1991,Investment Managers,Finance,/market-activity/stocks/dtf,NYSE
DTG,DTE Energy Company 2021 Series E 4.375% Junior Subordinated Debentures,$15.97,0.11,0.694%,39114,3323166462.00,United States,2021,Electric Utilities: Central,Utilities,/market-activity/stocks/dtg,NYSE
DTK,DTE Energy Company 2025 Series H 6.25% Junior Subordinated Debentures due 2085,$23.13,-0.07,-0.302%,44979,0.00,United States,2025,Electric Utilities: Central,Utilities,/market-activity/stocks/dtk,NYSE
DTM,DT Midstream Inc. Common Stock ,$131.02,1.49,1.15%,612161,13366044082.00,United States,2021,Natural Gas Distribution,Utilities,/market-activity/stocks/dtm,NYSE
DTW,DTE Energy Company 2017 Series E 5.25% Junior Subordinated Debentures due 2077,$19.48,-0.12,-0.612%,30426,4053555584.00,United States,2017,Electric Utilities: Central,Utilities,/market-activity/stocks/dtw,NYSE
DUK,Duke Energy Corporation (Holding Company) Common Stock,$119.91,-0.34,-0.283%,4283059,93494089963.00,United States,,Power Generation,Utilities,/market-activity/stocks/duk,NYSE
DUK^A,Duke Energy Corporation Depositary Shares each representing a 1/1000th interest in a share of 5.75% Series A Cumulative Redeemable Perpetual Preferred Stock,$23.83,-0.06,-0.251%,185839,,United States,,,,/market-activity/stocks/duk^a,NYSE
DUKB,Duke Energy Corporation 5.625% Junior Subordinated Debentures due 2078,$22.10,-0.07,-0.316%,43003,17231418465.00,United States,2018,Power Generation,Utilities,/market-activity/stocks/dukb,NYSE
DUKU,Duke Energy Corporation Corporate Units,$49.41,-0.46,-0.922%,885288,0.00,United States,2026,Power Generation,Utilities,/market-activity/stocks/duku,NYSE
DV,DoubleVerify Holdings Inc. Common Stock,$13.40,0.02,0.149%,1872216,2076823750.00,United States,2021,Computer Software: Programming Data Processing,Technology,/market-activity/stocks/dv,NYSE
DVA,DaVita Inc. Common Stock,$176.01,-4.67,-2.585%,573896,11229438000.00,United States,,Misc Health and Biotechnology Services,Health Care,/market-activity/stocks/dva,NYSE
DVN,Devon Energy Corporation Common Stock,$48.51,1.16,2.45%,12617837,53361000000.00,United States,1985,Oil & Gas Production,Energy,/market-activity/stocks/dvn,NYSE
DX,Dynex Capital Inc. Common Stock,$12.89,-0.02,-0.155%,4976895,3198871560.00,United States,,Real Estate Investment Trusts,Real Estate,/market-activity/stocks/dx,NYSE
DX^C,Dynex Capital Inc. 6.900% Series C Fixed-to-Floating Rate Cumulative Redeemable Preferred Stock,$25.89,0.09,0.349%,19200,,United States,,,,/market-activity/stocks/dx^c,NYSE
DXC,DXC Technology Company Common Stock ,$11.30,0.09,0.803%,4470140,1805499186.00,United States,,EDP Services,Technology,/market-activity/stocks/dxc,NYSE
DXYZ,Destiny Tech100 Inc. Common Stock,$32.13,-2.61,-7.513%,1675031,0.00,,2024,,,/market-activity/stocks/dxyz,NYSE
DY,Dycom Industries Inc. Common Stock,$291.21,-3.13,-1.063%,635387,8783172288.00,United States,,Water Sewer Pipeline Comm & Power Line Construction,Industrials,/market-activity/stocks/dy,NYSE
E,ENI S.p.A. Common Stock,$54.80,1.99,3.768%,400986,86221364124.00,Italy,,Oil & Gas Production,Energy,/market-activity/stocks/e,NYSE
EAF,GrafTech International Ltd. Common Stock,$7.20,-0.21,-2.834%,200613,187863581.00,United States,2018,Industrial Machinery/Components,Energy,/market-activity/stocks/eaf,NYSE
EAI,Entergy Arkansas LLC First Mortgage Bonds 4.875% Series Due September 1 2066,$19.53,-0.37,-1.859%,40084,9113313156.00,United States,2016,Electric Utilities: Central,Utilities,/market-activity/stocks/eai,NYSE
EARN,Ellington Credit Company Common Shares of Beneficial Interest,$4.37,-0.07,-1.577%,864497,164133682.00,United States,2013,Real Estate Investment Trusts,Real Estate,/market-activity/stocks/earn,NYSE
EAT,Brinker International Inc. Common Stock,$228.50,-1.69,-0.734%,846941,9543304785.00,United States,,Restaurants,Consumer Discretionary,/market-activity/stocks/eat,NYSE
EBF,Ennis Inc. Common Stock,$21.34,-0.18,-0.836%,135951,539865124.00,United States,,Office Equipment/Supplies/Services,Consumer Discretionary,/market-activity/stocks/ebf,NYSE
EBS,Emergent BioSolutions Inc. Common Stock,$6.10,0.19,3.215%,1126378,312767350.00,United States,2006,Biotechnology: Pharmaceutical Preparations,Health Care,/market-activity/stocks/ebs,NYSE
EC,Ecopetrol S.A. American Depositary Shares,$16.67,0.17,1.03%,2886483,34270765032.00,Colombia,,Oil & Gas Production,Energy,/market-activity/stocks/ec,NYSE
ECAT,BlackRock ESG Capital Allocation Term Trust Common Shares of Beneficial Interest,$15.36,-0.03,-0.195%,464400,1660953600.00,United States,2021,Finance/Investors Services,Finance,/market-activity/stocks/ecat,NYSE
ECC           ,Eagle Point Credit Company Common Share of Beneficial Interest,$3.98,0.08,2.051%,1323116,241436846.00,United States,2014,Trusts Except Educational Religious and Charitable,Finance,/market-activity/stocks/ecc           ,NYSE
ECC^D,Eagle Point Credit Company 6.75% Series D Preferred Stock,$18.63,0.11,0.594%,21703,,United States,,,,/market-activity/stocks/ecc^d,NYSE
ECCC,Eagle Point Credit Company 6.50% Series C Term Preferred Stock due 2031,$25.10,-0.15,-0.594%,1187,1522629352.00,United States,,Trusts Except Educational Religious and Charitable,Finance,/market-activity/stocks/eccc,NYSE
ECCU,Eagle Point Credit Company 7.75% Notes due 2030,$25.57,0.13,0.511%,4791,0.00,United States,2024,,,/market-activity/stocks/eccu,NYSE
ECCV,Eagle Point Credit Company 5.375% Notes due 2029,$24.25,-0.0246,-0.101%,3073,1471066207.00,United States,2022,Trusts Except Educational Religious and Charitable,Finance,/market-activity/stocks/eccv,NYSE
ECG,Everus Construction Group Inc. Common Stock,$115.13,-0.60,-0.518%,499892,5878979439.00,United States,2024,Homebuilding,Consumer Discretionary,/market-activity/stocks/ecg,NYSE
ECL,Ecolab Inc. Common Stock,$283.20,-3.55,-1.238%,1530984,79389060370.00,United States,,Package Goods/Cosmetics,Consumer Discretionary,/market-activity/stocks/ecl,NYSE
ECO,Okeanis Eco Tankers Corp. Common Stock,$66.74,-0.12,-0.179%,465087,2605840275.00,,,Marine Transportation,Consumer Discretionary,/market-activity/stocks/eco,NYSE
ECVT,Ecovyst Inc. Common Stock,$10.17,0.06,0.593%,1262060,1113293608.00,United States,2017,Major Chemicals,Industrials,/market-activity/stocks/ecvt,NYSE
ED,Consolidated Edison Inc. Common Stock,$107.02,-0.47,-0.437%,3518904,39579060304.00,United States,,Power Generation,Utilities,/market-activity/stocks/ed,NYSE
EDD,Morgan Stanley Emerging Markets Domestic Debt Fund Inc. Common Stock,$5.88,0.00,0.00%,175328,0.00,United States,2007,Finance Companies,Finance,/market-activity/stocks/edd,NYSE
EDF,Virtus Stone Harbor Emerging Markets Income Fund Common Shares of Beneficial Interest,$5.24,-0.01,-0.19%,114871,0.00,United States,2010,Investment Managers,Finance,/market-activity/stocks/edf,NYSE
EDN,Empresa Distribuidora Y Comercializadora Norte S.A. (Edenor) American Depositary Shares,$23.61,0.22,0.941%,99430,1068185388.00,Argentina,2007,Electric Utilities: Central,Utilities,/market-activity/stocks/edn,NYSE
EDU,New Oriental Education & Technology Group Inc. Sponsored ADR representing 10 Ordinary Share (Cayman Islands),$57.70,-1.13,-1.921%,732562,9182709602.00,China,2006,Other Consumer Services,Real Estate,/market-activity/stocks/edu,NYSE
EE,Excelerate Energy Inc. Class A Common Stock,$39.62,1.06,2.749%,345655,4492991400.00,United States,2022,Oil/Gas Transmission,Utilities,/market-activity/stocks/ee,NYSE
EEA,The European Equity Fund Inc. Common Stock,$11.15,-0.07,-0.624%,6605,0.00,United States,,Trusts Except Educational Religious and Charitable,Finance,/market-activity/stocks/eea,NYSE
EFC,Ellington Financial Inc. Common Stock ,$13.38,-0.19,-1.40%,1314502,1724513225.00,United States,2010,Real Estate,Finance,/market-activity/stocks/efc,NYSE
EFC^B,Ellington Financial Inc. 6.250% Series B Fixed-Rate Reset Cumulative Redeemable Preferred Stock,$25.07,-0.02,-0.08%,5255,,United States,,,,/market-activity/stocks/efc^b,NYSE
EFC^C,Ellington Financial Inc. 8.625% Series C Fixed-Rate Reset Cumulative Redeemable Preferred Stock,$25.59,0.015,0.059%,943,,United States,,,,/market-activity/stocks/efc^c,NYSE
EFC^D,Ellington Financial Inc. 7.00% Series D Cumulative Perpetual Redeemable Preferred Stock,$23.36,0.11,0.473%,477,,United States,,,,/market-activity/stocks/efc^d,NYSE
EFOR,Everforth Inc. Common Stock,$32.42,0.47,1.471%,814548,1329220000.00,United States,,Professional Services,Consumer Discretionary,/market-activity/stocks/efor,NYSE
EFR,Eaton Vance Senior Floating-Rate Fund Common Shares of Beneficial Interest,$10.53,-0.04,-0.378%,265532,0.00,United States,2003,Trusts Except Educational Religious and Charitable,Finance,/market-activity/stocks/efr,NYSE
EFT,Eaton Vance Floating Rate Income Trust Common Shares of Beneficial Interest,$10.68,0.03,0.282%,124809,310685632.00,United States,2004,Finance Companies,Finance,/market-activity/stocks/eft,NYSE
EFX,Equifax Inc. Common Stock,$189.16,-5.19,-2.67%,784189,22223442927.00,United States,,Finance: Consumer Services,Finance,/market-activity/stocks/efx,NYSE
EFXT,Enerflex Ltd Common Shares,$20.40,0.40,2.00%,496415,2490898813.00,Canada,2022,Industrial Machinery/Components,Industrials,/market-activity/stocks/efxt,NYSE
EG,Everest Group Ltd. Common Stock,$374.65,-2.96,-0.784%,452585,14365105293.00,Bermuda,,Property-Casualty Insurers,Finance,/market-activity/stocks/eg,NYSE
EGY,VAALCO Energy Inc.  Common Stock,$5.94,0.17,2.946%,1059616,624839161.00,United States,,Oil & Gas Production,Energy,/market-activity/stocks/egy,NYSE
EHC,Encompass Health Corporation Common Stock,$120.21,-0.64,-0.53%,720699,11859123291.00,United States,,Hospital/Nursing Management,Health Care,/market-activity/stocks/ehc,NYSE
EHI,Western Asset Global High Income Fund Inc Common Stock,$5.70,0.00,0.00%,211359,0.00,United States,2003,Investment Managers,Finance,/market-activity/stocks/ehi,NYSE
EIC,Eagle Point Income Company Common Shares of Beneficial Interest,$10.00,-0.03,-0.299%,217139,89081080.00,United States,2019,Finance/Investors Services,Finance,/market-activity/stocks/eic,NYSE
EICA,Eagle Point Income Company 5.00% Series A Term Preferred Shares due 2026,$24.98,0.0249,0.10%,491,222524538.00,United States,2021,Finance/Investors Services,Finance,/market-activity/stocks/eica,NYSE
EIG,Employers Holdings Inc Common Stock,$49.09,-0.08,-0.163%,209299,881681240.00,United States,2007,Property-Casualty Insurers,Finance,/market-activity/stocks/eig,NYSE
EIIA,Eagle Point Institutional Income Fund 8.125% Series A Term Preferred Shares Due 2029,$25.15,-0.02,-0.079%,880,0.00,,2024,,,/market-activity/stocks/eiia,NYSE
EIX,Edison International Common Stock,$53.98,-16.19,-23.073%,24720103,20772258586.00,United States,,Electric Utilities: Central,Utilities,/market-activity/stocks/eix,NYSE
EL,Estee Lauder Companies Inc. (The) Common Stock,$102.30,-1.09,-1.054%,4133762,37011993404.00,United States,1995,Package Goods/Cosmetics,Consumer Discretionary,/market-activity/stocks/el,NYSE
ELAN,Elanco Animal Health Incorporated Common Stock,$23.92,-0.19,-0.788%,5359841,11950954174.00,United States,2018,Biotechnology: Pharmaceutical Preparations,Health Care,/market-activity/stocks/elan,NYSE
ELC,Entergy Louisiana Inc. Collateral Trust Mortgage Bonds 4.875 % Series due September 1 2066,$19.68,-0.12,-0.606%,39346,4196515023.00,United States,2016,Electric Utilities: Central,Utilities,/market-activity/stocks/elc,NYSE
ELF,e.l.f. Beauty Inc. Common Stock,$109.05,4.95,4.755%,2239656,6434821964.00,United States,2016,Package Goods/Cosmetics,Consumer Discretionary,/market-activity/stocks/elf,NYSE
ELLA,Ellington Credit Company 8.50% Notes due 2031,$25.45,0.0999,0.394%,13463,0.00,United States,2026,Real Estate Investment Trusts,Real Estate,/market-activity/stocks/ella,NYSE
ELME,Elme Communities Common Stock,$1.68,0.00,0.00%,437371,149281243.00,United States,2000,Real Estate Investment Trusts,Real Estate,/market-activity/stocks/elme,NYSE
ELPC,Companhia Paranaense de Energia (COPEL) American Depositary Shares (each representing four (4) Common Shares),$11.47,0.23,2.046%,852794,8553209373.00,Brazil,2023,Electric Utilities: Central,Utilities,/market-activity/stocks/elpc,NYSE
ELS,Equity Lifestyle Properties Inc. Common Stock,$63.45,-0.29,-0.455%,1236347,12313400076.00,United States,,Real Estate Investment Trusts,Real Estate,/market-activity/stocks/els,NYSE
ELV,Elevance Health Inc. Common Stock,$392.54,-1.89,-0.479%,1090731,85129871097.00,United States,,Medical Specialities,Health Care,/market-activity/stocks/elv,NYSE
EMA,Emera Incorporated Common Shares,$50.09,0.19,0.381%,297049,15387648000.00,Canada,2025,Electric Utilities: Central,Utilities,/market-activity/stocks/ema,NYSE
EMBJ,Embraer S.A. Common Stock,$71.56,-0.98,-1.351%,1388158,12930286245.00,Brazil,,Aerospace,Industrials,/market-activity/stocks/embj,NYSE
EMD,Western Asset Emerging Markets Debt Fund Inc Common Stock,$10.62,0.07,0.664%,185797,0.00,United States,,Finance/Investors Services,Finance,/market-activity/stocks/emd,NYSE
EME,EMCOR Group Inc. Common Stock,$734.54,-5.63,-0.761%,578854,32400486681.00,United States,,Engineering & Construction,Industrials,/market-activity/stocks/eme,NYSE
EMF,Templeton Emerging Markets Fund Common Stock,$22.45,-0.27,-1.188%,29346,0.00,United States,1987,Finance/Investors Services,Finance,/market-activity/stocks/emf,NYSE
EMN,Eastman Chemical Company Common Stock,$72.44,-0.59,-0.808%,1128769,8285500377.00,United States,,Major Chemicals,Industrials,/market-activity/stocks/emn,NYSE
EMO,ClearBridge Energy Midstream Opportunity Fund Inc. Common Stock,$54.78,-0.46,-0.833%,49987,0.00,United States,2011,Investment Managers,Finance,/market-activity/stocks/emo,NYSE
EMP,Entergy Mississippi LLC First Mortgage Bonds 4.90% Series Due October 1 2066,$20.00,-0.01,-0.05%,33106,9332629960.00,United States,2016,Electric Utilities: Central,Utilities,/market-activity/stocks/emp,NYSE
EMR,Emerson Electric Company Common Stock,$152.44,-2.74,-1.766%,2285369,85031032000.00,United States,,Consumer Electronics/Appliances,Technology,/market-activity/stocks/emr,NYSE
ENB,Enbridge Inc Common Stock,$50.57,0.37,0.737%,4146590,110424545752.00,Canada,,Natural Gas Distribution,Energy,/market-activity/stocks/enb,NYSE
ENHA,Enhanced Group Inc. Class A Common Stock,$1.61,-0.01,-0.617%,1032848,636555460.00,Singapore,,Services-Misc. Amusement & Recreation,Consumer Discretionary,/market-activity/stocks/enha,NYSE
ENIC,Enel Chile S.A. American Depositary Shares (Each representing 50 shares of Common Stock),$4.34,-0.01,-0.23%,1363927,6003657165.00,Chile,2016,Electric Utilities: Central,Utilities,/market-activity/stocks/enic,NYSE
ENJ,Entergy New Orleans LLC First Mortgage Bonds 5.0% Series due December 1 2052,$19.33,-0.0525,-0.271%,3817,9019986856.00,United States,,Power Generation,Utilities,/market-activity/stocks/enj,NYSE
ENO,Entergy New Orleans LLC First Mortgage Bonds 5.50% Series due April 1 2066,$20.84,-0.11,-0.525%,12811,4456234831.00,United States,2016,Power Generation,Utilities,/market-activity/stocks/eno,NYSE
ENOV,Enovis Corporation Common Stock,$24.59,-0.31,-1.245%,672101,1418092857.00,United States,,Industrial Specialties,Health Care,/market-activity/stocks/enov,NYSE
ENR,Energizer Holdings Inc. Common Stock,$21.78,-0.49,-2.20%,894269,1491573614.00,United States,2015,Industrial Machinery/Components,Miscellaneous,/market-activity/stocks/enr,NYSE
ENS,EnerSys Common Stock,$183.86,-1.60,-0.863%,873975,6630952085.00,United States,2004,Industrial Machinery/Components,Miscellaneous,/market-activity/stocks/ens,NYSE
ENVA,Enova International Inc. Common Stock,$226.72,-6.00,-2.578%,290769,5644958673.00,United States,2014,Finance: Consumer Services,Finance,/market-activity/stocks/enva,NYSE
EOD,Allspring Global Dividend Opportunity Fund Common Shares of Beneficial Interest,$6.65,-0.03,-0.449%,80974,0.00,United States,2007,Investment Managers,Finance,/market-activity/stocks/eod,NYSE
EOG,EOG Resources Inc. Common Stock,$144.96,1.61,1.123%,3263299,76035749353.00,United States,,Oil & Gas Production,Energy,/market-activity/stocks/eog,NYSE
EOI,Eaton Vance Enhance Equity Income Fund Eaton Vance Enhanced Equity Income Fund Shares of Beneficial Interest,$20.16,-0.05,-0.247%,92511,0.00,United States,2004,Finance/Investors Services,Finance,/market-activity/stocks/eoi,NYSE
EOS,Eaton Vance Enhance Equity Income Fund II Common Stock,$21.63,-0.03,-0.139%,136608,0.00,,2005,Trusts Except Educational Religious and Charitable,Finance,/market-activity/stocks/eos,NYSE
EOT,Eaton Vance Municipal Income Trust EATON VANCE NATIONAL MUNICIPAL OPPORTUNITIES TRUST,$17.25,0.05,0.291%,26515,269529887.00,United States,2009,Investment Bankers/Brokers/Service,Finance,/market-activity/stocks/eot,NYSE
EP^C,El Paso Corporation Preferred Stock,$50.60,0.105,0.208%,5636,,United States,,,,/market-activity/stocks/ep^c,NYSE
EPAC,Enerpac Tool Group Corp. Common Stock,$37.32,-0.29,-0.771%,475521,1908456949.00,United States,,Industrial Machinery/Components,Technology,/market-activity/stocks/epac,NYSE
EPAM,EPAM Systems Inc. Common Stock,$117.83,3.03,2.639%,1553761,6078493971.00,United States,2012,EDP Services,Technology,/market-activity/stocks/epam,NYSE
EPC,Edgewell Personal Care Company Common Stock,$28.72,-0.33,-1.136%,486358,1323673639.00,United States,,Package Goods/Cosmetics,Consumer Discretionary,/market-activity/stocks/epc,NYSE
EPD,Enterprise Products Partners L.P. Common Stock,$38.82,-0.20,-0.513%,3818181,83830903701.00,United States,,Natural Gas Distribution,Utilities,/market-activity/stocks/epd,NYSE
EPR,EPR Properties Common Stock,$58.71,-0.84,-1.411%,903092,4497709811.00,United States,1997,Real Estate Investment Trusts,Real Estate,/market-activity/stocks/epr,NYSE
EPR^C,EPR Properties 5.75% Series C Cumulative Convertible Preferred Shares,$26.22,-0.85,-3.14%,2852,,United States,,,,/market-activity/stocks/epr^c,NYSE
EPR^E,EPR Properties Series E Cumulative Conv Pfd Shs Ser E,$32.00,-0.25,-0.775%,5146,,United States,,,,/market-activity/stocks/epr^e,NYSE
EPR^G,EPR Properties 5.750% Series G Cumulative Redeemable Preferred Shares,$21.36,-0.1045,-0.487%,3788,,United States,,,,/market-activity/stocks/epr^g,NYSE
EPRT,Essential Properties Realty Trust Inc. Common Stock,$30.00,-0.37,-1.218%,1605008,6488190120.00,United States,2018,Real Estate Investment Trusts,Real Estate,/market-activity/stocks/eprt,NYSE
EQBK,Equity Bancshares Inc. Class A Common Stock,$49.36,-0.26,-0.524%,73818,1016445306.00,United States,,Major Banks,Finance,/market-activity/stocks/eqbk,NYSE
EQH,Equitable Holdings Inc. Common Stock,$50.13,-0.07,-0.139%,2060526,13687252420.00,United States,2018,Specialty Insurers,Finance,/market-activity/stocks/eqh,NYSE
EQH^A,Equitable Holdings Inc. Depositary Shares,$18.99,0.10,0.529%,72020,,United States,,,,/market-activity/stocks/eqh^a,NYSE
EQH^C,Equitable Holdings Inc. Depositary Shares each representing a 1/1000th interest in a share of Fixed Rate Noncumulative Perpetual Preferred Stock Series C,$16.70,-0.02,-0.12%,24732,,United States,,,,/market-activity/stocks/eqh^c,NYSE
EQNR,Equinor ASA,$42.80,1.41,3.407%,2476722,107011600084.00,Norway,,Integrated oil Companies,Energy,/market-activity/stocks/eqnr,NYSE
EQS,Equus Total Return Inc. Common Stock,$1.02,0.01,0.99%,25596,14246030.00,United States,,Finance/Investors Services,Finance,/market-activity/stocks/eqs,NYSE
EQT,EQT Corporation Common Stock,$54.18,-0.39,-0.715%,5798570,33890456880.00,United States,,Oil & Gas Production,Energy,/market-activity/stocks/eqt,NYSE
ERO,Ero Copper Corp. Common Shares,$37.13,-1.70,-4.378%,2026852,3871840952.00,Canada,2021,Metal Mining,Basic Materials,/market-activity/stocks/ero,NYSE
EROC,ERock Inc. Class A Common Stock,$11.80,-0.51,-4.143%,1673503,2588920944.00,,2026,Industrial Machinery/Components,Energy,/market-activity/stocks/eroc,NYSE
EROK,EagleRock Land LLC Class A shares representing limited liability company interests,$25.40,0.77,3.126%,133727,3340597078.00,,2026,Oil & Gas Production,Energy,/market-activity/stocks/erok,NYSE
ES,Eversource Energy (D/B/A) Common Stock,$70.14,-0.70,-0.988%,2872270,26419967246.00,United States,,Electric Utilities: Central,Utilities,/market-activity/stocks/es,NYSE
ESAB,ESAB Corporation Common Stock,$75.38,-1.05,-1.374%,924618,4686209518.00,United States,2022,Industrial Machinery/Components,Industrials,/market-activity/stocks/esab,NYSE
ESE,ESCO Technologies Inc. Common Stock,$273.03,-3.93,-1.419%,308667,7073543018.00,United States,,Telecommunications Equipment,Telecommunications,/market-activity/stocks/ese,NYSE
ESI,Element Solutions Inc. Common Stock,$35.54,0.61,1.746%,6451931,8660775084.00,United States,2014,Major Chemicals,Industrials,/market-activity/stocks/esi,NYSE
ESNT,Essent Group Ltd. Common Shares,$67.56,-1.34,-1.945%,670860,6072055867.00,Bermuda,2013,Property-Casualty Insurers,Finance,/market-activity/stocks/esnt,NYSE
ESRT,Empire State Realty Trust Inc. Class A Common Stock,$4.53,-0.06,-1.307%,2462141,779910363.00,United States,2013,Real Estate Investment Trusts,Real Estate,/market-activity/stocks/esrt,NYSE
ESS,Essex Property Trust Inc. Common Stock,$282.96,-1.07,-0.377%,626652,18185397499.00,United States,1994,Real Estate Investment Trusts,Real Estate,/market-activity/stocks/ess,NYSE
ESTC,Elastic N.V. Ordinary Shares,$97.55,-2.36,-2.362%,5938941,10140481799.00,United States,2018,Computer Software: Prepackaged Software,Technology,/market-activity/stocks/estc,NYSE
ET,Energy Transfer LP Common Units ,$21.51,0.20,0.939%,7048490,74065374418.00,United States,,Natural Gas Distribution,Utilities,/market-activity/stocks/et,NYSE
ET^I,Energy Transfer L.P. Series I Fixed Rate Perpetual Preferred Units,$11.42,-0.06,-0.523%,105765,,United States,,,,/market-activity/stocks/et^i,NYSE
ETB,Eaton Vance Tax-Managed Buy-Write Income Fund Eaton Vance Tax-Managed Buy-Write Income Fund Common Shares of Beneficial Interest,$15.72,-0.10,-0.632%,64053,461718377.00,United States,2005,Investment Bankers/Brokers/Service,Finance,/market-activity/stocks/etb,NYSE
ETD,Ethan Allen Interiors Inc. Common Stock,$23.65,0.18,0.767%,798185,601805917.00,United States,,Home Furnishings,Consumer Discretionary,/market-activity/stocks/etd,NYSE
ETG,Eaton Vance Tax-Advantaged Global Dividend Income Fund Common Shares of Beneficial Interest,$24.25,-0.15,-0.615%,76883,0.00,United States,2004,Investment Managers,Finance,/market-activity/stocks/etg,NYSE
ETI^,Entergy Texas Inc 5.375% Series A Preferred Stock Cumulative No Par Value,$23.60,0.20,0.855%,1729,,United States,,,,/market-activity/stocks/eti^,NYSE
ETJ,Eaton Vance Risk-Managed Diversified Equity Income Fund Common Shares of Beneficial Interest,$8.50,-0.01,-0.118%,126968,0.00,United States,2007,Finance Companies,Finance,/market-activity/stocks/etj,NYSE
ETN,Eaton Corporation PLC Ordinary Shares,$401.88,-0.90,-0.223%,2165852,156090192000.00,Ireland,,Industrial Machinery/Components,Technology,/market-activity/stocks/etn,NYSE
ETO,Eaton Vance Tax-Advantage Global Dividend Opp Common Stock,$31.78,-0.07,-0.22%,20120,520815026.00,United States,2004,Investment Managers,Finance,/market-activity/stocks/eto,NYSE
ETR,Entergy Corporation Common Stock,$106.31,0.56,0.53%,2903852,49607594552.00,United States,,Electric Utilities: Central,Utilities,/market-activity/stocks/etr,NYSE
ETSS,Energy Transition Special Opportunities Class A Ordinary Shares,$9.93,0.00,0.00%,417,0.00,,2026,Blank Checks,Finance,/market-activity/stocks/etss,NYSE
ETSY,Etsy Inc. Common Stock,$81.33,-2.26,-2.704%,2313107,7464609565.00,United States,2025,Business Services,Consumer Discretionary,/market-activity/stocks/etsy,NYSE
ETV,Eaton Vance Corporation Eaton Vance Tax-Managed Buy-Write Opportunities Fund Common Shares of Beneficial Interest,$15.37,-0.12,-0.775%,209432,1679454524.00,United States,2005,Investment Bankers/Brokers/Service,Finance,/market-activity/stocks/etv,NYSE
ETW,Eaton Vance Corporation Eaton Vance Tax-Managed Global Buy-Write Opportunites Fund Common Shares of Beneficial Interest,$9.89,-0.03,-0.302%,306457,1083922104.00,United States,2005,Investment Managers,Finance,/market-activity/stocks/etw,NYSE
ETX           ,Eaton Vance Municipal Income 2028 Term Trust Common Shares of Beneficial Interest,$18.17,0.02,0.11%,38692,197779651.00,,2013,Investment Managers,Finance,/market-activity/stocks/etx           ,NYSE
ETY,Eaton Vance Tax-Managed Diversified Equity Income Fund Common Shares of Beneficial Interest,$14.48,-0.12,-0.822%,311608,0.00,United States,2006,Finance Companies,Finance,/market-activity/stocks/ety,NYSE
EVAC,EQV Ventures Acquisition Corp. II Class A Ordinary Shares,$10.30,-0.005,-0.049%,366,0.00,,2025,Fluid Controls,Industrials,/market-activity/stocks/evac,NYSE
EVC,Entravision Communications Corporation Common Stock,$7.99,-0.08,-0.991%,2198563,737383557.00,United States,2000,Broadcasting,Industrials,/market-activity/stocks/evc,NYSE
EVEX,Eve Holding Inc. Common Stock,$2.25,-0.06,-2.597%,1057416,784094249.00,United States,2022,Aerospace,Industrials,/market-activity/stocks/evex,NYSE
EVF,Eaton Vance Senior Income Trust Common Stock,$4.97,0.00,0.00%,103558,87168124.00,United States,1998,Investment Bankers/Brokers/Service,Finance,/market-activity/stocks/evf,NYSE
EVG,Eaton Vance Short Diversified Income Fund Eaton Vance Short Duration Diversified Income Fund Common Shares of Beneficial Interest,$10.72,-0.03,-0.279%,34884,0.00,United States,2005,Investment Managers,Finance,/market-activity/stocks/evg,NYSE
EVH,Evolent Health Inc Class A Common Stock,$4.50,-0.10,-2.174%,2533044,508767008.00,United States,2015,Other Consumer Services,Consumer Discretionary,/market-activity/stocks/evh,NYSE
EVMN,Evommune Inc. Common Stock,$12.66,-0.57,-4.308%,571945,459458151.00,United States,2025,Biotechnology: Pharmaceutical Preparations,Health Care,/market-activity/stocks/evmn,NYSE
EVN,Eaton Vance Municipal Income Trust Common Stock,$10.77,0.09,0.843%,30711,427215346.00,United States,1999,Investment Managers,Finance,/market-activity/stocks/evn,NYSE
EVR,Evercore Inc. Class A Common Stock,$286.43,-3.68,-1.268%,607202,11015461353.00,United States,2006,Investment Managers,Finance,/market-activity/stocks/evr,NYSE
EVT,Eaton Vance Tax Advantaged Dividend Income Fund Common Shares of Beneficial Interest,$28.84,-0.11,-0.38%,131990,0.00,United States,2003,Finance Companies,Finance,/market-activity/stocks/evt,NYSE
EVTC,Evertec Inc. Common Stock,$29.63,-0.35,-1.167%,397222,1770467819.00,Puerto Rico,2013,EDP Services,Technology,/market-activity/stocks/evtc,NYSE
EVTL,Vertical Aerospace Ltd. Ordinary Shares,$0.68,-0.0051,-0.746%,4180963,116462973.00,,2021,Aerospace,Industrials,/market-activity/stocks/evtl,NYSE
EW,Edwards Lifesciences Corporation Common Stock,$90.75,0.54,0.599%,4047491,52308300000.00,United States,,Industrial Specialties,Health Care,/market-activity/stocks/ew,NYSE
EXG,Eaton Vance Tax-Managed Global Diversified Equity Income Fund Common Shares of Beneficial Interest,$9.99,-0.05,-0.498%,538828,0.00,United States,2007,Finance Companies,Finance,/market-activity/stocks/exg,NYSE
EXK,Endeavour Silver Corporation Ordinary Shares (Canada),$10.71,-0.05,-0.465%,8037778,3170896869.00,Canada,,Precious Metals,Basic Materials,/market-activity/stocks/exk,NYSE
EXP,Eagle Materials Inc Common Stock,$194.26,-3.30,-1.67%,306778,5958988635.00,United States,,Building Materials,Industrials,/market-activity/stocks/exp,NYSE
EXPD,Expeditors International of Washington Inc. Common Stock,$189.65,-1.32,-0.691%,1289157,24652721462.00,United States,,Integrated Freight & Logistics,Industrials,/market-activity/stocks/expd,NYSE
EXR,Extra Space Storage Inc Common Stock,$141.10,-1.81,-1.267%,1216536,29810134634.00,United States,2004,Real Estate Investment Trusts,Real Estate,/market-activity/stocks/exr,NYSE
F,Ford Motor Company Common Stock,$13.94,0.06,0.432%,41035985,54599405659.00,United States,,Auto Manufacturing,Industrials,/market-activity/stocks/f,NYSE
F^B,Ford Motor Company 6.20% Notes due June 1 2059,$20.14,-0.01,-0.05%,85257,,United States,,,,/market-activity/stocks/f^b,NYSE
F^C,Ford Motor Company 6% Notes due December 1 2059,$19.51,-0.161,-0.818%,83634,,United States,,,,/market-activity/stocks/f^c,NYSE
F^D,Ford Motor Company 6.500% Notes due August 15 2062,$20.90,-0.14,-0.665%,73092,,United States,,,,/market-activity/stocks/f^d,NYSE
FAF,First American Corporation (New) Common Stock,$73.92,-0.55,-0.739%,811865,7547232000.00,United States,,Specialty Insurers,Finance,/market-activity/stocks/faf,NYSE
FBIN,Fortune Brands Innovations Inc. Common Stock,$44.33,-1.17,-2.571%,1680488,5291737575.00,United States,,Forest Products,Basic Materials,/market-activity/stocks/fbin,NYSE
FBK,FB Financial Corporation Common Stock,$56.96,-0.89,-1.538%,321785,2846754740.00,United States,2016,Major Banks,Finance,/market-activity/stocks/fbk,NYSE
FBP,First BanCorp. New Common Stock,$27.88,-0.13,-0.464%,1404173,4256391312.00,Puerto Rico,,Major Banks,Finance,/market-activity/stocks/fbp,NYSE
FBRT,Franklin BSP Realty Trust Inc. Common Stock,$8.37,-0.09,-1.064%,2098325,695090132.00,United States,2021,Real Estate Investment Trusts,Real Estate,/market-activity/stocks/fbrt,NYSE
FBRT^E,Franklin BSP Realty Trust Inc. 7.50% Series E Cumulative Redeemable Preferred Stock,$19.48,0.06,0.309%,10381,,United States,,,,/market-activity/stocks/fbrt^e,NYSE
FC,Franklin Covey Company Common Stock,$20.35,-0.02,-0.098%,47171,229830316.00,United States,,Other Consumer Services,Consumer Discretionary,/market-activity/stocks/fc,NYSE
FCBM,First Carolina Financial Services Inc. Common Stock,$12.66,0.07,0.556%,94727,393331666.00,,2026,Major Banks,Finance,/market-activity/stocks/fcbm,NYSE
FCF,First Commonwealth Financial Corporation Common Stock,$20.70,-0.15,-0.719%,573780,2091857648.00,United States,,Major Banks,Finance,/market-activity/stocks/fcf,NYSE
FCN,FTI Consulting Inc. Common Stock,$150.57,-3.17,-2.062%,258006,4157474848.00,United States,1999,Professional Services,Consumer Discretionary,/market-activity/stocks/fcn,NYSE
FCPT,Four Corners Property Trust Inc. Common Stock,$24.88,-0.35,-1.387%,860996,2730739381.00,United States,2015,Real Estate Investment Trusts,Real Estate,/market-activity/stocks/fcpt,NYSE
FCRS,FutureCrest Acquisition Corp. Class A Ordinary Shares,$10.22,-0.01,-0.098%,8893,0.00,,2025,Blank Checks,Finance,/market-activity/stocks/fcrs,NYSE
FCX,Freeport-McMoRan Inc. Common Stock,$75.74,-0.71,-0.929%,13983518,108763967192.00,United States,,Metal Mining,Basic Materials,/market-activity/stocks/fcx,NYSE
FDS,FactSet Research Systems Inc. Common Stock,$313.55,4.57,1.479%,1078939,11151576008.00,United States,2000,Computer Software: Programming Data Processing,Technology,/market-activity/stocks/fds,NYSE
FDX,FedEx Corporation Common Stock,$327.40,-3.48,-1.052%,1900221,77485900419.00,United States,,Air Freight/Delivery Services,Consumer Discretionary,/market-activity/stocks/fdx,NYSE
FDXF,FedEx Freight Holding Company Inc. Common Stock,$133.74,0.29,0.217%,1460350,19996555107.00,United States,2026,Air Freight/Delivery Services,Consumer Discretionary,/market-activity/stocks/fdxf,NYSE
FE,FirstEnergy Corp. Common Stock,$45.86,-0.02,-0.044%,5124994,26536427282.00,United States,,Electric Utilities: Central,Utilities,/market-activity/stocks/fe,NYSE
FEDU,Four Seasons Education (Cayman) Inc. American Depositary Shares each ADS representing 10 ordinary shares,$9.86,0.3265,3.425%,793,22297779.00,,2017,Other Consumer Services,Real Estate,/market-activity/stocks/fedu,NYSE
FENG,Phoenix New Media Limited American Depositary Shares each representing 48 Class A ordinary shares.,$1.50,0.002,0.134%,688,18016164.00,China,2011,Broadcasting,Industrials,/market-activity/stocks/feng,NYSE
FERG,Ferguson Enterprises Inc. Common Stock,$224.51,-3.98,-1.742%,1624465,43432069494.00,United Kingdom,2021,Miscellaneous,Miscellaneous,/market-activity/stocks/ferg,NYSE
FET,Forum Energy Technologies Inc. Common Stock,$81.97,1.36,1.687%,243818,921858801.00,United States,2012,Oil and Gas Field Machinery,Consumer Discretionary,/market-activity/stocks/fet,NYSE
FF,FutureFuel Corp.  Common shares,$5.27,-0.07,-1.311%,428661,231159686.00,United States,,Major Chemicals,Industrials,/market-activity/stocks/ff,NYSE
FFA,First Trust Enhanced Equity Income Fund Common Shares of Beneficial Interest,$23.31,0.04,0.172%,20227,0.00,United States,2004,Investment Managers,Finance,/market-activity/stocks/ffa,NYSE
FFC,Flaherty & Crumrine Preferred and Income Securities Fund Incorporated,$15.92,-0.01,-0.063%,136033,0.00,United States,2003,Trusts Except Educational Religious and Charitable,Finance,/market-activity/stocks/ffc,NYSE
FG,F&G Annuities & Life Inc. Common Stock,$23.80,-0.19,-0.792%,482714,3116257974.00,United States,2022,Life Insurance,Finance,/market-activity/stocks/fg,NYSE
FGN,F&G Annuities & Life Inc. 7.950% Senior Notes due 2053,$24.82,0.32,1.306%,69050,3129765961.00,United States,2023,Life Insurance,Finance,/market-activity/stocks/fgn,NYSE
FGSN,F&G Annuities & Life Inc. 7.300% Junior Subordinated Notes due 2065,$20.97,0.024,0.115%,15990,0.00,United States,2025,Life Insurance,Finance,/market-activity/stocks/fgsn,NYSE
FHI,Federated Hermes Inc. Common Stock,$63.65,-0.76,-1.18%,736731,4752126886.00,United States,,Investment Managers,Finance,/market-activity/stocks/fhi,NYSE
FHN,First Horizon Corporation Common Stock,$24.32,-0.33,-1.339%,5312820,11522260483.00,United States,,Major Banks,Finance,/market-activity/stocks/fhn,NYSE
FHN^E,First Horizon Corporation Depositary Shares each representing a 1/4000th interest in a share of Non-Cumulative Perpetual Preferred Stock Series E,$23.41,-0.085,-0.362%,6760,,United States,,,,/market-activity/stocks/fhn^e,NYSE
FHN^F,First Horizon Corporation Depositary Shares each representing 1/4000th Interest in a Share of Non-Cumulative Perpetual Preferred Stock Series F,$17.02,-0.205,-1.19%,96953,,United States,,,,/market-activity/stocks/fhn^f,NYSE
FHN^H,First Horizon Corporation Depositary Shares each representing a 1/4000th interest in a share of Non-Cumulative Perpetual Preferred Stock Series H,$24.40,-0.16,-0.651%,25977,,United States,,,,/market-activity/stocks/fhn^h,NYSE
FICO,Fair Isaac Corporation Common Stock,$1147.21,-6.36,-0.551%,242892,24777022848.00,United States,,Business Services,Consumer Discretionary,/market-activity/stocks/fico,NYSE
FIG,Figma Inc. Class A Common Stock,$27.49,-1.33,-4.615%,19930182,14652441244.00,United States,2025,Computer Software: Prepackaged Software,Technology,/market-activity/stocks/fig,NYSE
FIGS,FIGS Inc. Class A Common Stock,$15.34,-0.08,-0.519%,1957753,2548591312.00,United States,2021,Apparel,Consumer Discretionary,/market-activity/stocks/figs,NYSE
FINS,Angel Oak Financial Strategies Income Term Trust Common Shares of Beneficial Interest,$12.74,0.04,0.315%,39679,319298008.00,,2019,Finance/Investors Services,Finance,/market-activity/stocks/fins,NYSE
FINV,FinVolution Group American Depositary Shares,$3.67,0.27,7.941%,2065653,866464987.00,United States,2017,Finance: Consumer Services,Finance,/market-activity/stocks/finv,NYSE
FIRY,Firy Inc. Class A Common Stock,$9.89,0.05,0.508%,134337,164394122.00,United States,2020,EDP Services,Technology,/market-activity/stocks/firy,NYSE
FIS,Fidelity National Information Services Inc. Common Stock,$40.77,-0.67,-1.617%,6669222,21025330236.00,United States,,Business Services,Consumer Discretionary,/market-activity/stocks/fis,NYSE
FITB,Fifth Third Bancorp Common Stock,$53.77,-0.77,-1.412%,5225340,48763613166.00,United States,,Major Banks,Finance,/market-activity/stocks/fitb,NYSE
FITB^A,Fifth Third Bancorp Depositary Shares each representing 1/40th share of Fifth Third 6.00% Non-Cumulative Perpetual Class B Preferred Stock Series A,$22.27,0.42,1.922%,25698,,United States,,,,/market-activity/stocks/fitb^a,NYSE
FITB^I,Fifth Third Bancorp Depositary Share repstg 1/1000th Ownership Interest Perp Pfd Series I,$25.44,-0.08,-0.313%,51261,,United States,,,,/market-activity/stocks/fitb^i,NYSE
FITB^K,Fifth Third Bancorp Depositary Shares each representing a 1/1000th ownership interest in a share of Non-Cumulative Perpetual Preferred Stock Series K,$18.04,-0.09,-0.496%,31316,,United States,,,,/market-activity/stocks/fitb^k,NYSE
FITB^M,Fifth Third Bancorp Depositary Shares Representing a 1/40th Ownership Interest in a Share of 6.875% Fixed-Rate Reset Non-Cumulative Perpetual Preferred Stock Series M,$25.81,0.11,0.428%,16911,,United States,,,,/market-activity/stocks/fitb^m,NYSE
FIX,Comfort Systems USA Inc. Common Stock,$1545.62,26.89,1.771%,512661,54397058789.00,United States,1997,Engineering & Construction,Industrials,/market-activity/stocks/fix,NYSE
FLC,Flaherty & Crumrine Total Return Fund Inc Common Stock,$16.53,-0.06,-0.362%,20213,0.00,United States,2003,Trusts Except Educational Religious and Charitable,Finance,/market-activity/stocks/flc,NYSE
FLG,Flagstar Bank N.A. Common Stock,$13.31,-0.14,-1.041%,2968411,5524885647.00,United States,,Banks,Finance,/market-activity/stocks/flg,NYSE
FLG^A,Flagstar Bank N.A. Depositary shares each representing a 1/40th interest in a share of Fixed-to-Floating Rate Series A Noncumulative Perpetual Preferred Stock,$24.00,-0.08,-0.332%,98519,,United States,,,,/market-activity/stocks/flg^a,NYSE
FLG^U,Flagstar Bank N.A. Bifurcated Option Note Unit SecuritiES,$40.80,-0.20,-0.488%,6516,,United States,,,,/market-activity/stocks/flg^u,NYSE
FLNG,FLEX LNG Ltd. Ordinary Shares,$31.66,0.18,0.572%,639280,1712564624.00,,2019,Marine Transportation,Consumer Discretionary,/market-activity/stocks/flng,NYSE
FLO,Flowers Foods Inc. Common Stock,$6.92,-0.18,-2.535%,9905047,1467437333.00,United States,,Packaged Foods,Consumer Staples,/market-activity/stocks/flo,NYSE
FLOC,Flowco Holdings Inc. Class A Common Stock,$21.94,0.78,3.686%,767912,1982349822.00,United States,2025,Oil and Gas Field Machinery,Consumer Discretionary,/market-activity/stocks/floc,NYSE
FLR,Fluor Corporation Common Stock,$54.51,1.24,2.328%,2148404,7290225562.00,United States,,Military/Government/Technical,Industrials,/market-activity/stocks/flr,NYSE
FLS,Flowserve Corporation Common Stock,$79.09,-1.24,-1.544%,1726768,10053349770.00,United States,,Fluid Controls,Industrials,/market-activity/stocks/fls,NYSE
FLUT,Flutter Entertainment plc Ordinary Shares,$100.18,-1.60,-1.572%,5963199,17549644001.00,Ireland,2024,Computer Software: Programming Data Processing,Technology,/market-activity/stocks/flut,NYSE
FMC,FMC Corporation Common Stock,$11.53,0.20,1.765%,3735703,1443865454.00,United States,,Major Chemicals,Industrials,/market-activity/stocks/fmc,NYSE
FMN,Federated Hermes Premier Municipal Income Fund,$11.11,0.03,0.271%,29568,958291384.00,United States,2002,Investment Managers,Finance,/market-activity/stocks/fmn,NYSE
FMS,Fresenius Medical Care AG American Depositary Shares (Each representing 1/2 of an Ordinary Share),$22.74,-0.36,-1.558%,601266,12702058490.00,Germany,,Misc Health and Biotechnology Services,Health Care,/market-activity/stocks/fms,NYSE
FMX,Fomento Economico Mexicano S.A.B. de C.V. Common Stock,$120.41,0.29,0.241%,399507,41021455562.00,Mexico,,Beverages (Production/Distribution),Consumer Staples,/market-activity/stocks/fmx,NYSE
FMY,First Trust Mortgage Income Fund Common Shares of Beneficial Interest,$11.68,0.0455,0.391%,4821,0.00,United States,2005,Finance/Investors Services,Finance,/market-activity/stocks/fmy,NYSE
FN,Fabrinet Ordinary Shares,$412.93,-1.43,-0.345%,1001007,14797290392.00,Cayman Islands,2010,Telecommunications Equipment,Utilities,/market-activity/stocks/fn,NYSE
FNB,F.N.B. Corporation Common Stock,$18.23,-0.18,-0.978%,3249367,6435207720.00,United States,,Major Banks,Finance,/market-activity/stocks/fnb,NYSE
FND,Floor & Decor Holdings Inc. Common Stock,$50.27,-2.73,-5.151%,2150428,5353250541.00,United States,2017,RETAIL: Building Materials,Consumer Discretionary,/market-activity/stocks/fnd,NYSE
FNF,Fidelity National Financial Inc. Common Stock,$46.45,-1.10,-2.313%,2038598,12457556814.00,United States,2014,Specialty Insurers,Finance,/market-activity/stocks/fnf,NYSE
FNV,Franco-Nevada Corporation,$263.15,-3.01,-1.131%,704146,50754743102.00,Canada,,Precious Metals,Basic Materials,/market-activity/stocks/fnv,NYSE
FOA,Finance of America Companies Inc. Class A Common Stock,$17.75,-0.28,-1.553%,60121,307197298.00,United States,2021,Finance: Consumer Services,Finance,/market-activity/stocks/foa,NYSE
FOF,Cohen & Steers Closed-End Opportunity Fund Inc. Common Stock,$13.61,0.08,0.591%,54205,668776727.00,United States,2006,Investment Managers,Finance,/market-activity/stocks/fof,NYSE
FOIL,Londian Wason New Energy Tech Inc. American Depositary Shares each representing five Ordinary Shares,$22.05,0.04,0.182%,37587,1723393536.00,,2026,Industrial Specialties,Industrials,/market-activity/stocks/foil,NYSE
FOR,Forestar Group Inc Common Stock ,$28.27,-0.36,-1.257%,111283,1442268315.00,United States,2017,Real Estate,Finance,/market-activity/stocks/for,NYSE
FOUR,Shift4 Payments Inc. Class A Common Stock,$42.28,-1.68,-3.822%,2078739,3338433874.00,United States,2020,Business Services,Consumer Discretionary,/market-activity/stocks/four,NYSE
FOUR^A,Shift4 Payments Inc. 6.00% Series A Mandatory Convertible Preferred Stock,$56.26,-1.38,-2.394%,46028,,United States,,,,/market-activity/stocks/four^a,NYSE
FPF,First Trust Intermediate Duration Preferred & Income Fund Common Shares of Beneficial Interest,$17.86,0.06,0.337%,105564,0.00,United States,2013,Trusts Except Educational Religious and Charitable,Finance,/market-activity/stocks/fpf,NYSE
FPH,Five Point Holdings LLC Class A Common Shares,$5.08,-0.03,-0.587%,129523,751228693.00,United States,2017,Real Estate,Finance,/market-activity/stocks/fph,NYSE
FPI,Farmland Partners Inc. Common Stock,$10.29,0.04,0.39%,933246,448960129.00,United States,2014,Real Estate Investment Trusts,Real Estate,/market-activity/stocks/fpi,NYSE
FPS,Forgent Power Solutions Inc. Class A Common Stock,$30.54,0.14,0.461%,4979562,9297258270.00,United States,2026,Industrial Machinery/Components,Energy,/market-activity/stocks/fps,NYSE
FR,First Industrial Realty Trust Inc. Common Stock,$61.88,-0.06,-0.097%,685441,8203613898.00,United States,1994,Real Estate Investment Trusts,Real Estate,/market-activity/stocks/fr,NYSE
FRA,Blackrock Floating Rate Income Strategies Fund Inc  Common Stock,$11.15,0.08,0.723%,275902,1658701552.00,United States,2003,Investment Bankers/Brokers/Service,Finance,/market-activity/stocks/fra,NYSE
FRO,Frontline Plc Ordinary Shares,$43.78,-0.41,-0.928%,2580023,9746430080.00,Bermuda,,Marine Transportation,Consumer Discretionary,/market-activity/stocks/fro,NYSE
FRT,Federal Realty Investment Trust Common Stock,$116.03,-0.72,-0.617%,680519,10081746102.00,United States,,Real Estate Investment Trusts,Real Estate,/market-activity/stocks/frt,NYSE
FRT^C,Federal Realty Investment Trust Depositary Shares each representing a 1/1000th interest in a 5.000% Series C Cumulative Redeemable Preferred Share,$19.27,0.01,0.052%,8412,,United States,,,,/market-activity/stocks/frt^c,NYSE
FSCO,FS Credit Opportunities Corp. Common Stock,$5.18,0.00,0.00%,1331033,1027483562.00,United States,2022,Trusts Except Educational Religious and Charitable,Finance,/market-activity/stocks/fsco,NYSE
FSK,FS KKR Capital Corp. Common Stock,$12.41,0.15,1.223%,1773714,3429382875.00,United States,2014,Investment Managers,Finance,/market-activity/stocks/fsk,NYSE
FSM,Fortuna Mining Corp. Common Shares,$12.08,-0.18,-1.468%,5282027,3679053235.00,Canada,,Precious Metals,Basic Materials,/market-activity/stocks/fsm,NYSE
FSS,Federal Signal Corporation Common Stock,$117.00,-1.13,-0.957%,333338,7141868487.00,United States,,Auto Manufacturing,Industrials,/market-activity/stocks/fss,NYSE
FSSL,FS Specialty Lending Fund Common Shares of Beneficial Interest,$11.79,0.08,0.683%,252412,0.00,United States,2025,Finance/Investors Services,Finance,/market-activity/stocks/fssl,NYSE
FT,Franklin Universal Trust Common Stock,$7.71,-0.02,-0.259%,67904,193766903.00,United States,,Trusts Except Educational Religious and Charitable,Finance,/market-activity/stocks/ft,NYSE
FTHY,First Trust High Yield Opportunities 2027 Term Fund Common Stock,$13.39,0.01,0.075%,94187,492390323.00,United States,2020,Investment Managers,Finance,/market-activity/stocks/fthy,NYSE
FTI,TechnipFMC plc Ordinary Share,$78.15,2.31,3.046%,3356613,30647646922.00,,,Oil and Gas Field Machinery,Consumer Discretionary,/market-activity/stocks/fti,NYSE
FTK,Flotek Industries Inc. Common Stock,$23.72,-0.21,-0.878%,297770,859148576.00,United States,,Major Chemicals,Industrials,/market-activity/stocks/ftk,NYSE
FTRA,FutureCorp Space Acquisition 1 Class A Ordinary Shares,$9.88,0.00,0.00%,322,0.00,,2026,,,/market-activity/stocks/ftra,NYSE
FTS,Fortis Inc. Common Shares,$55.18,0.52,0.951%,1068996,28191462000.00,United States,2016,Electric Utilities: Central,Utilities,/market-activity/stocks/fts,NYSE
FTV,Fortive Corporation Common Stock ,$58.84,-0.85,-1.424%,3015137,17770683340.00,United States,2016,Industrial Machinery/Components,Industrials,/market-activity/stocks/ftv,NYSE
FTW,Presidio Production Company Class A Common Stock,$10.88,-0.40,-3.546%,77602,340824867.00,,,Oil & Gas Production,Energy,/market-activity/stocks/ftw,NYSE
FUBO,FuboTV Inc. Class A Common Stock,$10.53,0.23,2.233%,886879,1149842251.00,United States,2020,Movies/Entertainment,Consumer Discretionary,/market-activity/stocks/fubo,NYSE
FUL,H. B. Fuller Company Common Stock,$54.95,-1.40,-2.484%,515039,2955618234.00,United States,,Home Furnishings,Industrials,/market-activity/stocks/ful,NYSE
FUN,Six Flags Entertainment Corporation Common Stock New,$15.05,-1.17,-7.213%,2451524,1539860496.00,United States,,Services-Misc. Amusement & Recreation,Consumer Discretionary,/market-activity/stocks/fun,NYSE
FVR,FrontView REIT Inc. Common Stock,$19.30,-0.15,-0.771%,134128,471999893.00,United States,2024,Real Estate Investment Trusts,Real Estate,/market-activity/stocks/fvr,NYSE
FVRR,Fiverr International Ltd. Ordinary Shares no par value,$9.48,0.01,0.106%,338477,340812901.00,,2019,Business Services,Consumer Discretionary,/market-activity/stocks/fvrr,NYSE
G,Genpact Limited Common Stock,$37.98,-0.04,-0.105%,2637903,6381946778.00,Bermuda,2007,Professional Services,Consumer Discretionary,/market-activity/stocks/g,NYSE
GAB,Gabelli Equity Trust Inc. (The) Common Stock,$5.67,0.01,0.177%,611629,1665943598.00,United States,1986,Investment Managers,Finance,/market-activity/stocks/gab,NYSE
GAB^G,Gabelli Equity Trust Inc. (The) Series G Cumulative Preferred Stock,$19.18,0.00,0.00%,11156,,United States,,,,/market-activity/stocks/gab^g,NYSE
GAB^H,Gabelli Equity Trust Inc. (The) Pfd Ser H,$19.15,0.01,0.052%,14120,,United States,,,,/market-activity/stocks/gab^h,NYSE
GAB^K,Gabelli Equity Trust Inc. (The) 5.00% Series K Cumulative Preferred Stock,$19.24,-0.11,-0.568%,12655,,United States,,,,/market-activity/stocks/gab^k,NYSE
GAM,General American Investors Inc. Common Stock,$66.63,-0.53,-0.789%,15778,1597494894.00,United States,,Investment Managers,Finance,/market-activity/stocks/gam,NYSE
GAM^B,General American Investors Company Inc. Cumulative Preferred Stock,$24.75,0.02,0.081%,7291,,United States,,,,/market-activity/stocks/gam^b,NYSE
GAP,Gap Inc. (The) Common Stock,$22.31,-1.17,-4.983%,13584513,8031129995.00,United States,,Clothing/Shoe/Accessory Stores,Consumer Discretionary,/market-activity/stocks/gap,NYSE
GATX,GATX Corporation Common Stock,$174.93,-2.67,-1.503%,165815,6175029000.00,United States,,Transportation Services,Consumer Discretionary,/market-activity/stocks/gatx,NYSE
GBAB,Guggenheim Taxable Municipal Bond & Investment Grade Debt Trust Common Shares of Beneficial Interest,$13.68,-0.12,-0.87%,89119,306389660.00,United States,2010,Investment Managers,Finance,/market-activity/stocks/gbab,NYSE
GBCI,Glacier Bancorp Inc. Common Stock,$46.31,-0.57,-1.216%,1015590,6030115543.00,United States,,Major Banks,Finance,/market-activity/stocks/gbci,NYSE
GBTG,Global Business Travel Group Inc. Class A Common Stock,$9.46,-0.02,-0.211%,1398632,4941652771.00,United States,2020,Transportation Services,Consumer Discretionary,/market-activity/stocks/gbtg,NYSE
GBX,Greenbrier Companies Inc. (The) Common Stock,$45.07,-0.84,-1.83%,261786,1394451648.00,United States,1994,Railroads,Industrials,/market-activity/stocks/gbx,NYSE
GCO,Genesco Inc. Common Stock,$33.47,0.16,0.48%,328562,371750386.00,United States,,Clothing/Shoe/Accessory Stores,Consumer Discretionary,/market-activity/stocks/gco,NYSE
GCTS,GCT Semiconductor Holding Inc. Common Stock,$1.80,-0.06,-3.226%,1848856,165545507.00,United States,2021,Semiconductors,Technology,/market-activity/stocks/gcts,NYSE
GCV,Gabelli Convertible and Income Securities Fund Inc. (The) Common Stock,$4.56,-0.03,-0.654%,32072,86822532.00,United States,,Finance/Investors Services,Finance,/market-activity/stocks/gcv,NYSE
GD,General Dynamics Corporation Common Stock,$371.35,-7.97,-2.101%,1255801,100471414363.00,United States,,Marine Transportation,Industrials,/market-activity/stocks/gd,NYSE
GDDY,GoDaddy Inc. Class A Common Stock,$97.88,0.18,0.184%,1546447,12396277268.00,United States,2015,EDP Services,Technology,/market-activity/stocks/gddy,NYSE
GDL,GDL Fund The Common Shares of Beneficial Interest,$8.42,0.014,0.166%,6812,0.00,United States,2007,Investment Managers,Finance,/market-activity/stocks/gdl,NYSE
GDO,Western Asset Global Corporate Opportunity Fund Inc. Common Stock,$10.15,0.00,0.00%,36393,0.00,United States,2009,Finance Companies,Finance,/market-activity/stocks/gdo,NYSE
GDOT,Green Dot Corporation Class A Common Stock $0.001 par value,$13.29,-0.05,-0.375%,174657,757333029.00,United States,2010,Finance: Consumer Services,Finance,/market-activity/stocks/gdot,NYSE
GDV,Gabelli Dividend & Income Trust Common Shares of Beneficial Interest,$30.16,-0.14,-0.462%,91589,2720084889.00,United States,2003,Investment Managers,Finance,/market-activity/stocks/gdv,NYSE
GDV^H,The Gabelli Dividend & Income Trust 5.375% Series H Cumulative Preferred Shares,$20.98,0.14,0.672%,9099,,United States,,,,/market-activity/stocks/gdv^h,NYSE
GDV^K,The Gabelli Dividend & Income Trust 4.250% Series K Cumulative Preferred Shares,$16.98,0.0391,0.231%,32857,,United States,,,,/market-activity/stocks/gdv^k,NYSE
GE,GE Aerospace Common Stock,$335.71,-6.87,-2.005%,4476625,348320111239.00,United States,,Consumer Electronics/Appliances,Technology,/market-activity/stocks/ge,NYSE
GEF,Greif Inc. Class A Common Stock,$82.75,-1.33,-1.582%,362295,3820428563.00,United States,,,,/market-activity/stocks/gef,NYSE
GEL,Genesis Energy L.P. Common Units,$16.32,0.26,1.619%,147444,1993884919.00,United States,2001,Oil Refining/Marketing,Energy,/market-activity/stocks/gel,NYSE
GENI,Genius Sports Limited Ordinary Shares,$7.42,-0.60,-7.481%,4785401,1985792021.00,Guernsey,2021,Services-Misc. Amusement & Recreation,Consumer Discretionary,/market-activity/stocks/geni,NYSE
GEO,Geo Group Inc (The) REIT,$31.81,-0.47,-1.456%,2521762,4186818967.00,United States,,Homebuilding,Consumer Discretionary,/market-activity/stocks/geo,NYSE
GETY,Getty Images Holdings Inc. Class A Common Stock,$0.24,-0.0121,-4.741%,3027388,100840628.00,United States,2022,Business Services,Consumer Discretionary,/market-activity/stocks/gety,NYSE
GEV,GE Vernova Inc. Common Stock,$898.53,-13.40,-1.469%,3570372,239308712536.00,United States,2024,Consumer Electronics/Appliances,Technology,/market-activity/stocks/gev,NYSE
GF,New Germany Fund Inc. (The) Common Stock,$11.63,-0.129,-1.097%,8078,0.00,United States,1990,Investment Managers,Finance,/market-activity/stocks/gf,NYSE
GFF,Griffon Corporation Common Stock,$97.39,-1.59,-1.606%,282614,4411252391.00,United States,,Building Products,Industrials,/market-activity/stocks/gff,NYSE
GFI,Gold Fields Limited American Depositary Shares,$46.37,0.41,0.892%,4666157,41502274333.00,South Africa,,Precious Metals,Basic Materials,/market-activity/stocks/gfi,NYSE
GFL,GFL Environmental Inc. Subordinate voting shares no par value,$42.29,-0.54,-1.261%,2681701,15814516901.00,Canada,2020,Environmental Services,Utilities,/market-activity/stocks/gfl,NYSE
GFR,Greenfire Resources Ltd. Common Shares,$6.16,0.10,1.65%,883822,772639739.00,Canada,,Oil & Gas Production,Energy,/market-activity/stocks/gfr,NYSE
GGB,Gerdau S.A. Common Stock,$4.61,0.02,0.436%,9415010,9118663206.00,Brazil,,Steel/Iron Ore,Industrials,/market-activity/stocks/ggb,NYSE
GGG,Graco Inc. Common Stock,$77.43,-1.86,-2.346%,19490550,12540084592.00,United States,,Fluid Controls,Industrials,/market-activity/stocks/ggg,NYSE
GGT,Gabelli Multi-Media Trust Inc. (The) Common Stock,$4.06,-0.01,-0.246%,458021,111795149.00,United States,,Trusts Except Educational Religious and Charitable,Finance,/market-activity/stocks/ggt,NYSE
GGT^E,Gabelli Multi-Media Trust Inc. (The) 5.125% Series E Cumulative Preferred Stock,$20.00,0.00,0.00%,58,,United States,,,,/market-activity/stocks/ggt^e,NYSE
GGT^G,Gabelli Multi-Media Trust Inc. (The) 5.125% Series G Cumulative Preferred Shares,$19.97,0.01,0.05%,269,,United States,,,,/market-activity/stocks/ggt^g,NYSE
GGZ,Gabelli Global Small and Mid Cap Value Trust (The) Common Shares of Beneficial Interest,$16.42,-0.0249,-0.151%,12886,145677698.00,,2014,Investment Managers,Finance,/market-activity/stocks/ggz,NYSE
GHC,Graham Holdings Company Common Stock,$1128.89,-32.24,-2.777%,37047,4780767870.00,United States,,Other Consumer Services,Real Estate,/market-activity/stocks/ghc,NYSE
GHG,GreenTree Hospitality Group Ltd. American depositary shares each representing one Class A ordinary share,$1.07,0.00,0.00%,2524,107960138.00,,2018,Hotels/Resorts,Consumer Discretionary,/market-activity/stocks/ghg,NYSE
GHI,Greystone Housing Impact Investors LP Beneficial Unit Certificates representing assignments of limited partnership interests,$6.19,-0.13,-2.057%,69519,145851937.00,United States,2022,Finance: Consumer Services,Finance,/market-activity/stocks/ghi,NYSE
GHM,Graham Corporation Common Stock,$87.21,1.13,1.313%,241654,1023586648.00,United States,1978,Industrial Machinery/Components,Industrials,/market-activity/stocks/ghm,NYSE
GHY,PGIM Global High Yield Fund Inc.,$11.60,-0.01,-0.086%,171209,0.00,United States,2012,Trusts Except Educational Religious and Charitable,Finance,/market-activity/stocks/ghy,NYSE
GIB,CGI Inc. Common Stock,$75.25,0.48,0.642%,413631,17449600670.00,Canada,,Professional Services,Consumer Discretionary,/market-activity/stocks/gib,NYSE
GIC,Global Industrial Company Common Stock,$39.10,-0.50,-1.263%,145415,1490036133.00,United States,,Industrial Machinery/Components,Industrials,/market-activity/stocks/gic,NYSE
GIL,Gildan Activewear Inc. Class A Sub. Vot. Common Stock,$52.13,-0.99,-1.864%,929756,9654051036.00,Canada,2000,Apparel,Consumer Discretionary,/market-activity/stocks/gil,NYSE
GIS,General Mills Inc. Common Stock,$41.20,-0.35,-0.842%,10666355,22026734246.00,United States,,Packaged Foods,Consumer Staples,/market-activity/stocks/gis,NYSE
GJH,Synthetic Fixed-Income Securities Inc 6.375% (STRATS) Cl A-1,$9.48,0.03,0.317%,1056,0.00,United States,,Finance: Consumer Services,Finance,/market-activity/stocks/gjh,NYSE
GJO,Synthetic Fixed-Income Securities Inc. on behalf of STRATS(SM) Trust for Wal-Mart Stores Inc. Securities Series 2004-5,$24.67,0.07,0.285%,800,0.00,United States,,Finance: Consumer Services,Finance,/market-activity/stocks/gjo,NYSE
GJP,Synthetic Fixed-Income Securities Inc. on behalf of STRATS (SM) Trust for Dominion Resources Inc. Securities Series 2005-6 Floating Rate Structured Repackaged Asset-Backed Trust Securities (STRATS) Certificates,$24.71,-0.04,-0.162%,4469,0.00,United States,,Finance: Consumer Services,Finance,/market-activity/stocks/gjp,NYSE
GJR,Synthetic Fixed-Income Securities Inc. STRATS Trust for Procter&Gamble Securities Series 2006-1,$24.72,0.00,0.00%,5,0.00,United States,,Finance: Consumer Services,Finance,/market-activity/stocks/gjr,NYSE
GJS,Goldman Sachs Group Securities STRATS Trust for Goldman Sachs Group Securities Series 2006-2,$23.31,-0.1899,-0.808%,2566,7273629859.00,United States,,Finance: Consumer Services,Finance,/market-activity/stocks/gjs,NYSE
GJT,Synthetic Fixed-Income Securities Inc. Floating Rate Structured Repackaged Asset-Backed Trust Securities Certificates Series 2006-3,$23.22,0.00,0.00%,375,0.00,United States,,Finance: Consumer Services,Finance,/market-activity/stocks/gjt,NYSE
GKOS,Glaukos Corporation Common Stock,$179.56,-0.31,-0.172%,455570,10591155728.00,United States,2015,Medical/Dental Instruments,Health Care,/market-activity/stocks/gkos,NYSE
GL,Globe Life Inc. Common Stock,$172.67,-0.12,-0.069%,590734,13269594013.00,United States,,Life Insurance,Finance,/market-activity/stocks/gl,NYSE
GL^D,Globe Life Inc. 4.25% Junior Subordinated Debentures due 2061,$15.16,-0.06,-0.394%,17629,,United States,,,,/market-activity/stocks/gl^d,NYSE
GLAS,Glass House Brands Inc. Subordinate Voting Shares,$8.93,-0.95,-9.615%,1395112,785821997.00,,, Medicinal Chemicals and Botanical Products ,Health Care,/market-activity/stocks/glas,NYSE
GLED,GalaxyEdge Acquisition Corporation Ordinary Shares,$10.01,-0.015,-0.15%,3579,0.00,,2026,Blank Checks,Finance,/market-activity/stocks/gled,NYSE
GLOB,Globant S.A. Common Shares,$40.71,0.19,0.469%,1225456,1757839725.00,United States,2014,EDP Services,Technology,/market-activity/stocks/glob,NYSE
GLOP^A,GasLog Partners LP 8.625% Series A Cumulative Redeemable Perpetual Fixed to Floating Rate Preference Units,$25.62,0.02,0.078%,4228,,Greece,,,,/market-activity/stocks/glop^a,NYSE
GLOP^B,GasLog Partners LP 8.200% Series B Cumulative Redeemable Perpetual Fixed to Floating Rate Preference Units,$25.85,-0.198,-0.76%,808,,Greece,,,,/market-activity/stocks/glop^b,NYSE
GLOP^C,GasLog Partners LP 8.500% Series C Cumulative Redeemable Perpetual Fixed to Floating Rate Preference Units,$25.80,0.01,0.039%,1986,,Greece,,,,/market-activity/stocks/glop^c,NYSE
GLP,Global Partners LP Common Units representing Limited Partner Interests,$51.35,0.85,1.683%,44500,1745672160.00,United States,2005,Oil Refining/Marketing,Energy,/market-activity/stocks/glp,NYSE
GLW,Corning Incorporated Common Stock,$148.73,-0.25,-0.168%,9540794,128114286470.00,United States,,Telecommunications Equipment,Industrials,/market-activity/stocks/glw,NYSE
GM,General Motors Company Common Stock,$86.32,0.05,0.058%,8256309,75741617019.00,United States,2010,Auto Manufacturing,Industrials,/market-activity/stocks/gm,NYSE
GME,GameStop Corporation Common Stock,$18.38,0.51,2.854%,10910792,8246945304.00,United States,2002,Electronics Distribution,Consumer Discretionary,/market-activity/stocks/gme,NYSE
GMED,Globus Medical Inc. Class A Common Stock,$81.37,-1.60,-1.928%,1025309,10924891942.00,United States,2012,Medical/Dental Instruments,Health Care,/market-activity/stocks/gmed,NYSE
GMRS,GMR Solutions Inc. Class A Common Stock,$12.15,-0.45,-3.571%,458585,656363789.00,,2026,Transportation Services,Consumer Discretionary,/market-activity/stocks/gmrs,NYSE
GNE,Genie Energy Ltd. Class B Common Stock Stock,$14.84,-0.02,-0.135%,76151,390583205.00,United States,2011,Power Generation,Utilities,/market-activity/stocks/gne,NYSE
GNK,Genco Shipping & Trading Limited Ordinary Shares New (Marshall Islands),$26.23,0.35,1.352%,413436,1143276649.00,United States,,Marine Transportation,Consumer Discretionary,/market-activity/stocks/gnk,NYSE
GNL,Global Net Lease Inc. Common Stock,$9.18,0.02,0.218%,2745763,2123497927.00,United States,2015,Real Estate Investment Trusts,Real Estate,/market-activity/stocks/gnl,NYSE
GNL^A,Global Net Lease Inc. 7.25% Series A Cumulative Redeemable Preferred Stock $0.01 par value per share,$23.09,-0.0884,-0.381%,8361,,United States,,,,/market-activity/stocks/gnl^a,NYSE
GNL^B,Global Net Lease Inc. 6.875% Series B Cumulative Redeemable Perpetual Preferred Stock,$22.24,0.06,0.271%,30954,,United States,,,,/market-activity/stocks/gnl^b,NYSE
GNL^D,Global Net Lease Inc. 7.50% Series D Cumulative Redeemable Perpetual Preferred Stock,$23.67,-0.02,-0.084%,5631,,United States,,,,/market-activity/stocks/gnl^d,NYSE
GNL^E,Global Net Lease Inc. 7.375% Series E Cumulative Redeemable Perpetual Preferred Stock,$23.32,-0.03,-0.128%,27338,,United States,,,,/market-activity/stocks/gnl^e,NYSE
GNRC,Generac Holdlings Inc. Common Stock,$185.38,1.58,0.86%,1073643,10938599202.00,United States,2010,Metal Fabrications,Consumer Discretionary,/market-activity/stocks/gnrc,NYSE
GNT,GAMCO Natural Resources Gold & Income Trust,$9.23,0.04,0.435%,43423,170528302.00,United States,2011,Finance/Investors Services,Finance,/market-activity/stocks/gnt,NYSE
GNT^A,GAMCO Natural Resources Gold & Income Tust  5.20% Series A Cumulative Preferred Shares (Liquidation Preference $25.00 per share),$19.87,0.295,1.507%,309,,United States,,,,/market-activity/stocks/gnt^a,NYSE
GNW,Genworth Financial Inc Common Stock,$9.94,-0.04,-0.401%,3220386,3755839308.00,United States,2004,Life Insurance,Finance,/market-activity/stocks/gnw,NYSE
GOF,Guggenheim Strategic Opportunities Fund Common Shares of Beneficial Interest,$9.35,-0.26,-2.706%,5084277,0.00,United States,,Finance/Investors Services,Finance,/market-activity/stocks/gof,NYSE
GOLD,Gold.com Inc. Common Stock,$44.97,-0.58,-1.273%,427431,1304326699.00,United States,,Other Specialty Stores,Industrials,/market-activity/stocks/gold,NYSE
GOLF,Acushnet Holdings Corp. Common Stock,$86.39,-0.52,-0.598%,337157,5045611751.00,United States,2016,Recreational Games/Products/Toys,Consumer Discretionary,/market-activity/stocks/golf,NYSE
GOOS,Canada Goose Holdings Inc. Subordinate Voting Shares,$8.24,0.00,0.00%,737390,804732408.00,,2017,Apparel,Consumer Discretionary,/market-activity/stocks/goos,NYSE
GOTU,Gaotu Techedu Inc. American Depositary Shares,$1.91,0.03,1.596%,318473,455423918.00,China,2019,Other Consumer Services,Real Estate,/market-activity/stocks/gotu,NYSE
GPC,Genuine Parts Company Common Stock,$135.67,-1.84,-1.338%,1245580,18703433368.00,United States,,Automotive Aftermarket,Consumer Discretionary,/market-activity/stocks/gpc,NYSE
GPGI,GPGI Inc. Class A Common Stock,$13.22,-0.03,-0.226%,2662839,3832346884.00,United States,,Finance: Consumer Services,Finance,/market-activity/stocks/gpgi,NYSE
GPI,Group 1 Automotive Inc. Common Stock,$269.54,5.59,2.118%,195818,3213516527.00,United States,1997,Retail-Auto Dealers and Gas Stations,Consumer Discretionary,/market-activity/stocks/gpi,NYSE
GPJA,Georgia Power Company Series 2017A 5.00% Junior Subordinated Notes due October 1 2077,$20.48,0.08,0.392%,29339,189675520.00,United States,2017,Electric Utilities: Central,Utilities,/market-activity/stocks/gpja,NYSE
GPK,Graphic Packaging Holding Company,$11.20,-0.36,-3.114%,4878123,3316001618.00,United States,,Containers/Packaging,Consumer Discretionary,/market-activity/stocks/gpk,NYSE
GPMT,Granite Point Mortgage Trust Inc. Common Stock,$1.06,-0.02,-1.852%,210888,51090056.00,United States,2017,Real Estate Investment Trusts,Real Estate,/market-activity/stocks/gpmt,NYSE
GPMT^A,Granite Point Mortgage Trust Inc. 7.00% Series A Fixed-to-Floating Rate Cumulative Redeemable Preferred Stock,$16.61,-0.14,-0.836%,4039,,United States,,,,/market-activity/stocks/gpmt^a,NYSE
GPN,Global Payments Inc. Common Stock,$91.05,-0.77,-0.839%,3341559,24093504410.00,United States,,Business Services,Consumer Discretionary,/market-activity/stocks/gpn,NYSE
GPOR,Gulfport Energy Corporation Common Shares,$179.45,3.08,1.746%,243042,3173369754.00,United States,2021,Oil & Gas Production,Energy,/market-activity/stocks/gpor,NYSE
GPRK,Geopark Ltd Common Shares,$11.00,1.17,11.902%,2051154,713853283.00,Bermuda,2014,Oil & Gas Production,Energy,/market-activity/stocks/gprk,NYSE
GRBK,Green Brick Partners Inc. Common Stock,$72.22,-1.09,-1.487%,646356,3106232465.00,United States,2021,Homebuilding,Consumer Discretionary,/market-activity/stocks/grbk,NYSE
GRBK^A,Green Brick Partners Inc. Depositary Shares (each representing a 1/1000th fractional interest in a share of 5.75% Series A Cumulative Perpetual Preferred Stock),$22.91,0.09,0.394%,2291,,United States,,,,/market-activity/stocks/grbk^a,NYSE
GRC,Gorman-Rupp Company (The) Common Stock,$75.40,-0.82,-1.076%,142210,1991332322.00,United States,1971,Fluid Controls,Industrials,/market-activity/stocks/grc,NYSE
GRDN,Guardian Pharmacy Services Inc. Class A Common Stock,$37.09,0.03,0.081%,298953,2349366055.00,United States,2024,Retail-Drug Stores and Proprietary Stores,Consumer Staples,/market-activity/stocks/grdn,NYSE
GRMN,Garmin Ltd. Common Stock (Switzerland),$284.11,-1.08,-0.379%,1323925,54791334003.00,Switzerland,2000,Industrial Machinery/Components,Industrials,/market-activity/stocks/grmn,NYSE
GRND,Grindr Inc. Common Stock,$15.48,-0.11,-0.706%,1421131,2690743306.00,Singapore,2021,Computer Software: Programming Data Processing,Technology,/market-activity/stocks/grnd,NYSE
GRNT,Granite Ridge Resources Inc. Common Stock,$5.03,-0.03,-0.593%,1100821,663458217.00,United States,2022,Oil & Gas Production,Energy,/market-activity/stocks/grnt,NYSE
GROV,Grove Collaborative Holdings Inc. Class A Common Stock,$0.98,-0.0208,-2.082%,17868,41765893.00,,2021,Catalog/Specialty Distribution,Consumer Discretionary,/market-activity/stocks/grov,NYSE
GRX,The Gabelli Healthcare & Wellness Trust Common Shares of Beneficial Interest,$10.01,-0.05,-0.497%,25190,171100660.00,United States,,Finance/Investors Services,Finance,/market-activity/stocks/grx,NYSE
GS,Goldman Sachs Group Inc. (The) Common Stock,$1025.90,-8.09,-0.782%,1359767,298712747467.00,United States,1999,Investment Bankers/Brokers/Service,Finance,/market-activity/stocks/gs,NYSE
GS^A,Goldman Sachs Group Inc. (The) Depositary Shares each representing 1/1000th Interest in a Share of Floating Rate Non-Cumulative Preferred Stock Series A,$19.05,-0.06,-0.314%,59994,,United States,,,,/market-activity/stocks/gs^a,NYSE
GS^C,Goldman Sachs Group Inc. (The) Depositary Share repstg 1/1000th Preferred Series C,$19.12,-0.02,-0.104%,17963,,United States,,,,/market-activity/stocks/gs^c,NYSE
GS^D,Goldman Sachs Group Inc. (The) Dep Shs repstg 1/1000 Pfd Ser D Fltg,$18.70,-0.03,-0.16%,297519,,United States,,,,/market-activity/stocks/gs^d,NYSE
GSBD,Goldman Sachs BDC Inc. Common Stock,$10.23,0.10,0.987%,842381,1151581555.00,United States,2015,Investment Managers,Finance,/market-activity/stocks/gsbd,NYSE
GSK,GSK plc American Depositary Shares (Each representing two Ordinary Shares),$50.25,-0.57,-1.122%,2394025,101762684714.00,United Kingdom,2022,Biotechnology: Pharmaceutical Preparations,Health Care,/market-activity/stocks/gsk,NYSE
GSL,Global Ship Lease Inc New Class A Common Shares,$44.55,0.03,0.067%,283019,1600157770.00,United Kingdom,,Marine Transportation,Consumer Discretionary,/market-activity/stocks/gsl,NYSE
GSL^B,Global Ship Lease Inc. Depository Shares Representing 1/100th Perpetual Preferred Series B% (Marshall Island),$26.80,0.1287,0.483%,19200,,United Kingdom,,,,/market-activity/stocks/gsl^b,NYSE
GTES,Gates Industrial Corporation Ltd. Common Shares,$25.58,-0.29,-1.121%,1894413,6475606929.00,United Kingdom,2018,Industrial Machinery/Components,Industrials,/market-activity/stocks/gtes,NYSE
GTN,Gray Media Inc. Common Stock,$4.88,0.05,1.035%,1320985,502563789.00,United States,,Broadcasting,Industrials,/market-activity/stocks/gtn,NYSE
GTY,Getty Realty Corporation Common Stock,$32.42,-0.45,-1.369%,485083,2007858102.00,United States,,Real Estate,Finance,/market-activity/stocks/gty,NYSE
GUG,Guggenheim Active Allocation Fund Common Shares of Beneficial Interest,$15.08,-0.13,-0.855%,77624,0.00,United States,2021,Trusts Except Educational Religious and Charitable,Finance,/market-activity/stocks/gug,NYSE
GUT,Gabelli Utility Trust (The) Common Stock,$6.41,0.02,0.313%,53496,470487776.00,United States,,Trusts Except Educational Religious and Charitable,Finance,/market-activity/stocks/gut,NYSE
GUT^C,Gabelli Utility Trust (The) 5.375% Series C Cumulative Preferred Shares,$20.73,0.075,0.363%,4339,,United States,,,,/market-activity/stocks/gut^c,NYSE
GVA,Granite Construction Incorporated Common Stock,$120.56,-1.96,-1.60%,488579,5276249326.00,United States,,Military/Government/Technical,Industrials,/market-activity/stocks/gva,NYSE
GWH,ESS Tech Inc. Common Stock,$0.35,-0.0004,-0.114%,1446306,18693263.00,United States,,Industrial Machinery/Components,Miscellaneous,/market-activity/stocks/gwh,NYSE
GWRE,Guidewire Software Inc. Common Stock,$204.75,-1.10,-0.534%,1338522,17046740529.00,United States,2012,Computer Software: Prepackaged Software,Technology,/market-activity/stocks/gwre,NYSE
GWW,W.W. Grainger Inc. Common Stock,$1309.49,3.19,0.244%,426952,61678212540.00,United States,,Office Equipment/Supplies/Services,Industrials,/market-activity/stocks/gww,NYSE
GXO,GXO Logistics Inc. Common Stock ,$47.73,0.13,0.273%,1039430,5473894956.00,United States,2021,Transportation Services,Consumer Discretionary,/market-activity/stocks/gxo,NYSE
H,Hyatt Hotels Corporation Class A Common Stock,$166.97,-5.28,-3.065%,844299,15734707810.00,United States,2009,Hotels/Resorts,Consumer Discretionary,/market-activity/stocks/h,NYSE
HAE,Haemonetics Corporation Common Stock,$103.07,-0.89,-0.856%,494691,4689381047.00,United States,1991,Medical/Dental Instruments,Health Care,/market-activity/stocks/hae,NYSE
HAFN,Hafnia Limited Common Shares,$8.44,-0.03,-0.354%,2020987,4218154214.00,,2024,Transportation Services,Consumer Discretionary,/market-activity/stocks/hafn,NYSE
HAL,Halliburton Company Common Stock,$36.85,0.67,1.852%,17779435,30700854024.00,United States,,Oilfield Services/Equipment,Energy,/market-activity/stocks/hal,NYSE
HASI,HA Sustainable Infrastructure Capital Inc. Common Stock,$39.55,-0.45,-1.125%,641055,5082008495.00,United States,2013,Finance/Investors Services,Finance,/market-activity/stocks/hasi,NYSE
HAWK,HawkEye 360 Inc. Common Stock,$18.96,-0.42,-2.167%,1264768,1857426866.00,United States,2026,EDP Services,Technology,/market-activity/stocks/hawk,NYSE
HAYW,Hayward Holdings Inc. Common Stock,$14.05,-0.10,-0.707%,1990718,2980280127.00,United States,2021,Industrial Machinery/Components,Industrials,/market-activity/stocks/hayw,NYSE
HBB,Hamilton Beach Brands Holding Company Class A Common Stock ,$31.41,-0.04,-0.127%,141256,422223648.00,United States,2017,Home Furnishings,Consumer Discretionary,/market-activity/stocks/hbb,NYSE
HBM,Hudbay Minerals Inc. Ordinary Shares (Canada),$28.66,-0.63,-2.151%,2629667,12729188822.00,Canada,,Metal Mining,Basic Materials,/market-activity/stocks/hbm,NYSE
HCA,HCA Healthcare Inc. Common Stock,$414.45,-3.37,-0.807%,1306124,89729046675.00,United States,2011,Hospital/Nursing Management,Health Care,/market-activity/stocks/hca,NYSE
HCC,Warrior Met Coal Inc. Common Stock,$108.24,1.17,1.093%,612897,5715297897.00,United States,2017,Coal Mining,Energy,/market-activity/stocks/hcc,NYSE
HCI,HCI Group Inc. Common Stock,$185.73,-0.56,-0.301%,73602,2310270768.00,United States,,Property-Casualty Insurers,Finance,/market-activity/stocks/hci,NYSE
HCXY,Hercules Capital Inc. 6.25% Notes due 2033,$24.95,-0.04,-0.16%,5435,4532808291.00,United States,2018,Investment Managers,Finance,/market-activity/stocks/hcxy,NYSE
HD,Home Depot Inc. (The) Common Stock,$327.83,-2.36,-0.715%,3858396,327072590092.00,United States,,RETAIL: Building Materials,Consumer Discretionary,/market-activity/stocks/hd,NYSE
HDB,HDFC Bank Limited Common Stock,$22.70,-0.38,-1.646%,11393168,116476487015.00,India,2001,Commercial Banks,Finance,/market-activity/stocks/hdb,NYSE
HE,Hawaiian Electric Industries Inc. Common Stock,$11.22,-0.18,-1.579%,2691909,1938008205.00,United States,,Electric Utilities: Central,Utilities,/market-activity/stocks/he,NYSE
HEI,Heico Corporation Common Stock,$331.15,-5.38,-1.599%,636219,46280664666.00,United States,2000,Aerospace,Industrials,/market-activity/stocks/hei,NYSE
HEI/A,Heico Corporation,$244.17,-5.89,-2.355%,331881,,United States,,,,/market-activity/stocks/hei/a,NYSE
HEQ,John Hancock Diversified Income Fund Common Shares of Beneficial Interest,$11.75,-0.01,-0.085%,19663,0.00,United States,2011,Investment Managers,Finance,/market-activity/stocks/heq,NYSE
HESM,Hess Midstream LP Class A Representing Limited Partner Interests,$40.21,0.65,1.643%,1864952,5160988925.00,United States,2017,Oil & Gas Production,Energy,/market-activity/stocks/hesm,NYSE
HFRO,Highland Opportunities and Income Fund Common Shares of Beneficial Interest,$7.36,-0.03,-0.406%,148941,0.00,United States,2017,Finance/Investors Services,Finance,/market-activity/stocks/hfro,NYSE
HFRO^A,Highland Opportunities and Income Fund 5.375% Series A Cumulative Preferred Shares,$16.44,0.0751,0.459%,6114,,United States,,,,/market-activity/stocks/hfro^a,NYSE
HFRO^B,Highland Opportunities and Income Fund 5.375% Series B Cumulative Preferred Shares,$16.32,0.02,0.123%,5705,,United States,,,,/market-activity/stocks/hfro^b,NYSE
HG,Hamilton Insurance Group Ltd. Class B Common Shares,$35.16,-0.19,-0.537%,417659,2925689513.00,Bermuda,2023,Property-Casualty Insurers,Finance,/market-activity/stocks/hg,NYSE
HGLB,Highland Global Allocation Fund Common Stock,$7.50,-0.03,-0.398%,158901,0.00,,2019,Trusts Except Educational Religious and Charitable,Finance,/market-activity/stocks/hglb,NYSE
HGTY,Hagerty Inc. Class A Common Stock,$13.30,-0.12,-0.894%,162819,4570181631.00,United States,2021,Specialty Insurers,Finance,/market-activity/stocks/hgty,NYSE
HGV,Hilton Grand Vacations Inc. Common Stock ,$42.41,-1.40,-3.196%,969104,3296280989.00,United States,2016,Hotels/Resorts,Consumer Discretionary,/market-activity/stocks/hgv,NYSE
HHH,Howard Hughes Holdings Inc. Common Stock,$64.13,-0.67,-1.034%,457375,3829910039.00,United States,,Real Estate Investment Trusts,Real Estate,/market-activity/stocks/hhh,NYSE
HIG,The Hartford Insurance Group Inc. Common Stock,$137.38,-1.17,-0.844%,2039982,37212395635.00,United States,,Property-Casualty Insurers,Finance,/market-activity/stocks/hig,NYSE
HIG^G,The Hartford Insurance Group Inc. Depositary Shares each representing a 1/1000th interest in a share of 6.000% Non-Cumulative Preferred Stock Series G,$24.43,-0.10,-0.408%,32203,,United States,,,,/market-activity/stocks/hig^g,NYSE
HII,Huntington Ingalls Industries Inc. Common Stock,$291.20,-3.01,-1.023%,444934,11474618938.00,United States,,Marine Transportation,Industrials,/market-activity/stocks/hii,NYSE
HIMS,Hims & Hers Health Inc. Class A Common Stock,$29.58,0.74,2.566%,8286536,6901410757.00,United States,2019,Medical/Nursing Services,Health Care,/market-activity/stocks/hims,NYSE
HIO,Western Asset High Income Opportunity Fund Inc. Common Stock,$3.49,0.01,0.287%,398731,0.00,United States,,Finance/Investors Services,Finance,/market-activity/stocks/hio,NYSE
HIPO,Hippo Holdings Inc. Common Stock,$32.87,-0.31,-0.934%,205823,867418953.00,United States,2021,Property-Casualty Insurers,Finance,/market-activity/stocks/hipo,NYSE
HIW,Highwoods Properties Inc. Common Stock,$30.60,-0.55,-1.766%,1134154,3375370057.00,United States,1994,Real Estate Investment Trusts,Real Estate,/market-activity/stocks/hiw,NYSE
HIX,Western Asset High Income Fund II Inc. Common Stock,$3.94,0.03,0.767%,445570,0.00,United States,1998,Finance/Investors Services,Finance,/market-activity/stocks/hix,NYSE
HKD,AMTD Digital Inc. American Depositary Shares (every five of which represent two Class A Ordinary Shares),$1.72,0.02,1.176%,131840,217002030.00,,2022,Finance: Consumer Services,Finance,/market-activity/stocks/hkd,NYSE
HL,Hecla Mining Company Common Stock,$19.87,-0.51,-2.502%,24828134,13348038724.00,United States,,Mining & Quarrying of Nonmetallic Minerals (No Fuels),Industrials,/market-activity/stocks/hl,NYSE
HL^B,Hecla Mining Company Preferred Stock,$74.01,-1.11,-1.478%,280,,United States,,,,/market-activity/stocks/hl^b,NYSE
HLF,Herbalife Ltd. Common Shares,$10.99,-1.44,-11.585%,5482789,1151789146.00,Cayman Islands,2004,Other Pharmaceuticals,Health Care,/market-activity/stocks/hlf,NYSE
HLI,Houlihan Lokey Inc. Class A Common Stock,$133.29,0.27,0.203%,627590,9315171585.00,United States,2015,Investment Managers,Finance,/market-activity/stocks/hli,NYSE
HLIO,Helios Technologies Inc. Common Stock,$73.02,-0.06,-0.082%,328708,2406051133.00,United States,2021,Metal Fabrications,Industrials,/market-activity/stocks/hlio,NYSE
HLLY,Holley Inc. Common Stock,$2.86,-0.06,-2.055%,779231,346729649.00,United States,2020,Auto Parts:O.E.M.,Consumer Discretionary,/market-activity/stocks/hlly,NYSE
HLN,Haleon plc American Depositary Shares (Each representing two Ordinary Shares),$10.03,-0.08,-0.791%,8404647,44665954522.00,United Kingdom,2022,Package Goods/Cosmetics,Consumer Discretionary,/market-activity/stocks/hln,NYSE
HLT,Hilton Worldwide Holdings Inc. Common Stock ,$316.28,-5.57,-1.731%,2466980,71183529735.00,United States,2016,Hotels/Resorts,Consumer Discretionary,/market-activity/stocks/hlt,NYSE
HLX,Helix Energy Solutions Group Inc. Common Stock,$10.30,0.16,1.578%,2105849,1518039204.00,United States,,Oilfield Services/Equipment,Energy,/market-activity/stocks/hlx,NYSE
HMC,Honda Motor Company Ltd. Common Stock,$31.96,0.10,0.314%,743195,41468956975.00,Japan,,Auto Manufacturing,Industrials,/market-activity/stocks/hmc,NYSE
HMN,Horace Mann Educators Corporation Common Stock,$50.89,-0.46,-0.896%,199397,2061098638.00,United States,1991,Property-Casualty Insurers,Finance,/market-activity/stocks/hmn,NYSE
HMY,Harmony Gold Mining Company Limited,$19.65,-0.58,-2.867%,5715780,12473185777.00,South Africa,,Precious Metals,Basic Materials,/market-activity/stocks/hmy,NYSE
HNGE,Hinge Health Inc. Class A Common Stock,$92.56,5.21,5.965%,2001309,7469075238.00,United States,2025,EDP Services,Technology,/market-activity/stocks/hnge,NYSE
HNI,HNI Corporation Common Stock,$48.43,-0.70,-1.425%,1277668,3495764574.00,United States,,Office Equipment/Supplies/Services,Consumer Discretionary,/market-activity/stocks/hni,NYSE
HOG,Harley-Davidson Inc. Common Stock,$27.60,-0.50,-1.779%,1588119,2872401193.00,United States,,Motor Vehicles,Consumer Discretionary,/market-activity/stocks/hog,NYSE
HOMB,Home BancShares Inc. Common Stock,$29.46,-0.16,-0.54%,1691045,5893462100.00,United States,2006,Major Banks,Finance,/market-activity/stocks/homb,NYSE
HOV,Hovnanian Enterprises Inc. Class A Common Stock,$124.13,-5.64,-4.346%,172566,932269428.00,United States,1983,Homebuilding,Consumer Discretionary,/market-activity/stocks/hov,NYSE
HP,Helmerich & Payne Inc. Common Stock,$43.58,1.03,2.421%,1520368,4355339223.00,United States,,Oil & Gas Production,Energy,/market-activity/stocks/hp,NYSE
HPE,Hewlett Packard Enterprise Company Common Stock,$52.24,-0.07,-0.134%,30300295,69176391937.00,United States,2015,Retail: Computer Software & Peripheral Equipment,Technology,/market-activity/stocks/hpe,NYSE
HPE^C,Hewlett Packard Enterprise Company 7.625% Series C Mandatory Convertible Preferred Stock,$133.72,-0.51,-0.38%,839782,,United States,,,,/market-activity/stocks/hpe^c,NYSE
HPF,John Hancock Pfd Income Fund II Pfd Income Fund II,$15.57,-0.07,-0.448%,81900,0.00,United States,2002,Finance Companies,Finance,/market-activity/stocks/hpf,NYSE
HPI,John Hancock Preferred Income Fund Common Shares of Beneficial Interest,$15.85,0.00,0.00%,61803,0.00,United States,2002,Trusts Except Educational Religious and Charitable,Finance,/market-activity/stocks/hpi,NYSE
HPP,Hudson Pacific Properties Inc. Common Stock,$12.57,-0.57,-4.338%,1097559,682158074.00,United States,2010,Real Estate,Finance,/market-activity/stocks/hpp,NYSE
HPP^C,Hudson Pacific Properties Inc. 4.750% Series C Cumulative Redeemable Preferred Stock,$14.63,0.28,1.951%,19546,,United States,,,,/market-activity/stocks/hpp^c,NYSE
HPQ,HP Inc. Common Stock,$30.02,-0.50,-1.638%,19355644,27071764889.00,United States,,Computer Manufacturing,Technology,/market-activity/stocks/hpq,NYSE
HPS,John Hancock Preferred Income Fund III Preferred Income Fund III,$13.88,-0.06,-0.43%,97127,0.00,United States,2003,Investment Managers,Finance,/market-activity/stocks/hps,NYSE
HQH,abrdn Healthcare Investors Shares of Beneficial Interest,$22.72,0.05,0.221%,158389,1075649455.00,United States,1987,Finance Companies,Finance,/market-activity/stocks/hqh,NYSE
HQL,abrdn Life Sciences Investors Shares of Beneficial Interest,$20.92,-0.04,-0.191%,155268,537217985.00,United States,1992,Investment Managers,Finance,/market-activity/stocks/hql,NYSE
HR,Healthcare Realty Trust Incorporated Common Stock,$19.04,0.05,0.263%,5557856,6525384230.00,United States,,Real Estate Investment Trusts,Real Estate,/market-activity/stocks/hr,NYSE
HRB,H&R Block Inc. Common Stock,$51.65,-0.83,-1.582%,1438245,6366684871.00,United States,,Other Consumer Services,Consumer Discretionary,/market-activity/stocks/hrb,NYSE
HRI,Herc Holdings Inc. Common Stock ,$152.34,1.74,1.155%,420334,5092946179.00,United States,2016,Misc Corporate Leasing Services,Industrials,/market-activity/stocks/hri,NYSE
HRL,Hormel Foods Corporation Common Stock,$21.85,0.28,1.298%,7476385,12025164980.00,United States,,Meat/Poultry/Fish,Consumer Staples,/market-activity/stocks/hrl,NYSE
HRTG,Heritage Insurance Holdings Inc. Common Stock,$33.62,-0.24,-0.709%,230022,999603826.00,United States,2014,Property-Casualty Insurers,Finance,/market-activity/stocks/hrtg,NYSE
HSBC,HSBC Holdings plc. Common Stock,$103.14,-0.39,-0.377%,697895,354462554892.00,United Kingdom,,Savings Institutions,Finance,/market-activity/stocks/hsbc,NYSE
HSHP,Himalaya Shipping Ltd. Common Shares,$16.74,0.04,0.24%,296305,782595000.00,,2023,Marine Transportation,Consumer Discretionary,/market-activity/stocks/hshp,NYSE
HSY,The Hershey Company Common Stock,$176.21,-2.84,-1.586%,1694574,35405110020.00,United States,,Specialty Foods,Consumer Staples,/market-activity/stocks/hsy,NYSE
HTB,HomeTrust Bancshares Inc. Common Stock,$46.44,-0.47,-1.002%,171806,775231279.00,United States,,Savings Institutions,Finance,/market-activity/stocks/htb,NYSE
HTD,John Hancock Tax Advantaged Dividend Income Fund Common Shares of Beneficial Interest,$25.21,-0.10,-0.395%,72593,0.00,United States,2004,Finance Companies,Finance,/market-activity/stocks/htd,NYSE
HTFC,Horizon Technology Finance Corporation 6.25% Notes due 2027,$24.99,-0.0001,0.00%,6927,1063217518.00,United States,2022,Finance: Consumer Services,Finance,/market-activity/stocks/htfc,NYSE
HTGC,Hercules Capital Inc. Common Stock,$17.64,0.16,0.915%,1193912,3301572960.00,United States,2012,Investment Managers,Finance,/market-activity/stocks/htgc,NYSE
HTH,Hilltop Holdings Inc.,$38.05,-0.45,-1.169%,250791,2179748167.00,United States,,Major Banks,Finance,/market-activity/stocks/hth,NYSE
HTT,High Templar Tech Limited American depositary shares each representing one Class A ordinary share,$2.59,-0.04,-1.521%,24167,402184275.00,China,2017,Finance: Consumer Services,Finance,/market-activity/stocks/htt,NYSE
HUBB,Hubbell Inc Common Stock,$453.00,-6.66,-1.449%,506866,23933154663.00,United States,2015,Electrical Products,Technology,/market-activity/stocks/hubb,NYSE
HUBS,HubSpot Inc. Common Stock,$261.36,0.68,0.261%,1190857,13033030293.00,United States,2014,Computer Software: Prepackaged Software,Technology,/market-activity/stocks/hubs,NYSE
HUM,Humana Inc. Common Stock,$383.23,-2.31,-0.599%,1019932,46018376435.00,United States,,Medical Specialities,Health Care,/market-activity/stocks/hum,NYSE
HUN,Huntsman Corporation Common Stock,$9.58,0.11,1.162%,3080401,1680127141.00,United States,2005,Major Chemicals,Industrials,/market-activity/stocks/hun,NYSE
HUYA,HUYA Inc. American depositary shares each  representing one Class A ordinary share,$2.14,-0.04,-1.835%,859577,488703439.00,United States,2018,Computer Software: Programming Data Processing,Technology,/market-activity/stocks/huya,NYSE
HVT,Haverty Furniture Companies Inc. Common Stock,$27.27,-0.09,-0.329%,236397,425238181.00,United States,,Other Specialty Stores,Consumer Discretionary,/market-activity/stocks/hvt,NYSE
HVT/A,Haverty Furniture Companies Inc.,$27.30,-1.74,-5.992%,16721,,United States,,,,/market-activity/stocks/hvt/a,NYSE
HWM,Howmet Aerospace Inc. Common Stock,$244.95,-19.90,-7.514%,9617965,97686402685.00,United States,,Metal Fabrications,Industrials,/market-activity/stocks/hwm,NYSE
HXL,Hexcel Corporation Common Stock,$92.67,-2.20,-2.319%,835537,7008025297.00,United States,,Major Chemicals,Industrials,/market-activity/stocks/hxl,NYSE
HY,Hyster-Yale Inc. Class A common stock,$33.86,-0.11,-0.324%,115169,607122904.00,United States,,Construction/Ag Equipment/Trucks,Industrials,/market-activity/stocks/hy,NYSE
HYI,Western Asset High Yield Opportunity Fund Inc. Common Stock,$10.38,0.01,0.096%,64986,0.00,,2010,Investment Managers,Finance,/market-activity/stocks/hyi,NYSE
HYT,Blackrock Corporate High Yield Fund Inc. Common Stock,$8.28,-0.01,-0.121%,943256,0.00,United States,2003,Finance Companies,Finance,/market-activity/stocks/hyt,NYSE
HZO,MarineMax Inc.  (FL) Common Stock,$52.18,0.00,0.00%,769988,1152486406.00,United States,1998,Auto & Home Supply Stores,Consumer Discretionary,/market-activity/stocks/hzo,NYSE
IAE,Voya Asia Pacific High Dividend Equity Income Fund ING Asia Pacific High Dividend Equity Income Fund Common Shares of Beneficial Interest,$8.91,-0.03,-0.336%,14522,0.00,United States,2007,Trusts Except Educational Religious and Charitable,Finance,/market-activity/stocks/iae,NYSE
IAG,Iamgold Corporation Ordinary Shares,$20.45,-0.14,-0.68%,3495322,11676950000.00,Canada,,Precious Metals,Basic Materials,/market-activity/stocks/iag,NYSE
IBM,International Business Machines Corporation Common Stock,$233.87,-1.72,-0.73%,6096510,220336969789.00,United States,,Computer Manufacturing,Technology,/market-activity/stocks/ibm,NYSE
IBN,ICICI Bank Limited Common Stock,$30.36,0.48,1.606%,3286668,108690508813.00,India,,Commercial Banks,Finance,/market-activity/stocks/ibn,NYSE
IBP,Installed Building Products Inc. Common Stock,$242.83,-2.73,-1.112%,528768,6454221551.00,United States,2014,Homebuilding,Consumer Discretionary,/market-activity/stocks/ibp,NYSE
IBTA,Ibotta Inc. Class A Common Stock,$37.21,0.15,0.405%,131201,862141337.00,United States,2024,Advertising,Consumer Discretionary,/market-activity/stocks/ibta,NYSE
ICE,Intercontinental Exchange Inc. Common Stock,$160.70,-1.63,-1.004%,4121331,90216094061.00,United States,2005,Investment Bankers/Brokers/Service,Finance,/market-activity/stocks/ice,NYSE
ICL,ICL Group Ltd. Ordinary Shares,$5.72,0.12,2.143%,841151,7382648010.00,Israel,2014,Agricultural Chemicals,Industrials,/market-activity/stocks/icl,NYSE
ICR^A,InPoint Commercial Real Estate Income Inc. 6.75% Series A Cumulative Redeemable Preferred Stock,$22.55,-0.25,-1.096%,2749,,,,,,/market-activity/stocks/icr^a,NYSE
IDA,IDACORP Inc. Common Stock,$136.16,0.38,0.28%,500267,7875772575.00,United States,,Electric Utilities: Central,Utilities,/market-activity/stocks/ida,NYSE
IDE,Voya Infrastructure Industrials and Materials Fund Common Shares of Beneficial Interest,$13.13,-0.09,-0.681%,68192,0.00,United States,2010,Finance/Investors Services,Finance,/market-activity/stocks/ide,NYSE
IDT,IDT Corporation Class B Common Stock,$68.22,-0.77,-1.116%,166498,1696533573.00,United States,,Telecommunications Equipment,Telecommunications,/market-activity/stocks/idt,NYSE
IEX,IDEX Corporation Common Stock,$228.64,-1.64,-0.712%,521123,16855317021.00,United States,1989,Fluid Controls,Industrials,/market-activity/stocks/iex,NYSE
IFF,International Flavors & Fragrances Inc. Common Stock,$86.33,-1.62,-1.842%,1808153,22027096306.00,United States,,Major Chemicals,Industrials,/market-activity/stocks/iff,NYSE
IFN,Aberdeen India Fund Inc. Common Stock,$11.52,0.05,0.436%,107418,0.00,United States,,Finance/Investors Services,Finance,/market-activity/stocks/ifn,NYSE
IFS,Intercorp Financial Services Inc. Common Shares,$54.62,-0.03,-0.055%,240819,6029922647.00,,2019,Commercial Banks,Finance,/market-activity/stocks/ifs,NYSE
IGA,Voya Global Advantage and Premium Opportunity Fund Common Shares of Beneficial Interest,$10.68,0.07,0.66%,205205,0.00,United States,2005,Investment Managers,Finance,/market-activity/stocks/iga,NYSE
IGD,Voya Global Equity Dividend and Premium Opportunity Fund,$6.61,0.07,1.07%,231209,0.00,United States,2005,Trusts Except Educational Religious and Charitable,Finance,/market-activity/stocks/igd,NYSE
IGI,Western Asset Investment Grade Opportunity Trust Inc. Common Stock,$16.08,-0.045,-0.279%,8553,0.00,United States,2009,Investment Managers,Finance,/market-activity/stocks/igi,NYSE
IGR,CBRE Global Real Estate Income Fund Common Shares of Beneficial Interest,$4.56,-0.01,-0.219%,804513,0.00,United States,2004,Finance Companies,Finance,/market-activity/stocks/igr,NYSE
IH,iHuman Inc. American depositary shares each representing five Class A ordinary shares,$1.22,-0.03,-2.40%,9057,62357692.00,United States,2020,Other Consumer Services,Real Estate,/market-activity/stocks/ih,NYSE
IHD,Voya Emerging Markets High Income Dividend Equity Fund Common Shares,$7.70,0.04,0.522%,38634,0.00,United States,2011,Investment Managers,Finance,/market-activity/stocks/ihd,NYSE
IHG,Intercontinental Hotels Group American Depositary Shares (Each representing one Ordinary Share),$160.06,-2.32,-1.429%,163156,24231739976.00,United Kingdom,,Hotels/Resorts,Consumer Discretionary,/market-activity/stocks/ihg,NYSE
IHS,IHS Holding Limited Ordinary Shares,$8.41,0.05,0.598%,718640,2821733477.00,Cayman Islands,2021,Telecommunications Equipment,Telecommunications,/market-activity/stocks/ihs,NYSE
IIF,Morgan Stanley India Investment Fund Inc. Common Stock,$23.25,0.13,0.562%,22143,0.00,United States,1994,Trusts Except Educational Religious and Charitable,Finance,/market-activity/stocks/iif,NYSE
IIIN,Insteel Industries Inc. Common Stock,$30.10,-0.39,-1.279%,119674,582683235.00,United States,,Steel/Iron Ore,Industrials,/market-activity/stocks/iiin,NYSE
IIM,Invesco Value Municipal Income Trust Common Stock,$12.75,0.00,0.00%,115408,600122597.00,United States,,Investment Managers,Finance,/market-activity/stocks/iim,NYSE
IIPR,Innovative Industrial Properties Inc. Common Stock,$56.92,0.61,1.083%,550561,1569361185.00,United States,2016,Real Estate,Finance,/market-activity/stocks/iipr,NYSE
IIPR^A,Innovative Industrial Properties Inc. 9.00% Series A Cumulative Redeemable Preferred Stock,$25.07,0.046,0.184%,22150,,United States,,,,/market-activity/stocks/iipr^a,NYSE
IMAX,Imax Corporation Common Stock,$51.20,0.82,1.628%,926011,2807916237.00,Canada,,Industrial Machinery/Components,Consumer Discretionary,/market-activity/stocks/imax,NYSE
INFQ,Infleqtion Inc. Common Stock,$13.07,0.27,2.109%,7713194,2945416670.00,,2026,EDP Services,Technology,/market-activity/stocks/infq,NYSE
INFY,Infosys Limited American Depositary Shares,$12.06,0.01,0.083%,14547944,48919702697.00,India,,EDP Services,Technology,/market-activity/stocks/infy,NYSE
ING,ING Group N.V. Common Stock,$35.32,0.08,0.227%,1080872,102514099140.00,Netherlands,1997,Commercial Banks,Finance,/market-activity/stocks/ing,NYSE
INGM,Ingram Micro Holding Corporation Common Stock,$28.17,-0.53,-1.847%,2914944,6497745836.00,United States,2024,Retail: Computer Software & Peripheral Equipment,Technology,/market-activity/stocks/ingm,NYSE
INGR,Ingredion Incorporated Common Stock,$103.46,-1.16,-1.109%,694461,6524599267.00,United States,,Packaged Foods,Consumer Staples,/market-activity/stocks/ingr,NYSE
INN,Summit Hotel Properties Inc. Common Stock,$5.85,-0.21,-3.465%,860604,630942759.00,United States,2011,Real Estate Investment Trusts,Real Estate,/market-activity/stocks/inn,NYSE
INN^E,Summit Hotel Properties Inc. 6.250% Series E Cumulative Redeemable Preferred Stock,$17.98,0.025,0.139%,2318,,United States,,,,/market-activity/stocks/inn^e,NYSE
INN^F,Summit Hotel Properties Inc. 5.875% Series F Cumulative Redeemable Preferred Stock $0.01 par value per share,$17.26,0.25,1.47%,20220,,United States,,,,/market-activity/stocks/inn^f,NYSE
INR,Infinity Natural Resources Inc. Class A Common Stock,$15.44,0.06,0.39%,236277,979239664.00,United States,2025,Oil & Gas Production,Energy,/market-activity/stocks/inr,NYSE
INSP,Inspire Medical Systems Inc. Common Stock,$62.99,1.55,2.523%,514989,1821064521.00,United States,2018,Medical/Dental Instruments,Health Care,/market-activity/stocks/insp,NYSE
INSW,International Seaways Inc. Common Stock ,$98.64,-0.17,-0.172%,841613,4885768517.00,United States,2016,Marine Transportation,Consumer Discretionary,/market-activity/stocks/insw,NYSE
INVH,Invitation Homes Inc. Common Stock,$29.14,-0.10,-0.342%,6067454,17210760806.00,United States,2017,Real Estate,Finance,/market-activity/stocks/invh,NYSE
INVX,Innovex International Inc. Common Stock,$30.67,0.56,1.86%,699664,2144931814.00,United States,,Oil and Gas Field Machinery,Consumer Discretionary,/market-activity/stocks/invx,NYSE
IONQ,IonQ Inc. Common Stock,$39.31,0.11,0.281%,38602903,14977200963.00,United States,2021,EDP Services,Technology,/market-activity/stocks/ionq,NYSE
IOT,Samsara Inc. Class A Common Stock,$40.85,-0.31,-0.753%,8059356,23803706850.00,United States,2021,EDP Services,Technology,/market-activity/stocks/iot,NYSE
IP,International Paper Company Common Stock,$37.93,-1.38,-3.511%,4882516,20086586117.00,United States,,Paper,Basic Materials,/market-activity/stocks/ip,NYSE
IPI,Intrepid Potash Inc Common Stock,$38.67,1.07,2.846%,209881,520369584.00,United States,2008,Mining & Quarrying of Nonmetallic Minerals (No Fuels),Industrials,/market-activity/stocks/ipi,NYSE
IQI,Invesco Quality Municipal Income Trust Common Stock,$10.12,-0.05,-0.492%,220288,535184026.00,United States,,Finance Companies,Finance,/market-activity/stocks/iqi,NYSE
IQV,IQVIA Holdings Inc. Common Stock,$261.19,-0.56,-0.214%,1303880,42991874000.00,United States,2013,Biotechnology: Commercial Physical & Biological Resarch,Health Care,/market-activity/stocks/iqv,NYSE
IR,Ingersoll Rand Inc. Common Stock,$77.05,-1.53,-1.947%,4028286,29895356004.00,United States,2017,Industrial Machinery/Components,Industrials,/market-activity/stocks/ir,NYSE
IRAB,Iris Acquisition Corp II Class A Ordinary Shares,$10.03,0.045,0.451%,597,0.00,,2026,,,/market-activity/stocks/irab,NYSE
IRM,Iron Mountain Incorporated (Delaware)Common Stock REIT,$115.35,-2.05,-1.746%,2557273,34340019364.00,United States,,Real Estate Investment Trusts,Real Estate,/market-activity/stocks/irm,NYSE
IRS,IRSA Inversiones Y Representaciones S.A. Global Depositary Shares (Each representing ten shares of Common Stock),$14.96,0.32,2.186%,262142,1212952492.00,Argentina,,Homebuilding,Real Estate,/market-activity/stocks/irs,NYSE
IRT,Independence Realty Trust Inc. Common Stock,$16.18,-0.13,-0.797%,2883835,3814347094.00,United States,2013,Real Estate Investment Trusts,Real Estate,/market-activity/stocks/irt,NYSE
ISD,PGIM High Yield Bond Fund Inc.,$12.30,-0.06,-0.485%,100250,0.00,United States,2012,Trusts Except Educational Religious and Charitable,Finance,/market-activity/stocks/isd,NYSE
IT,Gartner Inc. Common Stock,$198.11,-0.28,-0.141%,997733,12510443635.00,United States,1993,Other Consumer Services,Consumer Discretionary,/market-activity/stocks/it,NYSE
ITGR,Integer Holdings Corporation Common Stock,$125.25,-0.08,-0.064%,674677,4257504012.00,United States,,Biotechnology: Electromedical & Electrotherapeutic Apparatus,Health Care,/market-activity/stocks/itgr,NYSE
ITT,ITT Inc. Common Stock ,$200.29,-2.70,-1.33%,500706,17905926000.00,United States,2011,Fluid Controls,Industrials,/market-activity/stocks/itt,NYSE
ITUB,Itau Unibanco Banco Holding SA American Depositary Shares (Each repstg 500 Preferred shares),$7.61,0.11,1.467%,14608831,83911851673.00,Brazil,,Major Banks,Finance,/market-activity/stocks/itub,NYSE
ITW,Illinois Tool Works Inc. Common Stock,$275.37,-4.73,-1.689%,1251145,78425376000.00,United States,,Industrial Machinery/Components,Industrials,/market-activity/stocks/itw,NYSE
IVR,INVESCO MORTGAGE CAPITAL INC Common Stock,$7.31,-0.05,-0.679%,2406660,786851448.00,United States,2009,Real Estate Investment Trusts,Real Estate,/market-activity/stocks/ivr,NYSE
IVR^C,INVESCO MORTGAGE CAPITAL INC 7.5% Fixed-to-Floating Series C Cumulative Redeemable Preferred Stock Liquation Preference $25.00 per Share,$25.04,-0.0014,-0.006%,16323,,United States,,,,/market-activity/stocks/ivr^c,NYSE
IVT,InvenTrust Properties Corp. Common Stock,$32.31,-0.24,-0.737%,560305,2519483106.00,United States,2021,Real Estate Investment Trusts,Real Estate,/market-activity/stocks/ivt,NYSE
IVZ,Invesco Ltd Common Stock,$32.78,-0.08,-0.243%,4394703,14472362788.00,United States,,Investment Managers,Finance,/market-activity/stocks/ivz,NYSE
IX,ORIX Corporation American Depositary Shares,$38.97,-0.03,-0.077%,164223,43806435137.00,Japan,,Diversified Financial Services,Finance,/market-activity/stocks/ix,NYSE
J,Jacobs Solutions Inc. Common Stock,$149.05,-2.93,-1.928%,1366950,17444604970.00,United States,2022,Military/Government/Technical,Industrials,/market-activity/stocks/j,NYSE
JACS,Jackson Acquisition Company II Class A Ordinary Shares,$10.74,0.00,0.00%,11,0.00,,2025,,,/market-activity/stocks/jacs,NYSE
JAN,Janus Living Inc. Class A-1 Common Stock,$29.75,-0.75,-2.459%,2315059,9231150586.00,,2026,Real Estate Investment Trusts,Real Estate,/market-activity/stocks/jan,NYSE
JBGS,JBG SMITH Properties Common Shares ,$12.05,-0.03,-0.248%,1115754,899152298.00,United States,2017,Real Estate Investment Trusts,Real Estate,/market-activity/stocks/jbgs,NYSE
JBI,Janus International Group Inc. Common Stock,$4.96,0.07,1.431%,2440909,676721518.00,United States,2021,Building Products,Industrials,/market-activity/stocks/jbi,NYSE
JBK,Lehman ABS 3.50 3.50% Adjustable Corp Backed Tr Certs GS Cap I,$25.38,-0.03,-0.118%,210,0.00,United States,,Finance: Consumer Services,Finance,/market-activity/stocks/jbk,NYSE
JBL,Jabil Inc. Common Stock,$305.26,3.81,1.264%,975033,31987306788.00,United States,1993,Electrical Products,Technology,/market-activity/stocks/jbl,NYSE
JBS,JBS N.V. Class A Common Shares,$13.44,-0.15,-1.104%,7035158,14393288273.00,,2025,Meat/Poultry/Fish,Consumer Staples,/market-activity/stocks/jbs,NYSE
JBTM,JBT Marel Corporation Common Stock,$116.87,-1.42,-1.20%,461373,6062843603.00,United States,,Industrial Machinery/Components,Industrials,/market-activity/stocks/jbtm,NYSE
JCE,Nuveen Core Equity Alpha Fund Common Shares of Beneficial Interest,$17.08,0.065,0.382%,35337,0.00,United States,2007,Trusts Except Educational Religious and Charitable,Finance,/market-activity/stocks/jce,NYSE
JCI,Johnson Controls International plc Ordinary Share,$138.24,-1.35,-0.967%,3088342,83737700813.00,Switzerland,,Industrial Machinery/Components,Industrials,/market-activity/stocks/jci,NYSE
JEF,Jefferies Financial Group Inc. Common Stock,$52.64,-0.45,-0.848%,1444575,10198615202.00,United States,,Investment Bankers/Brokers/Service,Finance,/market-activity/stocks/jef,NYSE
JELD,JELD-WEN Holding Inc. Common Stock,$2.39,-0.14,-5.534%,3585171,207364483.00,United States,2017,Forest Products,Basic Materials,/market-activity/stocks/jeld,NYSE
JENA,Jena Acquisition Corporation II Class A Ordinary Shares,$10.47,0.00,0.00%,108,0.00,,2025,Blank Checks,Finance,/market-activity/stocks/jena,NYSE
JFR,Nuveen Floating Rate Income Fund Common Stock,$7.69,0.03,0.392%,528610,0.00,United States,2004,Trusts Except Educational Religious and Charitable,Finance,/market-activity/stocks/jfr,NYSE
JGH,Nuveen Global High Income Fund Common Shares of Beneficial Interest,$12.42,0.00,0.00%,78746,0.00,United States,2014,Investment Managers,Finance,/market-activity/stocks/jgh,NYSE
JHI,John Hancock Investors Trust Common Stock,$13.35,0.12,0.907%,39800,116739702.00,United States,,Trusts Except Educational Religious and Charitable,Finance,/market-activity/stocks/jhi,NYSE
JHS,John Hancock Income Securities Trust Common Stock,$10.88,-0.02,-0.183%,11214,126714845.00,United States,,Finance Companies,Finance,/market-activity/stocks/jhs,NYSE
JHX,James Hardie Industries plc. Ordinary Shares,$29.71,-0.22,-0.735%,18697189,17247323118.00,Ireland,2025,Building Materials,Industrials,/market-activity/stocks/jhx,NYSE
JILL,J. Jill Inc. Common Stock,$19.53,-0.27,-1.364%,93354,292001135.00,United States,2017,Apparel,Consumer Discretionary,/market-activity/stocks/jill,NYSE
JKS,JinkoSolar Holding Company Limited American Depositary Shares (each representing 4 Common Shares),$12.58,-0.96,-7.09%,1105501,658816965.00,China,2010,Semiconductors,Technology,/market-activity/stocks/jks,NYSE
JLL,Jones Lang LaSalle Incorporated Common Stock,$365.87,-12.14,-3.212%,570289,16832838297.00,United States,,Real Estate,Finance,/market-activity/stocks/jll,NYSE
JLS,Nuveen Mortgage and Income Fund,$16.88,-0.02,-0.118%,16248,0.00,United States,2009,Investment Managers,Finance,/market-activity/stocks/jls,NYSE
JMIA,Jumia Technologies AG American Depositary Shares each representing two Ordinary Shares,$6.89,-0.05,-0.72%,1390237,889477352.00,,2019,Catalog/Specialty Distribution,Consumer Discretionary,/market-activity/stocks/jmia,NYSE
JMKE,Jersey Mike's Subs Inc. Class A Common Stock,$21.45,-1.01,-4.497%,2744126,8632415713.00,,2026,Restaurants,Consumer Discretionary,/market-activity/stocks/jmke,NYSE
JMM,Nuveen Multi-Market Income Fund (MA),$5.84,0.03,0.516%,21026,0.00,United States,,Trusts Except Educational Religious and Charitable,Finance,/market-activity/stocks/jmm,NYSE
JNJ,Johnson & Johnson Common Stock,$265.85,-2.19,-0.817%,7900148,640671542012.00,United States,,Biotechnology: Pharmaceutical Preparations,Health Care,/market-activity/stocks/jnj,NYSE
JOBY,Joby Aviation Inc. Common Stock,$6.84,-0.14,-2.006%,23819297,6765609781.00,United States,2020,Aerospace,Industrials,/market-activity/stocks/joby,NYSE
JOE,St. Joe Company (The) Common Stock,$66.10,-1.22,-1.812%,232622,3763102811.00,United States,,Homebuilding,Real Estate,/market-activity/stocks/joe,NYSE
JOF,Japan Smaller Capitalization Fund Inc Common Stock,$12.63,0.00,0.00%,32188,0.00,United States,1990,Trusts Except Educational Religious and Charitable,Finance,/market-activity/stocks/jof,NYSE
JPC,Nuveen Preferred & Income Opportunities Fund,$7.34,-0.04,-0.542%,1741256,0.00,United States,2003,Investment Managers,Finance,/market-activity/stocks/jpc,NYSE
JPM,JP Morgan Chase & Co. Common Stock,$356.02,-1.60,-0.447%,7962940,946367449144.00,United States,,Major Banks,Finance,/market-activity/stocks/jpm,NYSE
JPM^C,J P Morgan Chase & Co Depositary Shares each representing a 1/400th interest in a share of 6.00% Non-Cumulative  Preferred Stock Series EE,$24.58,-0.18,-0.727%,557810,,United States,,,,/market-activity/stocks/jpm^c,NYSE
JPM^D,J P Morgan Chase & Co Depositary Shares each representing a 1/400th  interest in a share of 5.75% Non-Cumulative  Preferred Stock Series DD,$22.89,-0.32,-1.379%,497784,,United States,,,,/market-activity/stocks/jpm^d,NYSE
JPM^J,J P Morgan Chase & Co Depositary Shares each representing a 1/400th interest in a share of JPMorgan Chase & Co. 4.75% Non-Cumulative Preferred Stock Series GG,$18.73,0.18,0.97%,146865,,United States,,,,/market-activity/stocks/jpm^j,NYSE
JPM^K,J P Morgan Chase & Co Depositary Shares each representing a 1/400th interest in a share of 4.55% Non-Cumulative Preferred Stock Series JJ,$17.88,0.22,1.246%,601971,,United States,,,,/market-activity/stocks/jpm^k,NYSE
JPM^L,J P Morgan Chase & Co Depositary Shares each representing a 1/400th interest in a share of 4.625% Non-Cumulative Preferred Stock Series LL,$18.20,0.21,1.167%,683184,,United States,,,,/market-activity/stocks/jpm^l,NYSE
JPM^M,J P Morgan Chase & Co Depositary Shares each representing a 1/400th interest in a share of 4.20% Non-Cumulative Preferred Stock Series MM,$16.77,0.04,0.239%,427462,,United States,,,,/market-activity/stocks/jpm^m,NYSE
JQC,Nuveen Credit Strategies Income Fund Shares of Beneficial Interest,$4.77,0.00,0.00%,521198,0.00,United States,2003,Finance Companies,Finance,/market-activity/stocks/jqc,NYSE
JRI,Nuveen Real Asset Income and Growth Fund Common Shares of Beneficial Interest,$12.18,-0.17,-1.377%,210384,0.00,United States,2012,Finance Companies,Finance,/market-activity/stocks/jri,NYSE
JRS,Nuveen Real Estate Income Fund Common Shares of Beneficial Interest,$8.29,-0.11,-1.31%,65908,0.00,United States,2001,Finance/Investors Services,Finance,/market-activity/stocks/jrs,NYSE
JXN,Jackson Financial Inc. Class A Common Stock ,$133.43,-0.73,-0.544%,643930,9037046312.00,United States,2021,Life Insurance,Finance,/market-activity/stocks/jxn,NYSE
JXN^A,Jackson Financial Inc. Depositary Shares each representing a 1/1000th interest in a share of Fixed-Rate Reset Noncumulative Perpetual Preferred Stock Series A,$25.74,0.09,0.351%,37468,,United States,,,,/market-activity/stocks/jxn^a,NYSE
KAI,Kadant Inc Common Stock,$299.14,-3.10,-1.026%,107264,3532579259.00,United States,1992,Industrial Machinery/Components,Industrials,/market-activity/stocks/kai,NYSE
KB,KB Financial Group Inc,$124.79,0.63,0.507%,209651,44748161828.00,South Korea,,Commercial Banks,Finance,/market-activity/stocks/kb,NYSE
KBDC,Kayne Anderson BDC Inc. Common Stock,$13.61,0.21,1.567%,307162,898774594.00,United States,2024,,,/market-activity/stocks/kbdc,NYSE
KBH,KB Home Common Stock,$53.30,-1.56,-2.844%,726430,3267808502.00,United States,1986,Homebuilding,Consumer Discretionary,/market-activity/stocks/kbh,NYSE
KBR,KBR Inc. Common Stock,$37.50,-0.53,-1.394%,1253001,4727540813.00,United States,2006,Military/Government/Technical,Industrials,/market-activity/stocks/kbr,NYSE
KD,Kyndryl Holdings Inc. Common Stock,$13.45,0.25,1.894%,5138253,2929655637.00,United States,2021,EDP Services,Technology,/market-activity/stocks/kd,NYSE
KEN,Kenon Holdings Ltd. Ordinary Shares,$68.52,1.29,1.919%,15047,3570467362.00,Singapore,2015,Electric Utilities: Central,Utilities,/market-activity/stocks/ken,NYSE
KEP,Korea Electric Power Corporation Common Stock,$11.60,-0.08,-0.685%,619100,14893566586.00,South Korea,1994,Electric Utilities: Central,Utilities,/market-activity/stocks/kep,NYSE
KEX,Kirby Corporation Common Stock,$141.86,2.80,2.014%,414225,7490208000.00,United States,,Marine Transportation,Consumer Discretionary,/market-activity/stocks/kex,NYSE
KEY,KeyCorp Common Stock,$21.61,-0.30,-1.369%,10816402,23060648052.00,United States,,Major Banks,Finance,/market-activity/stocks/key,NYSE
KEY^I,KeyCorp Depositary Shares Each Representing a 1/40th Ownership Interest in a Share of Fixed-to-Floating Rate Perpetual Non-Cumulative Preferred Stock Series E,$24.96,-0.39,-1.538%,34031,,United States,,,,/market-activity/stocks/key^i,NYSE
KEY^J,KeyCorp Depositary Shares each representing a 1/40th ownership interest in a share of Fixed Rate Perpetual Non-Cumulative Preferred Stock Series F,$20.40,-0.52,-2.486%,31239,,United States,,,,/market-activity/stocks/key^j,NYSE
KEY^K,KeyCorp Depositary Shares each representing a 1/40th ownership interest in a share of Fixed Rate Perpetual Non-Cumulative Preferred Stock Series G,$20.21,-0.60,-2.883%,23934,,United States,,,,/market-activity/stocks/key^k,NYSE
KEY^L,KeyCorp Depositary Shares each representing a 1/40th ownership interest in a share of Fixed Rate Perpetual Non-Cumulative Preferred Stock Series H,$25.17,-0.19,-0.749%,49106,,United States,,,,/market-activity/stocks/key^l,NYSE
KEYS,Keysight Technologies Inc. Common Stock,$322.70,2.73,0.853%,1493593,55147935254.00,United States,2014,Industrial Machinery/Components,Industrials,/market-activity/stocks/keys,NYSE
KF,Korea Fund Inc. (The) New Common Stock,$64.43,0.20,0.311%,23088,0.00,United States,,Investment Managers,Finance,/market-activity/stocks/kf,NYSE
KFRC,Kforce Inc. Common Stock,$57.58,-0.52,-0.895%,305942,1031200220.00,United States,1995,Professional Services,Consumer Discretionary,/market-activity/stocks/kfrc,NYSE
KFY,Korn Ferry Common Stock,$85.55,-0.73,-0.846%,417563,4393517178.00,United States,1999,Diversified Commercial Services,Consumer Discretionary,/market-activity/stocks/kfy,NYSE
KGC,Kinross Gold Corporation Common Stock,$30.68,-0.59,-1.887%,7648214,36634988000.00,Canada,2001,Precious Metals,Basic Materials,/market-activity/stocks/kgc,NYSE
KGS,Kodiak Gas Services Inc. Common Stock,$58.77,1.10,1.907%,948003,5941883902.00,United States,2023,Natural Gas Distribution,Utilities,/market-activity/stocks/kgs,NYSE
KIM,Kimco Realty Corporation (HC) Common Stock,$23.71,-0.07,-0.294%,10948347,15904416034.00,United States,,Real Estate Investment Trusts,Real Estate,/market-activity/stocks/kim,NYSE
KIM^L,Kimco Realty Corporation Class L Depositary Shares each of which represents a one-one thousandth fractional interest in a share of 5.125% Class L Cumulative Redeemable Preferred Stock liquidation preference $25000.00 per share,$20.02,0.03,0.15%,69426,,United States,,,,/market-activity/stocks/kim^l,NYSE
KIM^M,Kimco Realty Corporation Class M Depositary Shares each of which represents a one-one thousandth fractional interest in a share of 5.25% Class M Cumulative Redeemable Preferred Stock liquidation preference $25000.00 per share,$20.40,0.02,0.098%,52000,,United States,,,,/market-activity/stocks/kim^m,NYSE
KIM^N,Kimco Realty Corporation Depositary Shares each representing 1/1000th interest in a share of 7.25% Class N Cumulative Convertible Perpetual Preferred Stock,$59.59,-1.41,-2.311%,115,,United States,,,,/market-activity/stocks/kim^n,NYSE
KIO,KKR Income Opportunities Fund Common Shares,$11.06,0.06,0.545%,122715,0.00,United States,2013,Investment Managers,Finance,/market-activity/stocks/kio,NYSE
KKR,KKR & Co. Inc. Common Stock,$109.72,1.04,0.957%,3879459,98488578142.00,United States,,Investment Managers,Finance,/market-activity/stocks/kkr,NYSE
KKR^D,KKR & Co. Inc. 6.25% Series D Mandatory Convertible Preferred Stock,$48.62,0.97,2.036%,396230,,United States,,,,/market-activity/stocks/kkr^d,NYSE
KKRS,KKR Group Finance Co. IX LLC 4.625% Subordinated Notes due 2061,$16.18,0.15,0.936%,38677,14523744024.00,United States,2021,Investment Managers,Finance,/market-activity/stocks/kkrs,NYSE
KKRT,KKR & Co. Inc. 6.875% Subordinated Notes due 2065,$23.38,0.09,0.386%,45535,0.00,United States,2025,Investment Managers,Finance,/market-activity/stocks/kkrt,NYSE
KLAR,Klarna Group plc Ordinary Shares,$14.69,0.49,3.451%,8244163,10365917690.00,,2025,Finance: Consumer Services,Finance,/market-activity/stocks/klar,NYSE
KLC,KinderCare Learning Companies Inc. Common Stock,$2.52,-0.08,-3.077%,696317,298662923.00,United States,2024,Other Consumer Services,Consumer Discretionary,/market-activity/stocks/klc,NYSE
KMI,Kinder Morgan Inc. Common Stock,$32.24,0.68,2.155%,17125608,71792099349.00,United States,2011,Natural Gas Distribution,Utilities,/market-activity/stocks/kmi,NYSE
KMPB,Kemper Corporation 5.875% Fixed-Rate Reset Junior Subordinated Debentures due 2062,$24.57,-0.06,-0.244%,20950,1447741894.00,United States,2022,Property-Casualty Insurers,Finance,/market-activity/stocks/kmpb,NYSE
KMPR,Kemper Corporation,$28.18,0.25,0.895%,1900518,1660454480.00,United States,,Property-Casualty Insurers,Finance,/market-activity/stocks/kmpr,NYSE
KMT,Kennametal Inc. Common Stock,$29.34,-0.20,-0.677%,1037894,2236266105.00,United States,,Industrial Machinery/Components,Industrials,/market-activity/stocks/kmt,NYSE
KMX,CarMax Inc,$61.33,-0.78,-1.256%,1124134,8703407518.00,United States,,Retail-Auto Dealers and Gas Stations,Consumer Discretionary,/market-activity/stocks/kmx,NYSE
KN,Knowles Corporation Common Stock,$34.18,-0.05,-0.146%,655381,2919324943.00,United States,2014,Consumer Electronics/Appliances,Consumer Staples,/market-activity/stocks/kn,NYSE
KNF,Knife Riv Holding Co. Common Stock,$62.70,-1.54,-2.397%,857209,3559066434.00,United States,2023,Mining & Quarrying of Nonmetallic Minerals (No Fuels),Industrials,/market-activity/stocks/knf,NYSE
KNOP,KNOT Offshore Partners LP Common Units representing Limited Partner Interests,$10.80,-0.10,-0.917%,39352,363531694.00,United Kingdom,2013,Marine Transportation,Consumer Discretionary,/market-activity/stocks/knop,NYSE
KNSL,Kinsale Capital Group Inc. Common Stock,$373.90,-6.71,-1.763%,157570,8516853108.00,United States,,Property-Casualty Insurers,Finance,/market-activity/stocks/knsl,NYSE
KNTK,Kinetik Holdings Inc. Class A Common Stock,$54.83,1.02,1.896%,842752,8903247643.00,United States,2022,Natural Gas Distribution,Utilities,/market-activity/stocks/kntk,NYSE
KNX,Knight-Swift Transportation Holdings Inc.,$68.51,1.27,1.889%,2957920,11150413560.00,United States,2017,Trucking Freight/Courier Services,Industrials,/market-activity/stocks/knx,NYSE
KO,Coca-Cola Company (The) Common Stock,$88.67,-0.99,-1.104%,23764786,381507041377.00,United States,,Beverages (Production/Distribution),Consumer Staples,/market-activity/stocks/ko,NYSE
KODK,Eastman Kodak Company Common New,$8.98,-0.06,-0.664%,1519021,879142000.00,United States,,Industrial Machinery/Components,Consumer Discretionary,/market-activity/stocks/kodk,NYSE
KOF,Coca Cola Femsa S.A.B. de C.V.  American Depositary Shares each representing 10 Units (each Unit consists of 3 Series B Shares and 5 Series L Shares),$111.16,-1.42,-1.261%,171147,5838212906.00,Mexico,1993,Beverages (Production/Distribution),Consumer Staples,/market-activity/stocks/kof,NYSE
KOP,Koppers Holdings Inc. Common Stock,$45.87,-0.69,-1.482%,160843,867473624.00,United States,2006,Forest Products,Basic Materials,/market-activity/stocks/kop,NYSE
KOS,Kosmos Energy Ltd. Common Shares (DE),$2.86,0.10,3.623%,10071229,1703094682.00,Bermuda,2011,Oil & Gas Production,Energy,/market-activity/stocks/kos,NYSE
KPET,KPET Ultra Paceline Corporation Class A Ordinary Shares,$9.98,0.00,0.00%,46475,0.00,,2026,,,/market-activity/stocks/kpet,NYSE
KR,Kroger Company (The) Common Stock,$57.54,-0.18,-0.312%,8012835,35251724606.00,United States,,Food Chains,Consumer Staples,/market-activity/stocks/kr,NYSE
KRC,Kilroy Realty Corporation Common Stock,$36.30,0.09,0.249%,1496500,4222016264.00,United States,1997,Real Estate Investment Trusts,Real Estate,/market-activity/stocks/krc,NYSE
KREF,KKR Real Estate Finance Trust Inc. Common Stock,$7.62,0.03,0.395%,689351,446363964.00,United States,2017,Real Estate Investment Trusts,Real Estate,/market-activity/stocks/kref,NYSE
KREF^A,KKR Real Estate Finance Trust Inc. 6.50% Series A Cumulative Redeemable Preferred Stock,$18.27,-0.22,-1.19%,8786,,United States,,,,/market-activity/stocks/kref^a,NYSE
KRG,Kite Realty Group Trust Common Stock,$25.80,-0.20,-0.769%,4017255,5168950871.00,United States,2004,Real Estate Investment Trusts,Real Estate,/market-activity/stocks/krg,NYSE
KRMN,Karman Holdings Inc. Common Stock,$41.45,-4.12,-9.041%,4243992,5493522197.00,United States,2025,Military/Government/Technical,Industrials,/market-activity/stocks/krmn,NYSE
KRO,Kronos Worldwide Inc Common Stock,$8.82,0.02,0.227%,283985,1015160091.00,United States,,Major Chemicals,Basic Materials,/market-activity/stocks/kro,NYSE
KRP,Kimbell Royalty Partners Common Units Representing Limited Partner Interests,$14.95,0.04,0.268%,930090,1714818671.00,United States,2017,Oil & Gas Production,Energy,/market-activity/stocks/krp,NYSE
KRSP,Rice Acquisition Corporation 3 Class A Ordinary Shares,$10.58,-0.09,-0.843%,14642,0.00,,2025,,,/market-activity/stocks/krsp,NYSE
KSS,Kohl's Corporation Common Stock,$17.82,0.32,1.829%,6656897,2020787875.00,United States,1992,Department/Specialty Retail Stores,Consumer Discretionary,/market-activity/stocks/kss,NYSE
KT,KT Corporation Common Stock,$19.68,0.05,0.255%,1305723,9489501680.00,South Korea,,Telecommunications Equipment,Telecommunications,/market-activity/stocks/kt,NYSE
KTB,Kontoor Brands Inc. Common Stock ,$75.41,-1.58,-2.052%,537349,4121429484.00,United States,2019,Garments and Clothing,Industrials,/market-activity/stocks/ktb,NYSE
KTF,DWS Municipal Income Trust,$8.75,-0.05,-0.568%,106334,345633208.00,United States,1988,Finance Companies,Finance,/market-activity/stocks/ktf,NYSE
KTH,Structures Products Cp 8% CorTS Issued by Peco Energy Cap Tr II Preferred Stock,$28.52,-0.0001,0.00%,217,0.00,United States,,Finance: Consumer Services,Finance,/market-activity/stocks/kth,NYSE
KTN,Structured Products Corp 8.205% CorTS 8.205% Corporate Backed Trust Securities (CorTS),$25.49,0.0199,0.078%,1021,0.00,United States,,Finance: Consumer Services,Finance,/market-activity/stocks/ktn,NYSE
KVUE,Kenvue Inc. Common Stock,$18.88,-0.29,-1.513%,27071969,36264203057.00,United States,2023,Package Goods/Cosmetics,Consumer Discretionary,/market-activity/stocks/kvue,NYSE
KVYO,Klaviyo Inc. Series A Common Stock,$20.58,0.43,2.134%,7123522,5859690653.00,United States,2023,Computer Software: Prepackaged Software,Technology,/market-activity/stocks/kvyo,NYSE
KWR,Quaker Houghton Common Stock,$165.80,-0.11,-0.066%,128979,2853036992.00,United States,,Major Chemicals,Industrials,/market-activity/stocks/kwr,NYSE
KWY,Kingsway Corporation Common Stock,$10.31,0.07,0.684%,32543,298278610.00,Canada,,Property-Casualty Insurers,Finance,/market-activity/stocks/kwy,NYSE
KYN,Kayne Anderson Energy Infrastructure Fund Inc.,$14.96,0.13,0.877%,323695,2036527689.00,United States,2004,Finance/Investors Services,Finance,/market-activity/stocks/kyn,NYSE
L,Loews Corporation Common Stock,$108.29,-1.43,-1.303%,1520419,22137477799.00,United States,,Property-Casualty Insurers,Finance,/market-activity/stocks/l,NYSE
LAC,Lithium Americas Corp. Common Shares,$3.09,0.02,0.651%,6317559,1121802694.00,Canada,2023,Metal Mining,Basic Materials,/market-activity/stocks/lac,NYSE
LAD,Lithia Motors Inc. Common Stock,$367.32,-3.04,-0.821%,207711,8074838169.00,United States,,Retail-Auto Dealers and Gas Stations,Consumer Discretionary,/market-activity/stocks/lad,NYSE
LADR,Ladder Capital Corp Class A Common Stock,$9.80,-0.02,-0.204%,881953,1243279969.00,United States,2014,Real Estate Investment Trusts,Real Estate,/market-activity/stocks/ladr,NYSE
LANV,Lanvin Group Holdings Limited Ordinary Shares,$1.06,0.05,4.95%,44928,133131669.00,Cayman Islands,2022,Apparel,Consumer Discretionary,/market-activity/stocks/lanv,NYSE
LAR,Lithium Argentina AG Common Shares,$6.79,-0.08,-1.164%,2080165,1114239000.00,Canada,2023,Metal Mining,Basic Materials,/market-activity/stocks/lar,NYSE
LAW,CS Disco Inc. Common Stock,$4.38,0.04,0.922%,201696,284348571.00,United States,2021,Computer Software: Prepackaged Software,Technology,/market-activity/stocks/law,NYSE
LAZ,Lazard Inc. Common Stock,$43.23,-0.41,-0.94%,1362815,4212788228.00,Bermuda,2005,Investment Managers,Finance,/market-activity/stocks/laz,NYSE
LB,LandBridge Company LLC Class A Shares Representing Limited Liability Company Interests,$87.58,0.64,0.736%,150283,6751140383.00,,2024,Oil & Gas Production,Energy,/market-activity/stocks/lb,NYSE
LBRT,Liberty Energy Inc. Class A common stock,$19.71,0.69,3.628%,4440904,3216502809.00,United States,2018,Oilfield Services/Equipment,Energy,/market-activity/stocks/lbrt,NYSE
LCII,LCI Industries,$100.63,-2.33,-2.263%,333296,2446466949.00,United States,1995,Auto Parts:O.E.M.,Consumer Discretionary,/market-activity/stocks/lcii,NYSE
LCLN,Lincoln International Inc. Class A Common Stock,$25.24,0.26,1.041%,263160,2615507342.00,,2026,Investment Managers,Finance,/market-activity/stocks/lcln,NYSE
LDI,loanDepot Inc. Class A Common Stock,$0.94,-0.016,-1.666%,2894894,319353835.00,United States,2021,Finance: Consumer Services,Finance,/market-activity/stocks/ldi,NYSE
LDOS,Leidos Holdings Inc. Common Stock,$140.21,-0.45,-0.32%,1422637,17595262624.00,United States,,EDP Services,Technology,/market-activity/stocks/ldos,NYSE
LDP,Cohen & Steers Limited Duration Preferred and Income Fund Inc.,$20.80,0.12,0.58%,110802,0.00,United States,2012,Finance Companies,Finance,/market-activity/stocks/ldp,NYSE
LEA,Lear Corporation Common Stock,$124.99,0.97,0.782%,921059,6165102252.00,United States,,Auto Parts:O.E.M.,Consumer Discretionary,/market-activity/stocks/lea,NYSE
LEN,Lennar Corporation Class A Common Stock,$84.11,-2.22,-2.572%,2337823,20261690394.00,United States,,Homebuilding,Consumer Discretionary,/market-activity/stocks/len,NYSE
LEO,BNY Mellon Strategic Municipals Inc. Common Stock,$6.18,-0.02,-0.323%,104882,384957478.00,United States,1987,Trusts Except Educational Religious and Charitable,Finance,/market-activity/stocks/leo,NYSE
LEU,Centrus Energy Corp. Class A Common Stock,$171.40,-4.38,-2.492%,530297,3419919861.00,United States,2014,Mining & Quarrying of Nonmetallic Minerals (No Fuels),Industrials,/market-activity/stocks/leu,NYSE
LEVI,Levi Strauss & Co Class A Common Stock,$20.76,-0.53,-2.489%,2221174,7989497667.00,United States,2019,Apparel,Consumer Discretionary,/market-activity/stocks/levi,NYSE
LFT,Lument Finance Trust Inc. Common Stock,$0.73,-0.0158,-2.13%,79326,38104930.00,United States,2013,Real Estate Investment Trusts,Real Estate,/market-activity/stocks/lft,NYSE
LFT^A,Lument Finance Trust Inc. 7.875% Series A Cumulative Redeemable Preferred Stock,$16.26,-0.095,-0.581%,2621,,United States,,,,/market-activity/stocks/lft^a,NYSE
LGI,Lazard Global Total Return and Income Fund Common Stock,$18.32,-0.13,-0.705%,26910,0.00,United States,2004,,,/market-activity/stocks/lgi,NYSE
LH,Labcorp Holdings Inc. Common Stock,$332.66,-2.45,-0.731%,851137,26978726000.00,United States,,Medical Specialities,Health Care,/market-activity/stocks/lh,NYSE
LHX,L3Harris Technologies Inc. Common Stock,$266.25,3.43,1.305%,2587347,49579641510.00,United States,,Industrial Machinery/Components,Industrials,/market-activity/stocks/lhx,NYSE
LII,Lennox International Inc. Common Stock,$382.64,-10.75,-2.733%,640325,13224296682.00,United States,1999,Industrial Machinery/Components,Industrials,/market-activity/stocks/lii,NYSE
LION,Lionsgate Studios Corp Common Shares,$11.33,-0.07,-0.614%,3445936,3371351174.00,Canada,2025,Movies/Entertainment,Consumer Discretionary,/market-activity/stocks/lion,NYSE
LITB,LightInTheBox Holding Co. Ltd. American Depositary Shares each representing twelve ordinary shares,$3.03,-0.175,-5.469%,5203,59672911.00,China,,Catalog/Specialty Distribution,Consumer Discretionary,/market-activity/stocks/litb,NYSE
LLY,Eli Lilly and Company Common Stock,$1156.73,-17.88,-1.522%,3055848,1088895957797.00,United States,,Biotechnology: Pharmaceutical Preparations,Health Care,/market-activity/stocks/lly,NYSE
LMND,Lemonade Inc. Common Stock,$52.23,-0.73,-1.378%,735879,4042425201.00,United States,2020,Property-Casualty Insurers,Finance,/market-activity/stocks/lmnd,NYSE
LMT,Lockheed Martin Corporation Common Stock,$561.23,-2.62,-0.465%,944952,129526694306.00,United States,,Military/Government/Technical,Industrials,/market-activity/stocks/lmt,NYSE
LNC,Lincoln National Corporation Common Stock,$42.59,-0.70,-1.617%,1948193,8153742040.00,United States,,Life Insurance,Finance,/market-activity/stocks/lnc,NYSE
LNC^D,Lincoln National Corporation Depositary Shares Each Representing a 1/1000th Interest in a Share of 9.000% Non-Cumulative Preferred Stock Series D,$26.30,0.17,0.651%,61023,,United States,,,,/market-activity/stocks/lnc^d,NYSE
LND,Brasilagro Brazilian Agric Real Estate Co Sponsored ADR (Brazil),$3.80,-0.02,-0.524%,35653,390197087.00,Brazil,,Farming/Seeds/Milling,Consumer Staples,/market-activity/stocks/lnd,NYSE
LNG,Cheniere Energy Inc. Common Stock,$291.69,9.36,3.315%,2078908,60243948547.00,United States,2001,Oil/Gas Transmission,Utilities,/market-activity/stocks/lng,NYSE
LNN,Lindsay Corporation Common Stock,$114.91,1.03,0.904%,155742,1168506575.00,United States,,Industrial Machinery/Components,Industrials,/market-activity/stocks/lnn,NYSE
LOAR,Loar Holdings Inc. Common Stock,$70.19,-1.50,-2.092%,767398,6575993779.00,United States,2024,Military/Government/Technical,Industrials,/market-activity/stocks/loar,NYSE
LOB,Live Oak Bancshares Inc. Common Stock,$39.39,-0.74,-1.844%,162981,1823111792.00,United States,2022,Major Banks,Finance,/market-activity/stocks/lob,NYSE
LOB^A,Live Oak Bancshares Inc. Depositary Shares Each Representing a 1/40th Interest in a Share of 8.375% Fixed Rate Series A Non-Cumulative Perpetual Preferred Stock,$25.32,-0.08,-0.315%,10949,,United States,,,,/market-activity/stocks/lob^a,NYSE
LOCL,Local Bounti Corporation Common Stock,$1.03,0.0366,3.684%,53798,24081523.00,United States,2021,Farming/Seeds/Milling,Consumer Staples,/market-activity/stocks/locl,NYSE
LOMA,Loma Negra Compania Industrial Argentina Sociedad Anonima ADS,$10.05,0.36,3.715%,537698,1172801132.00,Argentina,2017,Building Materials,Industrials,/market-activity/stocks/loma,NYSE
LOW,Lowe's Companies Inc. Common Stock,$204.70,-3.35,-1.61%,4340442,114847757689.00,United States,,RETAIL: Building Materials,Consumer Discretionary,/market-activity/stocks/low,NYSE
LPG,Dorian LPG Ltd. Common Stock,$50.04,0.26,0.522%,526754,2140845357.00,United States,2014,Marine Transportation,Consumer Discretionary,/market-activity/stocks/lpg,NYSE
LPL,LG Display Co Ltd AMERICAN DEPOSITORY SHARES,$3.39,0.04,1.194%,5690432,3390000000.00,South Korea,2004,Industrial Machinery/Components,Technology,/market-activity/stocks/lpl,NYSE
LPX,Louisiana-Pacific Corporation Common Stock,$70.51,-0.75,-1.052%,1416923,4930299639.00,United States,,Forest Products,Basic Materials,/market-activity/stocks/lpx,NYSE
LRN,Stride Inc. Common Stock,$86.69,-0.15,-0.173%,601306,3602822963.00,United States,,Other Consumer Services,Real Estate,/market-activity/stocks/lrn,NYSE
LSPD,Lightspeed Commerce Inc. Subordinate Voting Shares,$10.54,-0.06,-0.566%,997791,1405134482.00,Canada,,Computer Software: Prepackaged Software,Technology,/market-activity/stocks/lspd,NYSE
LTC,LTC Properties Inc. Common Stock,$40.32,-0.30,-0.739%,527366,2173472300.00,United States,,Real Estate Investment Trusts,Real Estate,/market-activity/stocks/ltc,NYSE
LTH,Life Time Group Holdings Inc. Common Stock,$42.02,-1.49,-3.425%,3537459,9389871055.00,United States,2021,Hotels/Resorts,Consumer Discretionary,/market-activity/stocks/lth,NYSE
LTM,LATAM Airlines Group S.A. American Depositary Shares (each representing two thousand (2000) shares of Common Stock),$49.77,-0.76,-1.504%,897894,14289364762.00,Chile,2024,Air Freight/Delivery Services,Consumer Discretionary,/market-activity/stocks/ltm,NYSE
LU,Lufax Holding Ltd American Depositary Shares each representing two (2) Ordinary Shares,$1.26,-0.05,-3.817%,927017,1092028004.00,China,,Finance: Consumer Services,Finance,/market-activity/stocks/lu,NYSE
LUCK,Lucky Strike Entertainment Corporation Class A Common Stock,$6.30,-0.18,-2.778%,76782,858866526.00,United States,2021,Services-Misc. Amusement & Recreation,Consumer Discretionary,/market-activity/stocks/luck,NYSE
LUMN,Lumen Technologies Inc. Common Stock,$6.25,0.21,3.477%,17011537,6446533775.00,United States,,Telecommunications Equipment,Telecommunications,/market-activity/stocks/lumn,NYSE
LUV,Southwest Airlines Company Common Stock,$38.53,-1.11,-2.80%,4535417,18849191985.00,United States,,Air Freight/Delivery Services,Consumer Discretionary,/market-activity/stocks/luv,NYSE
LUXE,LuxExperience B.V. American Depositary Shares each representing one Ordinary Share,$7.64,-0.06,-0.779%,75752,1041899316.00,,2021,Catalog/Specialty Distribution,Consumer Discretionary,/market-activity/stocks/luxe,NYSE
LVS,Las Vegas Sands Corp. Common Stock,$43.81,-1.23,-2.731%,7267608,28375788871.00,United States,2004,Hotels/Resorts,Consumer Discretionary,/market-activity/stocks/lvs,NYSE
LVWR,LiveWire Group Inc. Common Stock,$1.22,-0.13,-9.63%,303792,250603198.00,United States,2022,Motor Vehicles,Consumer Discretionary,/market-activity/stocks/lvwr,NYSE
LW,Lamb Weston Holdings Inc. Common Stock ,$54.53,-0.45,-0.818%,2047068,7496839530.00,United States,2016,Packaged Foods,Consumer Staples,/market-activity/stocks/lw,NYSE
LXP,LXP Industrial Trust Common Stock (Maryland REIT),$60.71,0.02,0.033%,989146,3579295497.00,United States,,Real Estate Investment Trusts,Real Estate,/market-activity/stocks/lxp,NYSE
LXP^C,LXP Industrial Trust 6.5% Series C Cumulative Convertible Preferred Stock,$49.19,0.0399,0.081%,2054,,United States,,,,/market-activity/stocks/lxp^c,NYSE
LXU,LSB Industries Inc. Common Stock,$10.67,0.28,2.695%,579533,768213368.00,United States,2003,Major Chemicals,Basic Materials,/market-activity/stocks/lxu,NYSE
LYB,LyondellBasell Industries NV Ordinary Shares Class A (Netherlands),$65.08,1.41,2.215%,4146574,21023309916.00,Netherlands,,Major Chemicals,Industrials,/market-activity/stocks/lyb,NYSE
LYG,Lloyds Banking Group Plc American Depositary Shares,$5.87,-0.05,-0.845%,11714989,86999351675.00,United Kingdom,,Commercial Banks,Finance,/market-activity/stocks/lyg,NYSE
LYNX,Lyntris Inc. Common Stock,$13.58,-0.48,-3.414%,376064,1574592635.00,,2026,Industrial Machinery/Components,Industrials,/market-activity/stocks/lynx,NYSE
LYV,Live Nation Entertainment Inc. Common Stock,$179.89,-1.76,-0.969%,1789699,42388175075.00,United States,,Services-Misc. Amusement & Recreation,Consumer Discretionary,/market-activity/stocks/lyv,NYSE
LZB,La-Z-Boy Incorporated Common Stock,$31.64,-0.93,-2.855%,787325,1267269674.00,United States,,Home Furnishings,Consumer Discretionary,/market-activity/stocks/lzb,NYSE
LZM,Lifezone Metals Limited Ordinary Shares,$4.63,0.29,6.682%,412586,416304399.00,Isle of Man,,Metal Mining,Basic Materials,/market-activity/stocks/lzm,NYSE
M,Macy's Inc Common Stock,$21.96,-0.05,-0.227%,4736238,5776313470.00,United States,,Department/Specialty Retail Stores,Consumer Discretionary,/market-activity/stocks/m,NYSE
MA,Mastercard Incorporated Common Stock,$589.31,-5.99,-1.006%,3151805,516241417741.00,United States,2006,Business Services,Consumer Discretionary,/market-activity/stocks/ma,NYSE
MAA,Mid-America Apartment Communities Inc. Common Stock,$128.85,-0.76,-0.586%,1268427,14949429159.00,United States,1994,Real Estate Investment Trusts,Real Estate,/market-activity/stocks/maa,NYSE
MAA^I,Mid-America Apartment Communities Inc. 8.50% Series I Cumulative Redeemable Preferred Stock,$50.96,-0.06,-0.118%,6875,,United States,,,,/market-activity/stocks/maa^i,NYSE
MAC,Macerich Company (The) Common Stock,$23.62,-0.13,-0.547%,4711654,6697672438.00,United States,1994,Real Estate Investment Trusts,Real Estate,/market-activity/stocks/mac,NYSE
MAGN,Magnera Corporation Common Stock,$12.56,0.16,1.29%,450563,449648000.00,United States,2000,Paper,Basic Materials,/market-activity/stocks/magn,NYSE
MAIN,Main Street Capital Corporation Common Stock,$58.92,0.37,0.632%,544621,5509518522.00,United States,2007,Finance/Investors Services,Finance,/market-activity/stocks/main,NYSE
MAIR,Madison Air Solutions Corporation Class A Common Stock,$26.40,0.07,0.266%,1334359,13245476957.00,,2026,Pollution Control Equipment,Industrials,/market-activity/stocks/mair,NYSE
MAN,ManpowerGroup Common Stock,$62.95,0.56,0.898%,945216,2927525632.00,United States,,Professional Services,Consumer Discretionary,/market-activity/stocks/man,NYSE
MANE,Veradermics Incorporated Common Stock,$98.41,0.48,0.49%,678480,4111583184.00,,2026,Biotechnology: Pharmaceutical Preparations,Health Care,/market-activity/stocks/mane,NYSE
MANU,Manchester United Ltd. Class A Ordinary Shares,$21.76,-0.34,-1.538%,340333,3752051972.00,United Kingdom,2012,Services-Misc. Amusement & Recreation,Consumer Discretionary,/market-activity/stocks/manu,NYSE
MAS,Masco Corporation Common Stock,$72.16,-1.09,-1.488%,1781498,14229044949.00,United States,,Industrial Specialties,Industrials,/market-activity/stocks/mas,NYSE
MATV,Mativ Holdings Inc. Common Stock,$11.89,-0.24,-1.979%,783635,656210265.00,United States,,Paper,Basic Materials,/market-activity/stocks/matv,NYSE
MATX,Matson Inc. Common Stock,$224.81,0.50,0.223%,271108,6722596393.00,United States,,Marine Transportation,Consumer Discretionary,/market-activity/stocks/matx,NYSE
MAX,MediaAlpha Inc. Class A Common Stock,$12.62,-0.23,-1.79%,480537,773151402.00,United States,2020,Business Services,Consumer Discretionary,/market-activity/stocks/max,NYSE
MBC,MasterBrand Inc. Common Stock,$8.25,-0.38,-4.403%,2465357,1678796543.00,United States,2022,Home Furnishings,Consumer Discretionary,/market-activity/stocks/mbc,NYSE
MBGL,Mobility Global Inc. Common Stock,$20.30,0.06,0.296%,4365843,5984872796.00,United States,2026,Business Services,Consumer Discretionary,/market-activity/stocks/mbgl,NYSE
MBI,MBIA Inc. Common Stock,$4.83,0.04,0.835%,513456,246409425.00,United States,1987,Property-Casualty Insurers,Finance,/market-activity/stocks/mbi,NYSE
MC,Moelis & Company Class A Common Stock,$68.07,-0.33,-0.482%,465821,5327775459.00,United States,2014,Investment Managers,Finance,/market-activity/stocks/mc,NYSE
MCB,Metropolitan Bank Holding Corp. Common Stock,$90.78,-1.01,-1.10%,86815,1125470287.00,United States,2017,Major Banks,Finance,/market-activity/stocks/mcb,NYSE
MCD,McDonald's Corporation Common Stock,$263.54,-1.46,-0.551%,5233030,186491849080.00,United States,,Restaurants,Consumer Discretionary,/market-activity/stocks/mcd,NYSE
MCI,Barings Corporate Investors Common Stock,$19.80,0.06,0.304%,123130,401182036.00,United States,,Trusts Except Educational Religious and Charitable,Finance,/market-activity/stocks/mci,NYSE
MCK,McKesson Corporation Common Stock,$885.32,-8.07,-0.903%,1382701,103219780171.00,United States,,Other Pharmaceuticals,Health Care,/market-activity/stocks/mck,NYSE
MCN,XAI Madison Equity Premium Income Fund Common Shares,$5.74,0.087,1.539%,98517,0.00,United States,2004,,,/market-activity/stocks/mcn,NYSE
MCO,Moody's Corporation Common Stock,$504.64,-10.31,-2.002%,858018,87403648000.00,United States,,Finance: Consumer Services,Finance,/market-activity/stocks/mco,NYSE
MCS,Marcus Corporation (The) Common Stock,$28.43,-0.59,-2.033%,200815,876558280.00,United States,,Movies/Entertainment,Consumer Discretionary,/market-activity/stocks/mcs,NYSE
MCY,Mercury General Corporation Common Stock,$101.96,-1.01,-0.981%,284232,5647424409.00,United States,,Property-Casualty Insurers,Finance,/market-activity/stocks/mcy,NYSE
MD,Pediatrix Medical Group Inc. Common Stock,$26.23,-0.38,-1.428%,682404,2131273298.00,United States,,Hospital/Nursing Management,Health Care,/market-activity/stocks/md,NYSE
MDA,MDA Space Ltd. Common Shares,$28.89,0.01,0.035%,1583651,4011323602.00,,2026,Electronic Components,Consumer Discretionary,/market-activity/stocks/mda,NYSE
MDT,Medtronic plc. Ordinary Shares,$90.65,-0.58,-0.636%,12619837,116030265050.00,United States,,Biotechnology: Electromedical & Electrotherapeutic Apparatus,Health Care,/market-activity/stocks/mdt,NYSE
MDU,MDU Resources Group Inc. Common Stock (Holding Company),$19.92,0.13,0.657%,1910658,4190161164.00,United States,,Mining & Quarrying of Nonmetallic Minerals (No Fuels),Industrials,/market-activity/stocks/mdu,NYSE
MEC,Mayville Engineering Company Inc. Common Stock,$19.36,0.04,0.207%,553975,493686408.00,United States,2019,Industrial Specialties,Industrials,/market-activity/stocks/mec,NYSE
MED,MEDIFAST INC Common Stock,$12.14,-0.04,-0.328%,132963,135733734.00,United States,,Packaged Foods,Consumer Staples,/market-activity/stocks/med,NYSE
MEGI,NYLIM CBRE Global Infrastructure Megatrends Term Fund Common Shares,$14.64,-0.18,-1.215%,180891,0.00,United States,2021,Investment Managers,Finance,/market-activity/stocks/megi,NYSE
MEI,Methode Electronics Inc. Common Stock,$18.23,0.02,0.11%,659383,646651023.00,United States,,Electrical Products,Technology,/market-activity/stocks/mei,NYSE
MER^K,Bank of America Corporation Income Capital Obligation Notes initially due December 15 2066,$25.05,-0.035,-0.14%,108085,,United States,,,,/market-activity/stocks/mer^k,NYSE
MET,MetLife Inc. Common Stock,$95.17,-1.34,-1.388%,2903014,60478339143.00,United States,2000,Life Insurance,Finance,/market-activity/stocks/met,NYSE
MET^A,MetLife Inc. Preferred Series A Floating Rate,$20.98,-0.21,-0.991%,86125,,United States,,,,/market-activity/stocks/met^a,NYSE
MET^E,MetLife Inc. Depositary Shares ,$21.01,-0.50,-2.325%,93460,,United States,,,,/market-activity/stocks/met^e,NYSE
MET^F,MetLife Inc. Depositary Shares each representing a 1/1000th interest in a share of 4.75% Non-Cumulative Preferred Stock Series F,$17.64,-0.31,-1.727%,117974,,United States,,,,/market-activity/stocks/met^f,NYSE
MFA,MFA Financial Inc.,$8.82,-0.01,-0.113%,1294125,891595613.00,United States,,Real Estate Investment Trusts,Real Estate,/market-activity/stocks/mfa,NYSE
MFA^B,MFA Financial Inc. Preferred Series B,$20.35,0.03,0.148%,13239,,United States,,,,/market-activity/stocks/mfa^b,NYSE
MFA^C,MFA Financial Inc. 6.50% Series C Fixed-to-Floating Rate Cumulative Redeemable Preferred Stock,$23.58,0.03,0.127%,34231,,United States,,,,/market-activity/stocks/mfa^c,NYSE
MFAN,MFA Financial Inc. 8.875% Senior Notes due 2029,$25.30,0.02,0.079%,18306,2597518161.00,United States,2024,Real Estate Investment Trusts,Real Estate,/market-activity/stocks/mfan,NYSE
MFAO,MFA Financial Inc. 9.000% Senior Notes due 2029,$25.26,-0.0599,-0.237%,3128,2593411413.00,United States,2024,Real Estate Investment Trusts,Real Estate,/market-activity/stocks/mfao,NYSE
MFC,Manulife Financial Corporation Common Stock,$42.41,-0.35,-0.819%,1523507,70777646699.00,Canada,,Life Insurance,Finance,/market-activity/stocks/mfc,NYSE
MFG,Mizuho Financial Group Inc. Sponosred ADR (Japan),$10.64,0.00,0.00%,2773933,132459945201.00,Japan,,Major Banks,Finance,/market-activity/stocks/mfg,NYSE
MFM,Aberdeen Municipal Income Fund Common Shares of Beneficial Interest,$5.39,0.02,0.372%,386689,222001331.00,United States,1986,Finance Companies,Finance,/market-activity/stocks/mfm,NYSE
MG,Mistras Group Inc Common Stock,$18.76,0.27,1.46%,197413,597503993.00,United States,2009,Military/Government/Technical,Consumer Discretionary,/market-activity/stocks/mg,NYSE
MGA,Magna International Inc. Common Stock,$65.57,-0.29,-0.44%,1499536,17405841467.00,Canada,,Auto Parts:O.E.M.,Consumer Discretionary,/market-activity/stocks/mga,NYSE
MGF,Aberdeen Government Markets Income Fund Common Shares of Beneficial Interest,$2.87,-0.01,-0.347%,37873,93554518.00,United States,1987,Trusts Except Educational Religious and Charitable,Finance,/market-activity/stocks/mgf,NYSE
MGM,MGM Resorts International Common Stock,$41.36,-0.92,-2.176%,2214864,10684245194.00,United States,,Hotels/Resorts,Consumer Discretionary,/market-activity/stocks/mgm,NYSE
MGR,Affiliated Managers Group Inc. 5.875% Junior Subordinated Notes due 2059,$19.40,-0.15,-0.767%,95218,551194022.00,United States,2019,Investment Managers,Finance,/market-activity/stocks/mgr,NYSE
MGRB,Affiliated Managers Group Inc. 4.750% Junior Subordinated Notes due 2060,$16.00,-0.09,-0.559%,20394,454593008.00,United States,2020,Investment Managers,Finance,/market-activity/stocks/mgrb,NYSE
MGRD,Affiliated Managers Group Inc. 4.200% Junior Subordinated Notes due 2061,$14.59,-0.06,-0.41%,10306,414531999.00,United States,2021,Investment Managers,Finance,/market-activity/stocks/mgrd,NYSE
MGRE,Affiliated Managers Group Inc. 6.750% Junior Subordinated Notes due 2064,$22.24,-0.09,-0.403%,49426,631884281.00,United States,2024,Investment Managers,Finance,/market-activity/stocks/mgre,NYSE
MGY,Magnolia Oil & Gas Corporation Class A Common Stock,$26.85,0.60,2.286%,3018679,6362606695.00,United States,2017,Oil & Gas Production,Energy,/market-activity/stocks/mgy,NYSE
MH,McGraw Hill Inc. Common Stock,$13.13,-0.09,-0.681%,369234,2511884728.00,,2025,Publishing,Consumer Discretionary,/market-activity/stocks/mh,NYSE
MHD,Blackrock MuniHoldings Fund Inc. Common Stock,$11.50,0.10,0.877%,332662,1710768417.00,United States,1997,Investment Bankers/Brokers/Service,Finance,/market-activity/stocks/mhd,NYSE
MHF,Western Asset Municipal High Income Fund Inc. Common Stock,$6.80,-0.05,-0.73%,50198,0.00,United States,1988,Finance/Investors Services,Finance,/market-activity/stocks/mhf,NYSE
MHK,Mohawk Industries Inc. Common Stock,$128.25,-1.64,-1.263%,953355,8687417096.00,United States,,Home Furnishings,Consumer Discretionary,/market-activity/stocks/mhk,NYSE
MHLA,Maiden Holdings Ltd. 6.625% Notes due 2046,$10.13,-0.51,-4.793%,3651,78425883.00,Bermuda,2016,Property-Casualty Insurers,Finance,/market-activity/stocks/mhla,NYSE
MHNC,Maiden Holdings North America Ltd. 7.75% Notes due 2043,$11.36,-0.0832,-0.727%,4501,87948472.00,Bermuda,2013,Property-Casualty Insurers,Finance,/market-activity/stocks/mhnc,NYSE
MHO,M/I Homes Inc. Common Stock,$148.81,-2.59,-1.711%,153332,3762367843.00,United States,1993,Homebuilding,Consumer Discretionary,/market-activity/stocks/mho,NYSE
MIAX,Miami International Holdings Inc. Common Stock,$42.87,-0.13,-0.302%,2296435,4254028597.00,United States,2025,Investment Bankers/Brokers/Service,Finance,/market-activity/stocks/miax,NYSE
MICC,The Magnum Ice Cream Company N.V. Ordinary Shares,$20.42,0.24,1.189%,933779,12502343870.00,,2025,Specialty Foods,Consumer Staples,/market-activity/stocks/micc,NYSE
MIN,Aberdeen Intermediate Income Fund Common Shares of Beneficial Interest,$2.43,-0.02,-0.816%,242360,279201584.00,United States,1988,Trusts Except Educational Religious and Charitable,Finance,/market-activity/stocks/min,NYSE
MIR,Mirion Technologies Inc. Class A Common Stock,$15.07,0.67,4.653%,4864594,3752997340.00,United States,2020,Industrial Machinery/Components,Industrials,/market-activity/stocks/mir,NYSE
MITN,TPG Mortgage Investment Trust Inc. 9.500% Senior Notes due 2029,$25.37,-0.03,-0.118%,557,748237004.00,United States,2024,Real Estate Investment Trusts,Real Estate,/market-activity/stocks/mitn,NYSE
MITP,TPG Mortgage Investment Trust Inc. 9.500% Senior Notes due 2029,$25.29,-0.045,-0.178%,3481,745877565.00,United States,2024,Real Estate Investment Trusts,Real Estate,/market-activity/stocks/mitp,NYSE
MITT,TPG Mortgage Investment Trust Inc. Common Stock,$6.73,0.04,0.598%,360573,214037387.00,United States,2011,Real Estate Investment Trusts,Real Estate,/market-activity/stocks/mitt,NYSE
MITT^A,TPG Mortgage Investment Trust Inc. 8.25% Series A Cumulative Redeemable Preferred Stock,$22.33,-0.4185,-1.84%,3396,,United States,,,,/market-activity/stocks/mitt^a,NYSE
MITT^B,TPG Mortgage Investment Trust Inc. 8.00% Series B Cumulative Redeemable Preferred Stock,$21.05,-0.33,-1.543%,12432,,United States,,,,/market-activity/stocks/mitt^b,NYSE
MITT^C,TPG Mortgage Investment Trust Inc. 8.00% Series C Fixed-to-Floating Rate Cumulative Redeemable Preferred Stock $0.01 par value per share,$24.98,-0.5892,-2.304%,11201,,United States,,,,/market-activity/stocks/mitt^c,NYSE
MIY,Blackrock MuniYield Michigan Quality Fund Inc. Common Stock,$12.72,0.05,0.395%,100670,1892258631.00,United States,1992,Investment Bankers/Brokers/Service,Finance,/market-activity/stocks/miy,NYSE
MKC,McCormick & Company Incorporated Common Stock,$54.22,-1.11,-2.006%,3364995,14577131149.00,United States,,Packaged Foods,Consumer Staples,/market-activity/stocks/mkc,NYSE
MKL,Markel Group Inc. Common Stock,$1802.91,-15.78,-0.868%,89120,22337979178.00,United States,1986,Property-Casualty Insurers,Finance,/market-activity/stocks/mkl,NYSE
MLI,Mueller Industries Inc. Common Stock,$62.41,-0.39,-0.621%,1262942,13803930425.00,United States,,Metal Fabrications,Industrials,/market-activity/stocks/mli,NYSE
MLM,Martin Marietta Materials Inc. Common Stock,$518.70,-12.35,-2.326%,708604,31156150689.00,United States,1994,Mining & Quarrying of Nonmetallic Minerals (No Fuels),Industrials,/market-activity/stocks/mlm,NYSE
MLP,Maui Land & Pineapple Company Inc. Common Stock,$15.84,0.08,0.508%,22133,314569015.00,United States,1998,Real Estate,Finance,/market-activity/stocks/mlp,NYSE
MLR,Miller Industries Inc. Common Stock,$56.02,-0.71,-1.252%,90642,635949348.00,United States,,Construction/Ag Equipment/Trucks,Consumer Discretionary,/market-activity/stocks/mlr,NYSE
MMD,NYLIM MacKay DefinedTerm Muni Opportunities Fund Common Shares,$15.00,0.07,0.469%,40868,0.00,United States,2012,Investment Managers,Finance,/market-activity/stocks/mmd,NYSE
MMI,Marcus & Millichap Inc. Common Stock,$31.66,-0.84,-2.585%,151907,1198995955.00,United States,2013,Real Estate,Finance,/market-activity/stocks/mmi,NYSE
MMM,3M Company Common Stock,$171.83,-2.51,-1.44%,2362486,88616582913.00,United States,,Medical/Dental Instruments,Health Care,/market-activity/stocks/mmm,NYSE
MMS,Maximus Inc. Common Stock,$57.77,-1.98,-3.314%,764719,3024707969.00,United States,1997,Business Services,Consumer Discretionary,/market-activity/stocks/mms,NYSE
MMT,Aberdeen Multi-Market Income Fund Common Shares of Beneficial Interest,$4.49,0.05,1.126%,292958,267371889.00,United States,1987,Trusts Except Educational Religious and Charitable,Finance,/market-activity/stocks/mmt,NYSE
MMU,Western Asset Managed Municipals Fund Inc. Common Stock,$10.10,0.01,0.099%,148847,0.00,United States,1992,Investment Managers,Finance,/market-activity/stocks/mmu,NYSE
MNR,Mach Natural Resources LP Common Units representing Limited Partner Interests,$12.50,-0.01,-0.08%,459665,2086851175.00,United States,2023,Oil & Gas Production,Energy,/market-activity/stocks/mnr,NYSE
MNSO,MINISO Group Holding Limited American Depositary Shares each representing four Ordinary Shares,$9.30,-1.03,-9.971%,2681880,2877336709.00,China,2020,Department/Specialty Retail Stores,Consumer Discretionary,/market-activity/stocks/mnso,NYSE
MNTN,MNTN Inc. Class A Common Stock,$13.15,-0.08,-0.605%,1134347,983661593.00,United States,2025,Advertising,Consumer Discretionary,/market-activity/stocks/mntn,NYSE
MO,Altria Group Inc.,$68.48,-0.17,-0.248%,10964743,114344064052.00,United States,, Medicinal Chemicals and Botanical Products ,Health Care,/market-activity/stocks/mo,NYSE
MOD,Modine Manufacturing Company Common Stock,$178.43,0.80,0.45%,1231029,9476900488.00,United States,,Auto Parts:O.E.M.,Consumer Discretionary,/market-activity/stocks/mod,NYSE
MOGU,MOGU Inc. American Depositary Shares (each  representing 25 Class A Ordinary Shares),$1.88,0.00,0.00%,470,15384591.00,,2018,Business Services,Consumer Discretionary,/market-activity/stocks/mogu,NYSE
MOH,Molina Healthcare Inc Common Stock,$198.77,-1.23,-0.615%,1035244,10375794000.00,United States,2003,Medical Specialities,Health Care,/market-activity/stocks/moh,NYSE
MOS,Mosaic Company (The) Common Stock,$24.12,0.52,2.203%,6906167,7667642982.00,United States,,Agricultural Chemicals,Industrials,/market-activity/stocks/mos,NYSE
MOV,Movado Group Inc. Common Stock,$33.73,-0.75,-2.175%,191253,752592024.00,United States,,Consumer Specialties,Consumer Discretionary,/market-activity/stocks/mov,NYSE
MP,MP Materials Corp. Common Stock,$54.75,-1.38,-2.459%,4199118,9751061943.00,United States,2020,Metal Mining,Basic Materials,/market-activity/stocks/mp,NYSE
MPA,Blackrock MuniYield Pennsylvania Quality Fund Common Stock,$10.98,-0.005,-0.046%,32968,0.00,United States,1992,Finance Companies,Finance,/market-activity/stocks/mpa,NYSE
MPC,Marathon Petroleum Corporation Common Stock,$373.32,4.49,1.217%,3626488,104837500523.00,United States,,Integrated oil Companies,Energy,/market-activity/stocks/mpc,NYSE
MPLX,MPLX LP Common Units Representing Limited Partner Interests,$59.17,-0.08,-0.135%,1406218,59989992712.00,United States,2012,Natural Gas Distribution,Energy,/market-activity/stocks/mplx,NYSE
MPT,Medical Properties Trust Inc. common stock,$3.97,-0.12,-2.934%,12206293,2370884000.00,United States,,Real Estate Investment Trusts,Real Estate,/market-activity/stocks/mpt,NYSE
MPV,Barings Participation Investors Common Stock,$17.01,0.69,4.228%,43523,180334917.00,United States,1988,Finance Companies,Finance,/market-activity/stocks/mpv,NYSE
MQY,Blackrock MuniYield Quality Fund Inc. Common Stock,$11.06,-0.01,-0.09%,343486,1645312929.00,United States,1992,Investment Bankers/Brokers/Service,Finance,/market-activity/stocks/mqy,NYSE
MRK,Merck & Company Inc. Common Stock (new),$147.76,-0.59,-0.398%,11124698,364549281231.00,United States,,Biotechnology: Pharmaceutical Preparations,Health Care,/market-activity/stocks/mrk,NYSE
MRP,Millrose Properties Inc. Class A Common Stock,$30.42,-0.19,-0.621%,1076982,5051177939.00,United States,2025,Real Estate,Finance,/market-activity/stocks/mrp,NYSE
MRSH,Marsh Common Stock,$189.80,-2.84,-1.474%,2360036,90574698666.00,United States,,Specialty Insurers,Finance,/market-activity/stocks/mrsh,NYSE
MS,Morgan Stanley Common Stock,$213.32,-1.45,-0.675%,4206737,335033201409.00,United States,,Investment Bankers/Brokers/Service,Finance,/market-activity/stocks/ms,NYSE
MS^A,Morgan Stanley Dep Shs repstg 1/1000 Pfd Ser A,$18.88,0.00,0.00%,127401,,United States,,,,/market-activity/stocks/ms^a,NYSE
MS^E,Morgan Stanley DEPOSITARY SHARES REP 1/1000TH SHARES FIXED/FLTG PREFERRED STOCK SERIES E,$25.46,0.03,0.118%,85617,,United States,,,,/market-activity/stocks/ms^e,NYSE
MS^F,Morgan Stanley Dep Shs Rpstg 1/1000th Int Prd Ser F Fxd to Flag,$25.29,0.02,0.079%,35721,,United States,,,,/market-activity/stocks/ms^f,NYSE
MS^I,Morgan Stanley Depository Shares Representing 1/1000th Preferred Series 1 Fixed to Floating Non (Cum),$24.43,-0.11,-0.448%,103829,,United States,,,,/market-activity/stocks/ms^i,NYSE
MS^K,Morgan Stanley Depositary Shares each representing 1/1000th of a share of Fixed-to-Floating Rate Non-Cumulative Preferred Stock  Series K,$22.47,-0.07,-0.311%,91833,,United States,,,,/market-activity/stocks/ms^k,NYSE
MS^L,Morgan Stanley Depositary Shares each representing 1/1000th of a share of 4.875% Non-Cumulative Preferred Stock Series L,$18.79,-0.08,-0.424%,53069,,United States,,,,/market-activity/stocks/ms^l,NYSE
MS^O,Morgan Stanley Depositary Shares each representing 1/1000th of a share of 4.250% Non-Cumulative Preferred Stock Series O,$16.42,-0.01,-0.061%,147835,,United States,,,,/market-activity/stocks/ms^o,NYSE
MS^P,Morgan Stanley Depositary Shares each representing 1/1000th of a share of 6.500% Non-Cumulative Preferred Stock Series P,$25.14,0.1549,0.62%,69168,,United States,,,,/market-activity/stocks/ms^p,NYSE
MS^Q,Morgan Stanley Depositary Shares each representing 1/1000th of a share of 6.625% Non-Cumulative Preferred Stock Series Q,$25.33,-0.01,-0.039%,59446,,United States,,,,/market-activity/stocks/ms^q,NYSE
MSA,MSA Safety Incorporated Common Stock,$186.77,-3.57,-1.876%,224528,7205267037.00,United States,2000,Industrial Specialties,Health Care,/market-activity/stocks/msa,NYSE
MSB,Mesabi Trust Common Stock,$24.46,0.49,2.044%,23221,320915445.00,United States,,Precious Metals,Industrials,/market-activity/stocks/msb,NYSE
MSC,Studio City International Holdings Limited American depositary shares each representing four  Class A ordinary shares,$1.74,-0.03,-1.695%,729,366646040.00,,2018,Hotels/Resorts,Consumer Discretionary,/market-activity/stocks/msc,NYSE
MSCI,MSCI Inc. Common Stock,$570.64,-0.12,-0.021%,426987,41485528000.00,United States,,Business Services,Consumer Discretionary,/market-activity/stocks/msci,NYSE
MSD,Morgan Stanley Emerging Markets Debt Fund Inc. Common Stock,$7.29,0.00,0.00%,41497,0.00,United States,1993,Trusts Except Educational Religious and Charitable,Finance,/market-activity/stocks/msd,NYSE
MSDL,Morgan Stanley Direct Lending Fund Common Stock,$15.35,0.17,1.12%,391987,0.00,United States,2024,,,/market-activity/stocks/msdl,NYSE
MSGE,Madison Square Garden Entertainment Corp. Class A Common Stock,$77.69,-0.61,-0.779%,330872,3675143629.00,United States,2023,Services-Misc. Amusement & Recreation,Consumer Discretionary,/market-activity/stocks/msge,NYSE
MSGS,Madison Square Garden Sports Corp. Class A Common Stock (New),$384.73,-4.61,-1.184%,227896,9264275701.00,United States,2015,Services-Misc. Amusement & Recreation,Consumer Discretionary,/market-activity/stocks/msgs,NYSE
MSI,Motorola Solutions Inc. Common Stock,$485.30,-0.70,-0.144%,1141228,80314135316.00,United States,,Radio And Television Broadcasting And Communications Equipment,Technology,/market-activity/stocks/msi,NYSE
MSIF,MSC Income Fund Inc. Common Stock,$12.89,0.24,1.897%,225121,584500002.00,,2025,Finance/Investors Services,Finance,/market-activity/stocks/msif,NYSE
MSM,MSC Industrial Direct Company Inc. Common Stock,$118.88,-0.32,-0.268%,618772,6639007906.00,United States,1995,Industrial Machinery/Components,Industrials,/market-activity/stocks/msm,NYSE
MT,Arcelor Mittal NY Registry Shares NEW,$74.60,0.21,0.282%,1171224,56779986097.00,Luxembourg,,Steel/Iron Ore,Industrials,/market-activity/stocks/mt,NYSE
MTAL,Metals Acquisition Corp. II Class A Ordinary Shares,$10.20,0.00,0.00%,657,841112747.00,,2026,Metal Mining,Basic Materials,/market-activity/stocks/mtal,NYSE
MTB,M&T Bank Corporation Common Stock,$233.94,-3.35,-1.412%,1746769,33784740332.00,United States,,Major Banks,Finance,/market-activity/stocks/mtb,NYSE
MTB^H,M&T Bank Corporation Perpetual Fixed-to-Floating Rate Non-Cumulative Preferred Stock Series H,$25.28,0.00,0.00%,9544,,United States,,,,/market-activity/stocks/mtb^h,NYSE
MTB^J,M&T Bank Corporation Depositary Shares each representing a 1/400th ownership interest in a share of Perpetual 7.500% Non-Cumulative Preferred Stock Series J,$26.80,0.0205,0.077%,43697,,United States,,,,/market-activity/stocks/mtb^j,NYSE
MTB^K,M&T Bank Corporation Depositary Shares each representing a 1/400th interest in a share of Perpetual 6.350% Non-Cumulative Preferred Stock Series K,$24.24,-0.08,-0.329%,29266,,United States,,,,/market-activity/stocks/mtb^k,NYSE
MTB^L,M&T Bank Corporation Depositary Shares each representing a 1/400th ownership interest in a share of Perpetual 6.625% Non-Cumulative Preferred Stock Series L,$25.22,-0.13,-0.513%,1899860,,United States,,,,/market-activity/stocks/mtb^l,NYSE
MTD,Mettler-Toledo International Inc. Common Stock,$1405.14,6.56,0.469%,221174,28154170513.00,Switzerland,1997,Biotechnology: Laboratory Analytical Instruments,Industrials,/market-activity/stocks/mtd,NYSE
MTDR,Matador Resources Company Common Stock,$58.01,1.62,2.873%,1398712,7178982070.00,United States,2012,Oil & Gas Production,Energy,/market-activity/stocks/mtdr,NYSE
MTG,MGIC Investment Corporation Common Stock,$30.65,-0.34,-1.097%,2226789,6287076346.00,United States,1991,Property-Casualty Insurers,Finance,/market-activity/stocks/mtg,NYSE
MTH,Meritage Homes Corporation Common Stock,$69.43,-1.63,-2.294%,421566,4525037277.00,United States,,Homebuilding,Consumer Discretionary,/market-activity/stocks/mth,NYSE
MTN,Vail Resorts Inc. Common Stock,$136.91,-5.02,-3.537%,614991,4878586045.00,United States,1997,Services-Misc. Amusement & Recreation,Consumer Discretionary,/market-activity/stocks/mtn,NYSE
MTNE,CH4 Natural Solutions Corporation Class A Ordinary Shares,$9.90,0.00,0.00%,8,0.00,,2026,,,/market-activity/stocks/mtne,NYSE
MTR,Mesa Royalty Trust Common Stock,$2.25,0.01,0.446%,18881,4193078.00,United States,,Oil & Gas Production,Energy,/market-activity/stocks/mtr,NYSE
MTRN,Materion Corporation,$236.08,-1.66,-0.698%,187654,4918425798.00,United States,,Industrial Specialties,Industrials,/market-activity/stocks/mtrn,NYSE
MTUS,Metallus Inc. Common Shares,$19.52,-0.05,-0.255%,382069,809090024.00,United States,2014,Steel/Iron Ore,Industrials,/market-activity/stocks/mtus,NYSE
MTW,Manitowoc Company Inc. (The) Common Stock,$19.42,-0.17,-0.868%,359331,700323438.00,United States,,Construction/Ag Equipment/Trucks,Industrials,/market-activity/stocks/mtw,NYSE
MTX,Minerals Technologies Inc. Common Stock,$70.92,-1.16,-1.609%,176037,2207651801.00,United States,1992,Major Chemicals,Basic Materials,/market-activity/stocks/mtx,NYSE
MTZ,MasTec Inc. Common Stock,$239.78,-1.22,-0.506%,1576927,19255520431.00,United States,,Water Sewer Pipeline Comm & Power Line Construction,Industrials,/market-activity/stocks/mtz,NYSE
MUA,Blackrock MuniAssets Fund Inc Common Stock,$9.93,-0.01,-0.101%,282513,1477211337.00,United States,1993,Investment Bankers/Brokers/Service,Finance,/market-activity/stocks/mua,NYSE
MUC,Blackrock MuniHoldings California Quality Fund Inc.  Common Stock,$10.56,-0.07,-0.659%,483179,1570931694.00,United States,1998,Investment Bankers/Brokers/Service,Finance,/market-activity/stocks/muc,NYSE
MUFG,Mitsubishi UFJ Financial Group Inc. Common Stock,$22.75,-0.15,-0.655%,2480262,269990423430.00,Japan,,Commercial Banks,Finance,/market-activity/stocks/mufg,NYSE
MUJ,Blackrock MuniHoldings New Jersey Quality Fund Inc. Common Stock,$12.09,0.07,0.582%,61596,1798538274.00,United States,1998,Investment Bankers/Brokers/Service,Finance,/market-activity/stocks/muj,NYSE
MUR,Murphy Oil Corporation Common Stock,$36.42,0.79,2.217%,1547764,5221940573.00,United States,,Oil & Gas Production,Energy,/market-activity/stocks/mur,NYSE
MUSA,Murphy USA Inc. Common Stock,$515.39,12.20,2.425%,385829,9473047040.00,United States,2013,Retail-Auto Dealers and Gas Stations,Consumer Discretionary,/market-activity/stocks/musa,NYSE
MUX,McEwen Inc. Common Stock,$20.16,-0.26,-1.273%,1053252,1236988691.00,Canada,,Precious Metals,Basic Materials,/market-activity/stocks/mux,NYSE
MWA,MUELLER WATER PRODUCTS Common Stock,$24.14,-0.24,-0.984%,898459,3768873891.00,United States,2006,Metal Fabrications,Industrials,/market-activity/stocks/mwa,NYSE
MX,Magnachip Semiconductor Corporation Common Stock,$3.13,-0.01,-0.318%,215056,114276647.00,Luxembourg,2011,Semiconductors,Technology,/market-activity/stocks/mx,NYSE
MXE,Mexico Equity and Income Fund Inc. (The) Common Stock,$13.46,0.06,0.448%,3099,0.00,United States,,Finance Companies,Finance,/market-activity/stocks/mxe,NYSE
MXF,Mexico Fund Inc. (The) Common Stock,$21.73,0.09,0.416%,44794,0.00,United States,,Trusts Except Educational Religious and Charitable,Finance,/market-activity/stocks/mxf,NYSE
MYE,Myers Industries Inc. Common Stock,$32.09,-0.71,-2.165%,701736,1207163866.00,United States,1983,Plastic Products,Industrials,/market-activity/stocks/mye,NYSE
MYI,Blackrock MuniYield Quality Fund III Inc Common Stock,$10.71,-0.03,-0.279%,164292,1593246064.00,United States,,Investment Bankers/Brokers/Service,Finance,/market-activity/stocks/myi,NYSE
MYN,Blackrock MuniYield New York Quality Fund Inc.Common Stock,$9.67,-0.01,-0.103%,130970,0.00,United States,1992,Finance Companies,Finance,/market-activity/stocks/myn,NYSE
MZYX,MOZAYYX Acquisition Corp. Class A Ordinary Shares,$9.97,-0.005,-0.05%,479,0.00,,2026,,,/market-activity/stocks/mzyx,NYSE
NABL,N-able Inc. Common Stock,$3.98,-0.21,-5.012%,2858881,751846079.00,United States,2021,Computer Software: Prepackaged Software,Technology,/market-activity/stocks/nabl,NYSE
NAC,Nuveen California Quality Municipal Income Fund,$11.65,-0.03,-0.257%,404327,0.00,United States,1999,Investment Managers,Finance,/market-activity/stocks/nac,NYSE
NAD,Nuveen Quality Municipal Income Fund Common Stock,$11.74,0.04,0.342%,708035,0.00,United States,1999,Investment Managers,Finance,/market-activity/stocks/nad,NYSE
NAN,Nuveen New York Quality Municipal Income Fund Common Stock,$10.89,-0.04,-0.366%,88097,3292219062.00,United States,1999,Investment Managers,Finance,/market-activity/stocks/nan,NYSE
NAT,Nordic American Tankers Limited Common Stock,$6.83,0.06,0.886%,4372974,1446257028.00,Bermuda,1995,Marine Transportation,Consumer Discretionary,/market-activity/stocks/nat,NYSE
NATL,NCR Atleos Corporation Common Stock,$45.92,-0.34,-0.735%,1019211,3393347209.00,United States,2023,Office Equipment/Supplies/Services,Miscellaneous,/market-activity/stocks/natl,NYSE
NAZ,Nuveen Arizona Quality Municipal Income Fund Common Stock,$12.31,-0.04,-0.324%,12541,0.00,United States,1992,Finance/Investors Services,Finance,/market-activity/stocks/naz,NYSE
NBB,Nuveen Taxable Municipal Income Fund Common Shares of Beneficial Interest,$15.39,-0.04,-0.259%,91319,0.00,United States,2010,Finance Companies,Finance,/market-activity/stocks/nbb,NYSE
NBHC,National Bank Holdings Corporation Common Stock,$41.29,0.07,0.17%,436610,1839037896.00,United States,2012,Major Banks,Finance,/market-activity/stocks/nbhc,NYSE
NBR,Nabors Industries Ltd.,$93.64,1.93,2.104%,345220,1531242856.00,Bermuda,1951,Oil & Gas Production,Energy,/market-activity/stocks/nbr,NYSE
NBXG,Neuberger Next Generation Connectivity Fund Inc. Common Stock,$15.28,-0.05,-0.326%,176466,0.00,United States,2021,Trusts Except Educational Religious and Charitable,Finance,/market-activity/stocks/nbxg,NYSE
NC,NACCO Industries Inc. Common Stock,$42.79,-0.27,-0.627%,13445,322923079.00,United States,,Coal Mining,Energy,/market-activity/stocks/nc,NYSE
NCA,Nuveen California Municipal Value Fund,$9.05,-0.015,-0.165%,160736,0.00,United States,,Investment Managers,Finance,/market-activity/stocks/nca,NYSE
NCDL,Nuveen Churchill Direct Lending Corp. Common Stock,$12.51,0.20,1.625%,161378,617832183.00,United States,2024,,,/market-activity/stocks/ncdl,NYSE
NCLH,Norwegian Cruise Line Holdings Ltd. Ordinary Shares,$16.14,-0.51,-3.063%,14494176,7411291834.00,United States,,Marine Transportation,Consumer Discretionary,/market-activity/stocks/nclh,NYSE
NCV,Virtus Convertible & Income Fund Common Shares of Beneficial Interest,$16.71,-0.12,-0.713%,56869,1510142338.00,United States,2003,Finance Companies,Finance,/market-activity/stocks/ncv,NYSE
NCV^A,Virtus Convertible & Income Fund 5.625% Series A Cumulative Preferred Shares,$20.00,-0.08,-0.398%,2308,,United States,,,,/market-activity/stocks/ncv^a,NYSE
NCZ,Virtus Convertible & Income Fund II Common Shares of Beneficial Interest,$15.41,-0.09,-0.581%,42128,1172943692.00,United States,2003,Finance Companies,Finance,/market-activity/stocks/ncz,NYSE
NCZ^A,Virtus Convertible & Income Fund II 5.50% Series A Cumulative Preferred Shares,$19.62,-0.05,-0.254%,6586,,United States,,,,/market-activity/stocks/ncz^a,NYSE
NDMO,Nuveen Dynamic Municipal Opportunities Fund Common Shares of Beneficial Interest,$9.94,0.03,0.303%,142089,591084426.00,,2020,Trusts Except Educational Religious and Charitable,Finance,/market-activity/stocks/ndmo,NYSE
NE,Noble Corporation plc A Ordinary Shares,$45.83,0.07,0.153%,958365,7316402851.00,United States,2022,Oil & Gas Production,Energy,/market-activity/stocks/ne,NYSE
NEA,Nuveen AMT-Free Quality Municipal Income Fund Common Shares of Beneficial Interest Par Value $.01,$11.25,0.02,0.178%,964406,0.00,United States,2002,Finance/Investors Services,Finance,/market-activity/stocks/nea,NYSE
NEE,NextEra Energy Inc. Common Stock,$82.34,0.50,0.611%,14053579,171759445729.00,United States,,Electric Utilities: Central,Utilities,/market-activity/stocks/nee,NYSE
NEE^N,NextEra Energy Capital Holdings Inc. Series N Junior Subordinated Debentures due March 1 2079,$20.87,-0.38,-1.788%,69135,,United States,,,,/market-activity/stocks/nee^n,NYSE
NEE^S,NextEra Energy Inc. 7.299% Corporate Units,$51.05,-0.69,-1.334%,300656,,United States,,,,/market-activity/stocks/nee^s,NYSE
NEE^T,NextEra Energy Inc. 7.234% Corporate Units,$47.89,0.33,0.694%,50144,,United States,,,,/market-activity/stocks/nee^t,NYSE
NEE^U,NextEra Energy Inc. Series U Junior Subordinated Debentures due June 1 2085,$23.26,-0.61,-2.556%,104017,,United States,,,,/market-activity/stocks/nee^u,NYSE
NEE^V,NextEra Energy Inc. 7.375% Corporate Units,$45.41,0.31,0.687%,87233,,United States,,,,/market-activity/stocks/nee^v,NYSE
NEE^W,NextEra Energy Capital Holdings Inc. Series Z Junior Subordinated Debentures due April 15 2086,$23.40,-0.15,-0.637%,35584,,United States,,,,/market-activity/stocks/nee^w,NYSE
NEM,Newmont Corporation,$126.06,-1.92,-1.50%,16670993,132828447682.00,United States,,Precious Metals,Basic Materials,/market-activity/stocks/nem,NYSE
NET,Cloudflare Inc. Class A Common Stock,$305.11,5.27,1.758%,3683935,108643481844.00,United States,2019,Computer Software: Prepackaged Software,Technology,/market-activity/stocks/net,NYSE
NEU,NewMarket Corp Common Stock,$897.70,-16.99,-1.857%,174011,8255613666.00,United States,,Major Chemicals,Industrials,/market-activity/stocks/neu,NYSE
NEXA,Nexa Resources S.A. Common Shares,$13.61,0.26,1.948%,850049,1802494790.00,Luxembourg,2017,Metal Mining,Basic Materials,/market-activity/stocks/nexa,NYSE
NFG,National Fuel Gas Company Common Stock,$83.06,0.09,0.108%,514911,7894445923.00,United States,,Oil/Gas Transmission,Utilities,/market-activity/stocks/nfg,NYSE
NFJ,Virtus Dividend Interest & Premium Strategy Fund Common Shares of Beneficial Interest,$15.57,0.00,0.00%,76529,0.00,United States,2005,Finance: Consumer Services,Finance,/market-activity/stocks/nfj,NYSE
NGG,National Grid Transco PLC National Grid PLC (NEW) American Depositary Shares,$79.16,-0.19,-0.239%,415740,78551178619.00,United Kingdom,,Natural Gas Distribution,Utilities,/market-activity/stocks/ngg,NYSE
NGL,NGL ENERGY PARTNERS LP Common Units representing Limited Partner Interests,$18.97,0.95,5.272%,409808,2367727062.00,United States,2011,Natural Gas Distribution,Utilities,/market-activity/stocks/ngl,NYSE
NGL^B,NGL ENERGY PARTNERS LP 9.00% Class B Fixed-to-Floating Rate Cumulative Redeemable Perpetual Preferred Units representing limited partnership interests,$26.06,0.1001,0.386%,12106,,United States,,,,/market-activity/stocks/ngl^b,NYSE
NGL^C,NGL ENERGY PARTNERS LP 9.625% Class C Fixed-to-Floating Rate Cumulative  Redeemable Perpetual Preferred Units representing  limited partner interests,$25.83,-0.05,-0.193%,1925,,United States,,,,/market-activity/stocks/ngl^c,NYSE
NGS,Natural Gas Services Group Inc. Common Stock,$35.20,0.51,1.47%,79753,454019632.00,United States,2002,Oilfield Services/Equipment,Energy,/market-activity/stocks/ngs,NYSE
NGVC,Natural Grocers by Vitamin Cottage Inc. Common Stock,$27.37,-0.11,-0.40%,106700,630764942.00,United States,2012,Food Chains,Consumer Staples,/market-activity/stocks/ngvc,NYSE
NGVT,Ingevity Corporation Common Stock ,$69.29,-0.14,-0.202%,292958,2382046215.00,United States,2016,Major Chemicals,Industrials,/market-activity/stocks/ngvt,NYSE
NHI,National Health Investors Inc. Common Stock,$71.11,-0.92,-1.277%,308099,3492242962.00,United States,,Real Estate Investment Trusts,Real Estate,/market-activity/stocks/nhi,NYSE
NI,NiSource Inc Common Stock,$40.92,0.35,0.863%,6917858,19623599292.00,United States,,Power Generation,Utilities,/market-activity/stocks/ni,NYSE
NIC,Nicolet Bankshares Inc. Common Stock,$169.34,-2.40,-1.397%,155856,3548945251.00,United States,2022,Major Banks,Finance,/market-activity/stocks/nic,NYSE
NIE,Virtus Equity & Convertible Income Fund Common Shares of Beneficial Interest,$25.95,-0.11,-0.422%,53070,719047642.00,United States,2007,Investment Managers,Finance,/market-activity/stocks/nie,NYSE
NIM,Nuveen Select Maturities Municipal Fund Common Stock,$9.35,0.04,0.43%,16869,0.00,United States,1992,Trusts Except Educational Religious and Charitable,Finance,/market-activity/stocks/nim,NYSE
NIO,NIO Inc. American depositary shares each  representing one Class A ordinary share,$4.23,-0.14,-3.204%,45141679,10598971503.00,United States,2018,Auto Manufacturing,Industrials,/market-activity/stocks/nio,NYSE
NIQ,NIQ Global Intelligence plc Ordinary Shares,$19.06,-0.14,-0.729%,1179337,5621858768.00,United States,2025,Computer Software: Programming Data Processing,Technology,/market-activity/stocks/niq,NYSE
NJR,NewJersey Resources Corporation Common Stock,$53.34,-0.26,-0.485%,596843,5412300240.00,United States,,Oil/Gas Transmission,Utilities,/market-activity/stocks/njr,NYSE
NKE,Nike Inc. Common Stock,$39.06,-0.54,-1.364%,23833687,57945459339.00,United States,,Shoe Manufacturing,Consumer Discretionary,/market-activity/stocks/nke,NYSE
NKX,Nuveen California AMT-Free Quality Municipal Income Fund,$12.05,0.00,0.00%,165390,0.00,United States,2002,Finance/Investors Services,Finance,/market-activity/stocks/nkx,NYSE
NL,NLI Holdings Inc. Common Stock,$6.67,-0.06,-0.892%,18823,326154556.00,United States,,Major Chemicals,Basic Materials,/market-activity/stocks/nl,NYSE
NLOP,Net Lease Office Properties Common Shares of Beneficial Interest,$11.42,-0.09,-0.782%,94540,169176737.00,United States,2023,Real Estate Investment Trusts,Real Estate,/market-activity/stocks/nlop,NYSE
NLY,Annaly Capital Management Inc. Common Stock,$22.92,-0.12,-0.521%,8863304,17275135011.00,United States,,Real Estate Investment Trusts,Real Estate,/market-activity/stocks/nly,NYSE
NLY^F,Annaly Capital Management Inc 6.95% Series F,$25.94,-0.04,-0.154%,35542,,United States,,,,/market-activity/stocks/nly^f,NYSE
NLY^G,Annaly Capital Management Inc 6.50% Series G Fixed-to-Floating Rate Cumulative Redeemable Preferred Stock,$25.61,0.035,0.137%,39650,,United States,,,,/market-activity/stocks/nly^g,NYSE
NLY^I,Annaly Capital Management Inc 6.750% Series I Fixed-to-Floating Rate Cumulative Redeemable Preferred Stock,$25.48,0.01,0.039%,82969,,United States,,,,/market-activity/stocks/nly^i,NYSE
NLY^J,Annaly Capital Management Inc. 8.875% Series J Fixed-Rate Cumulative Redeemable Preferred Stock,$26.40,0.01,0.038%,45313,,United States,,,,/market-activity/stocks/nly^j,NYSE
NMAI,Nuveen Multi-Asset Income Fund Common Shares of Beneficial Interest,$14.70,0.30,2.083%,146886,0.00,United States,2021,Investment Managers,Finance,/market-activity/stocks/nmai,NYSE
NMAX,Newsmax Inc. Class B Common Stock,$10.76,0.05,0.467%,914160,1389768540.00,United States,2025,Broadcasting,Industrials,/market-activity/stocks/nmax,NYSE
NMCO,Nuveen Municipal Credit Opportunities Fund Common Shares,$9.77,-0.07,-0.711%,860213,535117301.00,,2019,Finance/Investors Services,Finance,/market-activity/stocks/nmco,NYSE
NMG,Nouveau Monde Graphite Inc. Common Shares,$1.47,0.03,2.083%,200762,483860540.00,Canada,,Other Metals and Minerals,Basic Materials,/market-activity/stocks/nmg,NYSE
NMI,Nuveen Municipal Income Fund Inc. Common Stock,$10.45,0.05,0.481%,46741,0.00,United States,1988,Trusts Except Educational Religious and Charitable,Finance,/market-activity/stocks/nmi,NYSE
NMM,Navios Maritime Partners LP Common Units Representing Limited Partner Interests,$88.33,1.17,1.342%,236859,2576436557.00,Greece,2007,Marine Transportation,Consumer Discretionary,/market-activity/stocks/nmm,NYSE
NMR,Nomura Holdings Inc ADR American Depositary Shares,$10.18,-0.12,-1.165%,442351,29535612940.00,Japan,,Investment Bankers/Brokers/Service,Finance,/market-activity/stocks/nmr,NYSE
NMS,Nuveen Minnesota Quality Municipal Income Fund ,$10.88,-0.07,-0.639%,28745,0.00,United States,2014,Finance Companies,Finance,/market-activity/stocks/nms,NYSE
NMT,Nuveen Massachusetts Quality Municipal Income Fund Common Stock,$12.59,0.03,0.239%,6871,0.00,United States,,Finance/Investors Services,Finance,/market-activity/stocks/nmt,NYSE
NMZ,Nuveen Municipal High Income Opportunity Fund Common Stock $0.01 par value per share,$10.00,0.03,0.301%,569458,0.00,United States,2003,Finance/Investors Services,Finance,/market-activity/stocks/nmz,NYSE
NNI,Nelnet Inc. Common Stock,$125.27,-2.10,-1.649%,159732,4482090198.00,United States,2003,Finance: Consumer Services,Finance,/market-activity/stocks/nni,NYSE
NNN,NNN REIT Inc. Common Stock,$45.20,-0.47,-1.029%,1264867,8675299280.00,United States,,Real Estate Investment Trusts,Real Estate,/market-activity/stocks/nnn,NYSE
NNY,Nuveen New York Municipal Value Fund Common Stock,$8.16,-0.01,-0.122%,31965,0.00,United States,1988,Investment Managers,Finance,/market-activity/stocks/nny,NYSE
NOA,North American Construction Group Ltd. Common Shares (no par),$13.39,0.26,1.98%,66528,371043086.00,Canada,2006,Oilfield Services/Equipment,Energy,/market-activity/stocks/noa,NYSE
NOAH,Noah Holdings Limited American Depositary Shares,$8.57,-0.01,-0.117%,105749,574632700.00,China,2010,Investment Managers,Finance,/market-activity/stocks/noah,NYSE
NOC,Northrop Grumman Corporation Common Stock,$539.70,-5.87,-1.076%,764892,76671415132.00,United States,,Industrial Machinery/Components,Industrials,/market-activity/stocks/noc,NYSE
NOG,Northern Oil and Gas Inc. Common Stock,$26.01,0.28,1.088%,2126438,2771342819.00,United States,2022,Oil & Gas Production,Energy,/market-activity/stocks/nog,NYSE
NOK,Nokia Corporation Sponsored American Depositary Shares,$10.14,-0.07,-0.686%,45492767,58226310517.00,Finland,1994,Radio And Television Broadcasting And Communications Equipment,Technology,/market-activity/stocks/nok,NYSE
NOMD,Nomad Foods Limited Ordinary Shares,$11.64,-0.24,-2.02%,1014893,1653882111.00,United Kingdom,2016,Packaged Foods,Consumer Staples,/market-activity/stocks/nomd,NYSE
NOV,NOV Inc. Common Stock,$21.29,0.30,1.429%,2801794,7589419281.00,United States,,Oil and Gas Field Machinery,Consumer Discretionary,/market-activity/stocks/nov,NYSE
NOW,ServiceNow Inc. Common Stock,$147.99,3.28,2.267%,25993722,153021660000.00,United States,2012,Computer Software: Prepackaged Software,Technology,/market-activity/stocks/now,NYSE
NP,Neptune Insurance Holdings Inc. Class A Common Stock,$33.31,-0.56,-1.653%,339664,4571234228.00,,2025,Specialty Insurers,Finance,/market-activity/stocks/np,NYSE
NPB,Northpointe Bancshares Inc. Common Stock,$16.99,-0.05,-0.293%,124739,587545496.00,United States,2025,Major Banks,Finance,/market-activity/stocks/npb,NYSE
NPCT,Nuveen Core Plus Impact Fund Common Shares of Beneficial Interest,$9.68,-0.02,-0.206%,130362,0.00,United States,2021,Investment Managers,Finance,/market-activity/stocks/npct,NYSE
NPFD,Nuveen Variable Rate Preferred & Income Fund Common Shares,$18.81,0.03,0.16%,29391,0.00,United States,2021,Trusts Except Educational Religious and Charitable,Finance,/market-activity/stocks/npfd,NYSE
NPK,National Presto Industries Inc. Common Stock,$151.71,-0.91,-0.596%,101247,1082612725.00,United States,,Ordnance And Accessories,Industrials,/market-activity/stocks/npk,NYSE
NPKI,NPK International Inc. Common Stock,$13.28,0.12,0.912%,768729,1127603392.00,United States,,Misc Corporate Leasing Services,Industrials,/market-activity/stocks/npki,NYSE
NPO,Enpro Inc. Common Stock,$296.22,-2.74,-0.917%,152811,6270290466.00,United States,,Metal Fabrications,Industrials,/market-activity/stocks/npo,NYSE
NPV,Nuveen Virginia Quality Municipal Income Fund Common Stock,$10.47,-0.02,-0.191%,104206,0.00,United States,1993,Investment Managers,Finance,/market-activity/stocks/npv,NYSE
NPWR,NET Power Inc. Class A Common Stock,$1.78,-0.05,-2.732%,507622,400248239.00,United States,2021,Industrial Machinery/Components,Energy,/market-activity/stocks/npwr,NYSE
NRDY,Nerdy Inc. Class A Common Stock,$10.01,-0.31,-3.004%,18830,127867670.00,United States,2020,Other Consumer Services,Real Estate,/market-activity/stocks/nrdy,NYSE
NREF,NexPoint Real Estate Finance Inc. Common Stock,$17.23,-0.01,-0.058%,28209,324751540.00,United States,2020,Real Estate Investment Trusts,Real Estate,/market-activity/stocks/nref,NYSE
NREF^A,NexPoint Real Estate Finance Inc. 8.50% Series A Cumulative Redeemable Preferred Stock,$24.75,-0.28,-1.119%,3525,,United States,,,,/market-activity/stocks/nref^a,NYSE
NRG,NRG Energy Inc. Common Stock,$110.12,-1.00,-0.90%,3576228,23148378388.00,United States,,Electric Utilities: Central,Utilities,/market-activity/stocks/nrg,NYSE
NRGV,Energy Vault Holdings Inc. Common Stock,$3.40,-0.14,-3.955%,2713080,618254538.00,United States,2021,Industrial Machinery/Components,Miscellaneous,/market-activity/stocks/nrgv,NYSE
NRK,Nuveen New York AMT-Free Quality Municipal Income Fund ,$10.28,0.06,0.587%,265938,0.00,United States,2002,Trusts Except Educational Religious and Charitable,Finance,/market-activity/stocks/nrk,NYSE
NRP,Natural Resource Partners LP Limited Partnership,$112.57,-0.15,-0.133%,33710,1491598879.00,United States,2002,Coal Mining,Energy,/market-activity/stocks/nrp,NYSE
NRT,North European Oil Royality Trust Common Stock,$9.11,0.09,0.998%,79384,83726275.00,United States,,Oil & Gas Production,Energy,/market-activity/stocks/nrt,NYSE
NRUC,National Rural Utilities Cooperative Finance Corporation 5.500% Subordinated Notes due 2064 (Subordinated Deferrable Interest Notes),$21.10,-0.20,-0.939%,27779,0.00,United States,2019,Diversified Financial Services,Finance,/market-activity/stocks/nruc,NYSE
NSC,Norfolk Southern Corporation Common Stock,$342.79,-5.89,-1.689%,1174733,76993504181.00,United States,,Railroads,Industrials,/market-activity/stocks/nsc,NYSE
NSP,Insperity Inc. Common Stock,$53.35,-0.19,-0.355%,264428,2037717655.00,United States,,Professional Services,Consumer Discretionary,/market-activity/stocks/nsp,NYSE
NTB,Bank of N.T. Butterfield & Son Limited (The) Voting Ordinary Shares,$58.88,-0.42,-0.708%,205864,2355200000.00,Bermuda,2016,Commercial Banks,Finance,/market-activity/stocks/ntb,NYSE
NTR,Nutrien Ltd. Common Shares,$75.53,2.02,2.748%,3053324,36402607458.00,Canada,2004,Agricultural Chemicals,Industrials,/market-activity/stocks/ntr,NYSE
NTST,NetSTREIT Corp. Common Stock,$20.36,-0.11,-0.537%,1088701,2067110039.00,United States,2020,Real Estate Investment Trusts,Real Estate,/market-activity/stocks/ntst,NYSE
NU,Nu Holdings Ltd. Class A Ordinary Shares,$14.55,0.25,1.748%,95271689,70650051346.00,Cayman Islands,2021,Finance: Consumer Services,Finance,/market-activity/stocks/nu,NYSE
NUE,Nucor Corporation Common Stock,$249.64,-0.86,-0.343%,1329986,56637243757.00,United States,,Steel/Iron Ore,Industrials,/market-activity/stocks/nue,NYSE
NUS,Nu Skin Enterprises Inc. Common Stock,$4.69,-0.16,-3.299%,842651,228293413.00,United States,1996,Other Pharmaceuticals,Health Care,/market-activity/stocks/nus,NYSE
NUV,Nuveen Municipal Value Fund Inc. Common Stock,$9.00,0.01,0.111%,503237,0.00,United States,1987,Trusts Except Educational Religious and Charitable,Finance,/market-activity/stocks/nuv,NYSE
NUVB,Nuvation Bio Inc. Class A Common Stock,$6.66,0.00,0.00%,3199949,2338480732.00,United States,2020,Biotechnology: Pharmaceutical Preparations,Health Care,/market-activity/stocks/nuvb,NYSE
NUW,Nuveen AMT-Free Municipal Value Fund,$13.97,0.01,0.072%,43155,0.00,United States,2009,Investment Managers,Finance,/market-activity/stocks/nuw,NYSE
NVG,Nuveen AMT-Free Municipal Credit Income Fund ,$12.15,-0.05,-0.41%,568105,0.00,United States,2002,Investment Managers,Finance,/market-activity/stocks/nvg,NYSE
NVGS,Navigator Holdings Ltd. Ordinary Shares (Marshall Islands),$22.11,0.05,0.227%,265880,1364186359.00,Marshall Islands,2013,Marine Transportation,Consumer Discretionary,/market-activity/stocks/nvgs,NYSE
NVO,Novo Nordisk A/S Common Stock,$45.33,-0.28,-0.614%,7601871,200718090472.00,Denmark,,Biotechnology: Pharmaceutical Preparations,Health Care,/market-activity/stocks/nvo,NYSE
NVR,NVR Inc. Common Stock,$6315.23,-81.04,-1.267%,41054,16829203818.00,United States,1998,Homebuilding,Consumer Discretionary,/market-activity/stocks/nvr,NYSE
NVRI,Enviri Corporation Common Stock,$22.28,0.00,0.00%,289368,628075851.00,,2026,Diversified Commercial Services,Miscellaneous,/market-activity/stocks/nvri,NYSE
NVS,Novartis AG Common Stock,$152.06,-1.75,-1.138%,1286182,290153544309.00,Switzerland,,Biotechnology: Pharmaceutical Preparations,Health Care,/market-activity/stocks/nvs,NYSE
NVST,Envista Holdings Corporation Common Stock,$27.14,0.01,0.037%,1483274,4359164622.00,United States,2019,Medical/Dental Instruments,Health Care,/market-activity/stocks/nvst,NYSE
NVT,nVent Electric plc Ordinary Shares ,$150.75,2.27,1.529%,12499595,24400084304.00,United Kingdom,2018,Industrial Machinery/Components,Industrials,/market-activity/stocks/nvt,NYSE
NWAX,New America Acquisition I Corp. Class A Common Stock,$10.18,-0.015,-0.147%,4624,0.00,,2026,Blank Checks,Finance,/market-activity/stocks/nwax,NYSE
NWG,NatWest Group plc American Depositary Shares (each representing two (2) Ordinary Shares),$18.20,-0.18,-0.979%,2421917,74866079998.00,United Kingdom,2022,Commercial Banks,Finance,/market-activity/stocks/nwg,NYSE
NWN,Northwest Natural Holding Company Common Stock,$49.07,-0.43,-0.869%,239173,2065529910.00,United States,,Oil/Gas Transmission,Utilities,/market-activity/stocks/nwn,NYSE
NX,Quanex Building Products Corporation Common Stock,$19.22,-0.20,-1.03%,291382,882735487.00,United States,,Metal Fabrications,Industrials,/market-activity/stocks/nx,NYSE
NXDR,Nextdoor Holdings Inc. Class A Common Stock,$2.25,-0.02,-0.881%,2019167,870408905.00,United States,,Computer Software: Programming Data Processing,Technology,/market-activity/stocks/nxdr,NYSE
NXDT,NexPoint Diversified Real Estate Trust Common Stock,$5.31,-0.09,-1.667%,148093,281993003.00,United States,,Real Estate Investment Trusts,Real Estate,/market-activity/stocks/nxdt,NYSE
NXDT^A,NexPoint Diversified Real Estate Trust 5.50% Series A Cumulative Preferred Shares ($25.00 liquidation preference per share),$13.30,0.105,0.796%,265,,United States,,,,/market-activity/stocks/nxdt^a,NYSE
NXE,Nexgen Energy Ltd. Common Shares,$10.47,0.07,0.673%,4386224,7020198877.00,Canada,2017,Other Metals and Minerals,Basic Materials,/market-activity/stocks/nxe,NYSE
NXG,NXG NextGen Infrastructure Income Fund Common Shares of Beneficial Interest,$55.98,-0.31,-0.551%,118152,145643950.00,United States,2012,,,/market-activity/stocks/nxg,NYSE
NXP,Nuveen Select Tax Free Income Portfolio Common Stock,$14.22,0.01,0.07%,174831,665483387.00,United States,1992,Trusts Except Educational Religious and Charitable,Finance,/market-activity/stocks/nxp,NYSE
NXRT,NexPoint Residential Trust Inc. Common Stock,$23.71,0.16,0.679%,533590,605786066.00,United States,2015,Real Estate Investment Trusts,Real Estate,/market-activity/stocks/nxrt,NYSE
NYC,American Strategic Investment Co. Class A Common Stock,$6.38,0.118,1.884%,45503,20183972.00,,2020,Real Estate Investment Trusts,Real Estate,/market-activity/stocks/nyc,NYSE
NYT,New York Times Company (The) Common Stock,$67.27,-0.89,-1.306%,2454105,10797027527.00,United States,,Newspapers/Magazines,Consumer Discretionary,/market-activity/stocks/nyt,NYSE
NZF,Nuveen Municipal Credit Income Fund ,$12.18,-0.01,-0.082%,523400,0.00,United States,2007,Finance Companies,Finance,/market-activity/stocks/nzf,NYSE
O,Realty Income Corporation Common Stock,$61.28,-0.70,-1.129%,6716459,57984241062.00,United States,,Real Estate Investment Trusts,Real Estate,/market-activity/stocks/o,NYSE
OAK^A,Brookfield Oaktree Holdings LLC 6.625% Series A Preferred Units,$20.57,-0.03,-0.146%,12078,,United States,,,,/market-activity/stocks/oak^a,NYSE
OAK^B,Brookfield Oaktree Holdings LLC 6.550% Series B Preferred Units,$20.44,0.17,0.839%,16539,,United States,,,,/market-activity/stocks/oak^b,NYSE
OBDC,Blue Owl Capital Corporation Common Stock,$11.53,0.23,2.035%,6328406,5685933821.00,United States,2019,Diversified Financial Services,Finance,/market-activity/stocks/obdc,NYSE
OBK,Origin Bancorp Inc. Common Stock,$53.13,-0.12,-0.225%,156553,1639043392.00,United States,,Major Banks,Finance,/market-activity/stocks/obk,NYSE
OC,Owens Corning Inc Common Stock New,$138.15,-4.98,-3.479%,1241823,10920575556.00,United States,,Industrial Machinery/Components,Industrials,/market-activity/stocks/oc,NYSE
OCAC,Ocean Capital Acquisition Corporation Ordinary Shares,$9.97,0.01,0.10%,8857,0.00,,2026,Blank Checks,Finance,/market-activity/stocks/ocac,NYSE
ODC,Oil-Dri Corporation Of America Common Stock,$89.98,-1.71,-1.865%,120597,1303660383.00,United States,,Miscellaneous manufacturing industries,Consumer Discretionary,/market-activity/stocks/odc,NYSE
OEC,Orion S.A. Common Shares,$6.24,-0.10,-1.577%,354778,352701642.00,Luxembourg,2014,Major Chemicals,Industrials,/market-activity/stocks/oec,NYSE
OFG,OFG Bancorp Common Stock,$52.05,-0.38,-0.725%,217437,2199918963.00,Puerto Rico,,Major Banks,Finance,/market-activity/stocks/ofg,NYSE
OFRM,Once Upon a Farm PBC Common Stock,$17.32,0.16,0.932%,320674,727278110.00,,2026,Packaged Foods,Consumer Staples,/market-activity/stocks/ofrm,NYSE
OGC,OceanaGold Corporation Common Shares,$29.40,-0.67,-2.228%,297075,6592009876.00,,2026,,,/market-activity/stocks/ogc,NYSE
OGE,OGE Energy Corp Common Stock,$45.63,-0.11,-0.24%,1407334,9426304126.00,United States,,Electric Utilities: Central,Utilities,/market-activity/stocks/oge,NYSE
OGG,Osisko Gold Group Inc. Common Shares,$2.99,-0.08,-2.606%,1280915,914455133.00,Canada,2022,Precious Metals,Basic Materials,/market-activity/stocks/ogg,NYSE
OGN,Organon & Co. Common Stock ,$13.76,0.00,0.00%,4052476,3613505798.00,United States,2021,Biotechnology: Pharmaceutical Preparations,Health Care,/market-activity/stocks/ogn,NYSE
OGS,ONE Gas Inc. Common Stock,$79.27,-0.20,-0.252%,535659,4982616523.00,United States,2014,Oil/Gas Transmission,Utilities,/market-activity/stocks/ogs,NYSE
OHI,Omega Healthcare Investors Inc. Common Stock,$45.72,-0.27,-0.587%,1863285,13853754360.00,United States,1992,Real Estate Investment Trusts,Real Estate,/market-activity/stocks/ohi,NYSE
OI,O-I Glass Inc. Common Stock,$7.27,-0.12,-1.624%,2779516,1117106361.00,United States,,Containers/Packaging,Consumer Discretionary,/market-activity/stocks/oi,NYSE
OIA,Invesco Municipal Income Opportunities Trust Common Stock,$6.07,0.02,0.331%,149028,288965925.00,United States,,Finance Companies,Finance,/market-activity/stocks/oia,NYSE
OII,Oceaneering International Inc. Common Stock,$51.76,1.17,2.313%,926149,5151654425.00,United States,,Oilfield Services/Equipment,Energy,/market-activity/stocks/oii,NYSE
OIS,Oil States International Inc. Common Stock,$8.82,0.21,2.439%,577393,532045500.00,United States,2001,Oil and Gas Field Machinery,Consumer Discretionary,/market-activity/stocks/ois,NYSE
OKE,ONEOK Inc. Common Stock,$96.01,1.25,1.319%,5214827,60521791729.00,United States,,Oil & Gas Production,Utilities,/market-activity/stocks/oke,NYSE
OKLO,Oklo Inc. Class A common stock,$40.57,0.43,1.071%,6216503,7546736061.00,United States,2021,Electric Utilities: Central,Utilities,/market-activity/stocks/oklo,NYSE
OLN,Olin Corporation Common Stock,$17.40,0.25,1.458%,4258209,1983295326.00,United States,,Major Chemicals,Industrials,/market-activity/stocks/oln,NYSE
OLP,One Liberty Properties Inc. Common Stock,$23.93,-0.23,-0.952%,110563,522272824.00,United States,1986,Real Estate Investment Trusts,Real Estate,/market-activity/stocks/olp,NYSE
OMC,Omnicom Group Inc. Common Stock,$87.53,-0.75,-0.85%,1888249,24013502492.00,United States,,Advertising,Consumer Discretionary,/market-activity/stocks/omc,NYSE
OMF,OneMain Holdings Inc. Common Stock,$62.46,-0.38,-0.605%,1577825,7185490154.00,United States,2013,Finance: Consumer Services,Finance,/market-activity/stocks/omf,NYSE
ONIT,Onity Group Inc. Common Stock,$34.24,-1.18,-3.331%,57713,286058765.00,United States,,Finance: Consumer Services,Finance,/market-activity/stocks/onit,NYSE
ONL,Orion Properties Inc. Common Stock,$2.85,0.01,0.352%,344343,162577435.00,United States,2021,Real Estate Investment Trusts,Real Estate,/market-activity/stocks/onl,NYSE
ONON,On Holding AG Class A Ordinary Shares,$28.50,-0.35,-1.213%,6689258,17197785495.00,,2021,Shoe Manufacturing,Consumer Discretionary,/market-activity/stocks/onon,NYSE
ONT,Onterris Inc. Common Stock,$16.72,-0.32,-1.878%,539443,587163329.00,United States,2020,Professional Services,Consumer Discretionary,/market-activity/stocks/ont,NYSE
ONTO,Onto Innovation Inc. Common Stock,$267.21,-3.58,-1.322%,835109,13113129541.00,United States,,Industrial Machinery/Components,Industrials,/market-activity/stocks/onto,NYSE
OOMA,Ooma Inc. Common Stock,$22.64,-0.27,-1.179%,669303,622600000.00,United States,2015,EDP Services,Technology,/market-activity/stocks/ooma,NYSE
OPFI,OppFi Inc. Class A Common Stock,$6.93,-0.14,-1.98%,616095,590493152.00,United States,2020,Finance: Consumer Services,Finance,/market-activity/stocks/opfi,NYSE
OPLN,OPENLANE Inc. Common Stock,$35.60,0.51,1.453%,1365952,4345687194.00,United States,,Retail-Auto Dealers and Gas Stations,Consumer Discretionary,/market-activity/stocks/opln,NYSE
OPP,RiverNorth/DoubleLine Strategic Opportunity Fund Inc. Common Stock,$7.47,0.00,0.00%,78132,0.00,United States,2016,Finance/Investors Services,Finance,/market-activity/stocks/opp,NYSE
OPP^A,RiverNorth/DoubleLine Strategic Opportunity Fund Inc. 4.375% Series A Cumulative Preferred Stock,$15.36,0.0144,0.094%,26488,,United States,,,,/market-activity/stocks/opp^a,NYSE
OPP^B,RiverNorth/DoubleLine Strategic Opportunity Fund Inc. 4.75% Series B Cumulative Preferred Stock,$16.65,0.0501,0.302%,8741,,United States,,,,/market-activity/stocks/opp^b,NYSE
OPTU,Optimum Communications Inc. Class A common stock,$0.97,-0.0474,-4.647%,3179396,443101830.00,United States,2017,Cable & Other Pay Television Services,Telecommunications,/market-activity/stocks/optu,NYSE
OPY,Oppenheimer Holdings Inc. Class A Common Stock (DE),$118.79,-0.22,-0.185%,79643,1272003914.00,United States,,Investment Bankers/Brokers/Service,Finance,/market-activity/stocks/opy,NYSE
OR,OR Royalties Inc. Common Shares,$36.96,-0.44,-1.176%,652371,6929847133.00,Canada,2016,Precious Metals,Basic Materials,/market-activity/stocks/or,NYSE
ORA,Ormat Technologies Inc. Common Stock,$102.00,-1.04,-1.009%,519184,6272687982.00,United States,2004,Electric Utilities: Central,Utilities,/market-activity/stocks/ora,NYSE
ORC,Orchid Island Capital Inc. Common Stock,$6.59,-0.10,-1.495%,4771731,1315386656.00,United States,2013,Real Estate Investment Trusts,Real Estate,/market-activity/stocks/orc,NYSE
ORCL,Oracle Corporation Common Stock,$149.12,-1.73,-1.147%,16087298,429535835520.00,United States,1986,Computer Software: Prepackaged Software,Technology,/market-activity/stocks/orcl,NYSE
ORCL^D,Oracle Corporation Depositary Shares each representing a 1/2000th interest in a sh of 6.50% Series D Mandatory Convertible Preferred Stock,$46.68,-0.56,-1.185%,339659,,United States,,,,/market-activity/stocks/orcl^d,NYSE
ORI,Old Republic International Corporation Common Stock,$41.73,-0.34,-0.808%,1746817,10074995835.00,United States,,Property-Casualty Insurers,Finance,/market-activity/stocks/ori,NYSE
ORN,Orion Group Holdings Inc. Common,$9.40,0.13,1.402%,361419,380655726.00,United States,,Military/Government/Technical,Industrials,/market-activity/stocks/orn,NYSE
OSCR,Oscar Health Inc. Class A Common Stock,$29.96,-0.51,-1.674%,3643003,9247004200.00,United States,2021,Medical Specialities,Health Care,/market-activity/stocks/oscr,NYSE
OSG,Octave Specialty Group Inc. Common Stock,$4.36,-0.28,-6.034%,763051,196424479.00,United States,,Property-Casualty Insurers,Finance,/market-activity/stocks/osg,NYSE
OSK,Oshkosh Corporation (Holding Company)Common Stock,$154.11,0.15,0.097%,434173,9514712718.00,United States,,Auto Manufacturing,Industrials,/market-activity/stocks/osk,NYSE
OTAI,Starlink AI Acquisition Corporation Ordinary Shares,$10.00,0.0044,0.044%,4441,0.00,,2026,,,/market-activity/stocks/otai,NYSE
OTF,Blue Owl Technology Finance Corp. Common Stock,$11.68,0.30,2.636%,2929143,5351605344.00,United States,2025,,,/market-activity/stocks/otf,NYSE
OTIS,Otis Worldwide Corporation Common Stock ,$71.13,-0.61,-0.85%,5252182,27077010083.00,United States,2020,Consumer Electronics/Appliances,Technology,/market-activity/stocks/otis,NYSE
OUT,OUTFRONT Media Inc. Common Stock,$29.38,-0.22,-0.743%,2266652,5174853674.00,United States,2014,Real Estate Investment Trusts,Real Estate,/market-activity/stocks/out,NYSE
OVV,Ovintiv Inc. (DE),$65.65,1.06,1.641%,2571857,18559255000.00,Canada,,Oil & Gas Production,Energy,/market-activity/stocks/ovv,NYSE
OWL,Blue Owl Capital Inc. Class A Common Stock,$12.24,0.22,1.83%,19074195,19083288810.00,United States,2020,Investment Managers,Finance,/market-activity/stocks/owl,NYSE
OWLT,Owlet Inc. Class A Common Stock,$4.98,-0.01,-0.20%,210450,145523951.00,United States,2020,Industrial Machinery/Components,Industrials,/market-activity/stocks/owlt,NYSE
OXM,Oxford Industries Inc. Common Stock,$38.29,-0.02,-0.052%,301317,571705386.00,United States,,Garments and Clothing,Industrials,/market-activity/stocks/oxm,NYSE
OXY,Occidental Petroleum Corporation Common Stock,$60.18,1.08,1.827%,8905811,60158176987.00,United States,,Oil & Gas Production,Energy,/market-activity/stocks/oxy,NYSE
P,Everpure Inc. Class A common stock,$92.95,-0.45,-0.482%,3213402,30897038429.00,United States,2015,Electronic Components,Technology,/market-activity/stocks/p,NYSE
PAAS,Pan American Silver Corp. Common Stock,$51.92,-0.95,-1.797%,2815759,21526966560.00,Canada,,Precious Metals,Basic Materials,/market-activity/stocks/paas,NYSE
PAC,Grupo Aeroportuario Del Pacifico S.A. B. de C.V. Grupo Aeroportuario Del Pacifico S.A. de C.V. (each representing 10 Series B shares),$206.04,-1.52,-0.732%,220739,12259754993.00,Mexico,2006,Aerospace,Consumer Discretionary,/market-activity/stocks/pac,NYSE
PACK,Ranpak Holdings Corp Class A Common Stock,$4.75,-0.15,-3.061%,371162,407351873.00,United States,2018,Containers/Packaging,Consumer Discretionary,/market-activity/stocks/pack,NYSE
PACS,PACS Group Inc. Common Stock,$42.31,-0.44,-1.029%,898520,6699179744.00,United States,2024,Hospital/Nursing Management,Health Care,/market-activity/stocks/pacs,NYSE
PAG,Penske Automotive Group Inc. Common Stock,$216.59,-0.42,-0.194%,413844,14221921663.00,United States,,Retail-Auto Dealers and Gas Stations,Consumer Discretionary,/market-activity/stocks/pag,NYSE
PAGS,PagSeguro Digital Ltd. Class A Common Shares,$9.02,0.13,1.462%,2555367,2621912935.00,Cayman Islands,2018,EDP Services,Technology,/market-activity/stocks/pags,NYSE
PAI,Western Asset Investment Grade Income Fund Inc.,$11.88,-0.06,-0.503%,10604,0.00,United States,,Trusts Except Educational Religious and Charitable,Finance,/market-activity/stocks/pai,NYSE
PAII,Pyrophyte Acquisition Corp. II Class A Ordinary Shares,$10.29,0.00,0.00%,15,0.00,,2025,,,/market-activity/stocks/paii,NYSE
PAM,Pampa Energia S.A.,$82.32,1.87,2.324%,183204,4489799891.00,Argentina,,Electric Utilities: Central,Utilities,/market-activity/stocks/pam,NYSE
PAR,PAR Technology Corporation Common Stock,$18.80,-0.35,-1.828%,931261,777618910.00,United States,,Office Equipment/Supplies/Services,Miscellaneous,/market-activity/stocks/par,NYSE
PARR,Par Pacific Holdings Inc.  Common Stock,$79.92,1.07,1.357%,1183852,4003962190.00,United States,,Oil & Gas Production,Energy,/market-activity/stocks/parr,NYSE
PATH,UiPath Inc. Class A Common Stock,$18.67,0.52,2.865%,60079480,9673305366.00,United States,2021,Computer Software: Prepackaged Software,Technology,/market-activity/stocks/path,NYSE
PAXS,PIMCO Access Income Fund Common Shares of Beneficial Interest,$14.02,-0.02,-0.142%,242902,0.00,United States,2022,Investment Managers,Finance,/market-activity/stocks/paxs,NYSE
PAY,Paymentus Holdings Inc. Class A Common Stock,$35.60,-0.39,-1.084%,1063024,4483451433.00,United States,2021,Business Services,Consumer Discretionary,/market-activity/stocks/pay,NYSE
PAYC,Paycom Software Inc. Common Stock,$239.10,0.57,0.239%,746582,10776624103.00,United States,2014,Computer Software: Prepackaged Software,Technology,/market-activity/stocks/payc,NYSE
PB,Prosperity Bancshares Inc. Common Stock,$71.56,-0.74,-1.024%,1194273,8599849733.00,United States,,Major Banks,Finance,/market-activity/stocks/pb,NYSE
PBA,Pembina Pipeline Corp. Ordinary Shares (Canada),$48.70,0.69,1.437%,550670,28321728500.00,Canada,,Oil & Gas Production,Energy,/market-activity/stocks/pba,NYSE
PBF,PBF Energy Inc. Class A Common Stock,$72.99,1.71,2.399%,3760339,8652003806.00,United States,2012,Integrated oil Companies,Energy,/market-activity/stocks/pbf,NYSE
PBH,Prestige Consumer Healthcare Inc. Common Stock,$51.78,-0.69,-1.315%,472241,2453052749.00,United States,2005,Biotechnology: Pharmaceutical Preparations,Health Care,/market-activity/stocks/pbh,NYSE
PBI,Pitney Bowes Inc. Common Stock,$17.13,-0.08,-0.465%,1187385,2348355332.00,United States,,Office Equipment/Supplies/Services,Miscellaneous,/market-activity/stocks/pbi,NYSE
PBI^B,Pitney Bowes Inc 6.70% Notes Due 2043,$21.85,0.00,0.00%,40775,,United States,,,,/market-activity/stocks/pbi^b,NYSE
PBR,Petroleo Brasileiro S.A. Petrobras ADS,$19.35,0.82,4.425%,21217275,124698489472.00,Brazil,,Oil & Gas Production,Energy,/market-activity/stocks/pbr,NYSE
PBT,Permian Basin Royalty Trust Common Stock,$33.77,-0.05,-0.148%,95286,1573979041.00,United States,,Oil & Gas Production,Energy,/market-activity/stocks/pbt,NYSE
PCF,High Income Securities Fund Common Stock,$5.51,0.01,0.182%,60438,0.00,United States,,Trusts Except Educational Religious and Charitable,Finance,/market-activity/stocks/pcf,NYSE
PCG,Pacific Gas & Electric Co. Common Stock,$13.27,-3.33,-20.06%,153916160,35565066282.00,United States,,Power Generation,Utilities,/market-activity/stocks/pcg,NYSE
PCG^X,PG&E Corp 6.000% Series A Mandatory Convertible Preferred Stock,$33.88,-6.68,-16.469%,3878975,,United States,,,,/market-activity/stocks/pcg^x,NYSE
PCM,PCM Fund Inc. Common Stock,$5.35,-0.05,-0.926%,164461,0.00,United States,1993,Trusts Except Educational Religious and Charitable,Finance,/market-activity/stocks/pcm,NYSE
PCN,Pimco Corporate & Income Strategy Fund Common Stock,$11.74,-0.04,-0.34%,408006,0.00,United States,2001,Investment Managers,Finance,/market-activity/stocks/pcn,NYSE
PCOR,Procore Technologies Inc. Common Stock,$62.72,-1.00,-1.569%,2249725,9530638799.00,United States,2021,Computer Software: Prepackaged Software,Technology,/market-activity/stocks/pcor,NYSE
PCQ,PIMCO California Municipal Income Fund Common Stock,$8.65,-0.07,-0.803%,207232,0.00,United States,2001,Investment Managers,Finance,/market-activity/stocks/pcq,NYSE
PD,PagerDuty Inc. Common Stock,$14.14,0.31,2.242%,2832127,1112109204.00,United States,2019,Computer Software: Prepackaged Software,Technology,/market-activity/stocks/pd,NYSE
PDCC,Pearl Diver Credit Company Inc. Common Stock,$8.79,-0.0412,-0.467%,4073,0.00,,2024,,,/market-activity/stocks/pdcc,NYSE
PDI,PIMCO Dynamic Income Fund Common Stock,$15.19,-0.14,-0.913%,3784937,3692537100.00,United States,2012,Trusts Except Educational Religious and Charitable,Finance,/market-activity/stocks/pdi,NYSE
PDM,Piedmont Realty Trust Inc. Class A Common Stock,$9.57,0.03,0.314%,991233,1197521135.00,United States,,Building operators,Real Estate,/market-activity/stocks/pdm,NYSE
PDO,PIMCO Dynamic Income Opportunities Fund Common Shares of Beneficial Interest,$12.49,-0.06,-0.478%,1219131,1819995763.00,United States,2021,Trusts Except Educational Religious and Charitable,Finance,/market-activity/stocks/pdo,NYSE
PDPA,Pearl Diver Credit Company Inc. 8.00% Series A Preferred Stock Due 2029,$25.18,0.103,0.411%,14981,0.00,,,,,/market-activity/stocks/pdpa,NYSE
PDS,Precision Drilling Corporation Common Stock,$91.71,1.56,1.73%,81170,1168977663.00,Canada,,Oil & Gas Production,Energy,/market-activity/stocks/pds,NYSE
PDT,John Hancock Premium Dividend Fund,$12.61,-0.04,-0.316%,103829,0.00,United States,,Finance Companies,Finance,/market-activity/stocks/pdt,NYSE
PDX,PIMCO Dynamic Income Strategy Fund Common Shares of Beneficial Interest,$21.82,0.16,0.739%,118437,975506740.00,,2019,Finance/Investors Services,Finance,/market-activity/stocks/pdx,NYSE
PEB,Pebblebrook Hotel Trust Common Shares of Beneficial Interest,$18.12,-0.37,-2.001%,3015402,2044710014.00,United States,2009,Real Estate Investment Trusts,Real Estate,/market-activity/stocks/peb,NYSE
PEB^E,Pebblebrook Hotel Trust 6.375% Series E Cumulative Redeemable Preferred Shares of Beneficial Interest,$19.92,-0.01,-0.05%,1505,,United States,,,,/market-activity/stocks/peb^e,NYSE
PEB^F,Pebblebrook Hotel Trust 6.3% Series F Cumulative Redeemable Preferred Shares of Beneficial Interest,$19.85,0.15,0.761%,7851,,United States,,,,/market-activity/stocks/peb^f,NYSE
PEB^G,Pebblebrook Hotel Trust 6.375% Series G Cumulative Redeemable Preferred Shares of Beneficial Interest,$20.17,0.23,1.153%,24679,,United States,,,,/market-activity/stocks/peb^g,NYSE
PEB^H,Pebblebrook Hotel Trust 5.700% Series H Cumulative Redeemable Preferred Shares of Beneficial Interest,$18.65,0.21,1.139%,18074,,United States,,,,/market-activity/stocks/peb^h,NYSE
PEG,Public Service Enterprise Group Incorporated Common Stock,$73.33,0.14,0.191%,6914277,36549140800.00,United States,,Power Generation,Utilities,/market-activity/stocks/peg,NYSE
PEN,Penumbra Inc. Common Stock,$323.10,1.42,0.441%,477149,12726722248.00,United States,2015,Medical/Dental Instruments,Health Care,/market-activity/stocks/pen,NYSE
PEO,Adams Natural Resources Fund Inc. Common Stock,$28.78,0.47,1.66%,74018,0.00,United States,,Finance/Investors Services,Finance,/market-activity/stocks/peo,NYSE
PERF,Perfect Corp. Class A Ordinary Share,$1.90,0.01,0.529%,77531,193512475.00,Taiwan,2022,Computer Software: Prepackaged Software,Technology,/market-activity/stocks/perf,NYSE
PEW,GrabAGun Digital Holdings Inc. Common Stock,$2.34,0.00,0.00%,141744,69061445.00,,2025,Other Specialty Stores,Consumer Discretionary,/market-activity/stocks/pew,NYSE
PFD,Flaherty & Crumrine Preferred and Income Fund Incorporated,$11.43,0.15,1.33%,39988,0.00,United States,1991,Investment Managers,Finance,/market-activity/stocks/pfd,NYSE
PFE,Pfizer Inc. Common Stock,$28.46,0.50,1.788%,45911403,162212710343.00,United States,,Biotechnology: Pharmaceutical Preparations,Health Care,/market-activity/stocks/pfe,NYSE
PFGC,Performance Food Group Company Common Stock,$99.17,-1.68,-1.666%,1650857,15622550783.00,United States,2015,Food Distributors,Consumer Discretionary,/market-activity/stocks/pfgc,NYSE
PFH,Prudential Financial Inc. 4.125% Junior Subordinated Notes due 2060,$15.30,-0.13,-0.843%,40235,5462100000.00,United States,2020,Life Insurance,Finance,/market-activity/stocks/pfh,NYSE
PFL,PIMCO Income Strategy Fund Shares of Beneficial Interest,$7.61,-0.009,-0.118%,196304,0.00,United States,2003,Finance Companies,Finance,/market-activity/stocks/pfl,NYSE
PFLA,PennantPark Floating Rate Capital Ltd. 7.375% Notes Due 2031,$25.44,0.13,0.514%,4640,0.00,United States,2026,Finance: Consumer Services,Finance,/market-activity/stocks/pfla,NYSE
PFLT,PennantPark Floating Rate Capital Ltd. Common Stock,$7.49,0.10,1.353%,870949,743142041.00,United States,2022,Finance: Consumer Services,Finance,/market-activity/stocks/pflt,NYSE
PFN,PIMCO Income Strategy Fund II,$6.96,-0.03,-0.429%,252163,0.00,United States,2004,Finance/Investors Services,Finance,/market-activity/stocks/pfn,NYSE
PFO,Flaherty & Crumrine Preferred and Income Opportunity Fund Incorporated,$9.06,0.00,0.00%,15881,0.00,United States,1992,Finance Companies,Finance,/market-activity/stocks/pfo,NYSE
PFS,Provident Financial Services Inc Common Stock,$23.40,-0.11,-0.468%,759183,3051889261.00,United States,2003,Savings Institutions,Finance,/market-activity/stocks/pfs,NYSE
PFSI,PennyMac Financial Services Inc. Common Stock,$73.11,-0.27,-0.368%,591559,3798179429.00,United States,2013,Finance: Consumer Services,Finance,/market-activity/stocks/pfsi,NYSE
PG,Procter & Gamble Company (The) Common Stock,$145.12,1.34,0.932%,12097396,337321725667.00,United States,,Package Goods/Cosmetics,Consumer Discretionary,/market-activity/stocks/pg,NYSE
PGP,Pimco Global StocksPlus & Income Fund Common Shares of Beneficial Interest,$8.81,0.03,0.342%,69087,0.00,United States,2005,Finance Companies,Finance,/market-activity/stocks/pgp,NYSE
PGR,Progressive Corporation (The) Common Stock,$218.08,-0.56,-0.256%,1748386,126785555602.00,United States,,Property-Casualty Insurers,Finance,/market-activity/stocks/pgr,NYSE
PGZ,Principal Real Estate Income Fund Common Shares of Beneficial Interest,$9.86,-0.06,-0.605%,26613,0.00,,2013,Investment Managers,Finance,/market-activity/stocks/pgz,NYSE
PH,Parker-Hannifin Corporation Common Stock,$979.44,-15.58,-1.566%,801830,123455933037.00,United States,,Metal Fabrications,Industrials,/market-activity/stocks/ph,NYSE
PHG,Koninklijke Philips N.V. NY Registry Shares,$26.57,-0.15,-0.561%,631467,26115248791.00,Netherlands,,Medical Electronics,Health Care,/market-activity/stocks/phg,NYSE
PHI,PLDT Inc. Sponsored ADR,$17.86,-0.29,-1.598%,159799,3858756142.00,Philippines,,Telecommunications Equipment,Telecommunications,/market-activity/stocks/phi,NYSE
PHIN,PHINIA Inc. Common Stock,$68.44,-0.21,-0.306%,278410,2507510743.00,United States,2023,Auto Parts:O.E.M.,Consumer Discretionary,/market-activity/stocks/phin,NYSE
PHK,Pimco High Income Fund,$4.51,-0.03,-0.661%,512368,0.00,United States,2003,Finance/Investors Services,Finance,/market-activity/stocks/phk,NYSE
PHM,PulteGroup Inc. Common Stock,$126.32,-2.23,-1.735%,1650396,23679004853.00,United States,,Homebuilding,Consumer Discretionary,/market-activity/stocks/phm,NYSE
PHR,Phreesia Inc. Common Stock,$12.21,0.06,0.494%,613366,754723165.00,United States,2019,Business Services,Consumer Discretionary,/market-activity/stocks/phr,NYSE
PII,Polaris Inc. Common Stock,$64.54,0.76,1.192%,734880,3672553439.00,United States,,Industrial Specialties,Consumer Discretionary,/market-activity/stocks/pii,NYSE
PIM,Franklin Master Intermediate Income Trust Shares of Beneficial Interest,$3.19,0.01,0.314%,67742,160308327.00,United States,1988,Finance Companies,Finance,/market-activity/stocks/pim,NYSE
PINE,Alpine Income Property Trust Inc. Common Stock,$19.46,-0.07,-0.358%,105428,342899056.00,United States,2019,Real Estate Investment Trusts,Real Estate,/market-activity/stocks/pine,NYSE
PINE^A,Alpine Income Property Trust Inc. 8.00% Series A Cumulative Redeemable Preferred Stock,$25.29,0.0219,0.087%,12505,,United States,,,,/market-activity/stocks/pine^a,NYSE
PINS,Pinterest Inc. Class A Common Stock,$21.71,-1.48,-6.382%,23209762,12294655816.00,United States,2019,Computer Software: Programming Data Processing,Technology,/market-activity/stocks/pins,NYSE
PIPR,Piper Sandler Companies Common Stock,$75.06,-0.55,-0.727%,839340,5304512042.00,United States,2026,Investment Bankers/Brokers/Service,Finance,/market-activity/stocks/pipr,NYSE
PJT,PJT Partners Inc. Class A Common Stock,$180.39,-2.41,-1.318%,399377,7398084148.00,United States,2015,Investment Managers,Finance,/market-activity/stocks/pjt,NYSE
PK,Park Hotels & Resorts Inc. Common Stock ,$15.30,-0.53,-3.348%,4736947,3080476449.00,United States,2016,Hotels/Resorts,Consumer Discretionary,/market-activity/stocks/pk,NYSE
PKE,Park Aerospace Corp. Common Stock,$32.54,0.12,0.37%,269952,707784406.00,United States,,Military/Government/Technical,Industrials,/market-activity/stocks/pke,NYSE
PKG,Packaging Corporation of America Common Stock,$233.94,-6.45,-2.683%,576540,20843656068.00,United States,2000,Containers/Packaging,Consumer Discretionary,/market-activity/stocks/pkg,NYSE
PKX,POSCO HOLDINGS INC. American Depositary Shares (Each representing 1/4th of a share of Common Stock),$61.35,1.10,1.826%,249022,19860946421.00,South Korea,1994,Steel/Iron Ore,Industrials,/market-activity/stocks/pkx,NYSE
PL,Planet Labs PBC Class A Common Stock,$19.85,-0.13,-0.651%,6789222,7074590141.00,United States,2021,Radio And Television Broadcasting And Communications Equipment,Technology,/market-activity/stocks/pl,NYSE
PLD,Prologis Inc. Common Stock,$139.92,-0.78,-0.554%,3709882,132654793920.00,United States,,Real Estate Investment Trusts,Real Estate,/market-activity/stocks/pld,NYSE
PLGO,Pelagos Insurance Capital Limited Common Shares,$24.41,-0.11,-0.449%,344074,2110980339.00,Bermuda,2023,Property-Casualty Insurers,Finance,/market-activity/stocks/plgo,NYSE
PLNT,Planet Fitness Inc. Common Stock,$51.60,-1.73,-3.244%,2439554,3881195394.00,United States,2015,Hotels/Resorts,Consumer Discretionary,/market-activity/stocks/plnt,NYSE
PLOW,Douglas Dynamics Inc. Common Stock,$41.07,-0.75,-1.793%,219973,947774279.00,United States,2010,Construction/Ag Equipment/Trucks,Industrials,/market-activity/stocks/plow,NYSE
PLUN,Plutonian Acquisition Corp II Class A Ordinary Shares,$10.05,0.03,0.299%,1423,0.00,,2026,,,/market-activity/stocks/plun,NYSE
PM,Philip Morris International Inc Common Stock,$187.30,-4.59,-2.392%,4013729,291928297125.00,United States,, Medicinal Chemicals and Botanical Products ,Health Care,/market-activity/stocks/pm,NYSE
PML,Pimco Municipal Income Fund II Common Shares of Beneficial Interest,$7.33,0.00,0.00%,386189,0.00,United States,2002,Investment Managers,Finance,/market-activity/stocks/pml,NYSE
PMM,Franklin Managed Municipal Income Trust Shares of Beneficial Interest,$6.22,-0.02,-0.321%,69024,303155392.00,United States,1989,Investment Managers,Finance,/market-activity/stocks/pmm,NYSE
PMO,Franklin Municipal Opportunities Trust Shares of Beneficial Interest,$10.25,0.02,0.196%,62273,348311062.00,United States,1993,Finance Companies,Finance,/market-activity/stocks/pmo,NYSE
PMT,PennyMac Mortgage Investment Trust Common Shares of Beneficial Interest,$9.32,-0.02,-0.214%,1040360,812726014.00,United States,2009,Real Estate Investment Trusts,Real Estate,/market-activity/stocks/pmt,NYSE
PMT^A,PennyMac Mortgage Investment Trust 8.125% Series A Fixed-to-Floating Rate Cumulative Redeemable Preferred Shares of Beneficial Interest,$23.15,-0.17,-0.729%,3627,,United States,,,,/market-activity/stocks/pmt^a,NYSE
PMT^B,PennyMac Mortgage Investment Trust 8.00% Series B Fixed-to-Floating Rate Cumulative Redeemable Preferred Shares of Beneficial Interest,$22.95,-0.04,-0.174%,6625,,United States,,,,/market-activity/stocks/pmt^b,NYSE
PMT^C,PennyMac Mortgage Investment Trust 6.75% Series C Cumulative Redeemable Preferred Shares of Beneficial Interest,$18.38,0.0106,0.058%,20945,,United States,,,,/market-activity/stocks/pmt^c,NYSE
PMTU,PennyMac Mortgage Investment Trust 8.50% Senior Notes due 2028,$25.85,0.13,0.505%,1080,2254181058.00,United States,2023,Real Estate Investment Trusts,Real Estate,/market-activity/stocks/pmtu,NYSE
PMTV,PennyMac Mortgage Investment Trust 9.00% Senior Notes due 2030,$25.27,-0.02,-0.079%,8376,0.00,United States,2025,Real Estate Investment Trusts,Real Estate,/market-activity/stocks/pmtv,NYSE
PMTW,PennyMac Mortgage Investment Trust 9.00% Senior Notes due 2030,$25.67,-0.02,-0.078%,11177,0.00,United States,2025,Real Estate Investment Trusts,Real Estate,/market-activity/stocks/pmtw,NYSE
PNC,PNC Financial Services Group Inc. (The) Common Stock,$239.63,-2.59,-1.069%,1586395,95598870923.00,United States,,Major Banks,Finance,/market-activity/stocks/pnc,NYSE
PNFP,Pinnacle Financial Partners Inc. Common stock,$99.97,-1.12,-1.108%,1010979,15106730621.00,United States,,Major Banks,Finance,/market-activity/stocks/pnfp,NYSE
PNFP^A,Pinnacle Financial Partners Inc. Fixed-to-Floating Rate Non-Cumulative Perpetual Preferred Stock Series A,$25.38,0.23,0.915%,14946,,United States,,,,/market-activity/stocks/pnfp^a,NYSE
PNFP^B,Pinnacle Financial Partners Inc. Fixed-to-Floating Rate Non-Cumulative Perpetual Preferred Stock Series B,$26.22,-0.1301,-0.494%,34500,,United States,,,,/market-activity/stocks/pnfp^b,NYSE
PNFP^C,Pinnacle Financial Partners Inc. Fixed-to-Floating Rate Non-Cumulative Perpetual Preferred Stock Series C,$24.06,-0.01,-0.042%,9437,,United States,,,,/market-activity/stocks/pnfp^c,NYSE
PNI,Pimco New York Municipal Income Fund II Common Shares of Beneficial Interest,$6.81,-0.02,-0.293%,26567,0.00,United States,2002,Trusts Except Educational Religious and Charitable,Finance,/market-activity/stocks/pni,NYSE
PNNT,PennantPark Investment Corporation Common Stock,$3.75,0.05,1.351%,953824,244860353.00,United States,2022,Finance: Consumer Services,Finance,/market-activity/stocks/pnnt,NYSE
PNR,Pentair plc. Ordinary Share,$60.46,-1.21,-1.962%,21395034,9651710457.00,Switzerland,,Industrial Machinery/Components,Industrials,/market-activity/stocks/pnr,NYSE
PNW,Pinnacle West Capital Corporation Common Stock,$97.64,0.00,0.00%,949173,11833697928.00,United States,,Electric Utilities: Central,Utilities,/market-activity/stocks/pnw,NYSE
POR,Portland General Electric Co Common Stock,$48.86,-0.74,-1.492%,1024392,5746314176.00,United States,,Electric Utilities: Central,Utilities,/market-activity/stocks/por,NYSE
POST,Post Holdings Inc. Common Stock,$83.36,-1.99,-2.332%,876363,3664239265.00,United States,2012,Packaged Foods,Consumer Staples,/market-activity/stocks/post,NYSE
PPG,PPG Industries Inc. Common Stock,$112.17,-2.05,-1.795%,1593034,24935391000.00,United States,,Paints/Coatings,Consumer Discretionary,/market-activity/stocks/ppg,NYSE
PPL,PPL Corporation Common Stock,$34.13,-0.07,-0.205%,8425760,25684355423.00,United States,,Electric Utilities: Central,Utilities,/market-activity/stocks/ppl,NYSE
PPLC,PPL Corporation Corporate Units,$46.16,0.08,0.174%,30527,34737469861.00,United States,,Electric Utilities: Central,Utilities,/market-activity/stocks/pplc,NYSE
PPT,Franklin Premier Income Trust Shares of Beneficial Interest,$3.44,-0.02,-0.578%,133450,342377225.00,United States,1988,Finance Companies,Finance,/market-activity/stocks/ppt,NYSE
PR,Permian Resources Corporation Class A Common Stock,$23.29,0.59,2.599%,8852097,19506703205.00,United States,2022,Oil & Gas Production,Energy,/market-activity/stocks/pr,NYSE
PRG,PROG Holdings Inc. Common Stock,$38.13,-0.97,-2.481%,576734,1518780166.00,United States,,Diversified Commercial Services,Consumer Discretionary,/market-activity/stocks/prg,NYSE
PRGO,Perrigo Company plc Ordinary Shares,$14.64,0.16,1.105%,2469545,2031581747.00,United States,,Biotechnology: Pharmaceutical Preparations,Health Care,/market-activity/stocks/prgo,NYSE
PRH,Prudential Financial Inc. 5.950% Junior Subordinated Notes due 2062,$21.63,-0.23,-1.052%,55909,7613760000.00,United States,2022,Life Insurance,Finance,/market-activity/stocks/prh,NYSE
PRI,Primerica Inc. Common Stock,$287.65,-2.74,-0.944%,184113,8853104728.00,United States,2010,Life Insurance,Finance,/market-activity/stocks/pri,NYSE
PRIF^D,Priority Income Fund Inc. 7.00% Series D Term Preferred Stock due 2029,$24.60,-0.02,-0.081%,247,,,,,,/market-activity/stocks/prif^d,NYSE
PRIF^K,Priority Income Fund Inc. 7.000% Series K Cumulative Preferred Stock,$21.85,-0.23,-1.042%,323,,,,,,/market-activity/stocks/prif^k,NYSE
PRIF^L,Priority Income Fund Inc. 6.375% Series L Term Preferred Stock Due 2029,$24.65,0.07,0.285%,872,,,,,,/market-activity/stocks/prif^l,NYSE
PRIM,Primoris Services Corporation Common Stock,$72.11,-1.01,-1.381%,957489,3881849100.00,United States,,Water Sewer Pipeline Comm & Power Line Construction,Industrials,/market-activity/stocks/prim,NYSE
PRKS,United Parks & Resorts Inc. Common Stock,$40.01,-2.48,-5.837%,599230,1814105773.00,United States,2013,Services-Misc. Amusement & Recreation,Consumer Discretionary,/market-activity/stocks/prks,NYSE
PRLB,Proto Labs Inc. Common stock,$80.06,0.32,0.401%,171061,1915187074.00,United States,2012,Metal Fabrications,Industrials,/market-activity/stocks/prlb,NYSE
PRM,Perimeter Solutions SA Common Stock,$30.50,-0.12,-0.392%,885087,4992451152.00,Luxembourg,,Major Chemicals,Industrials,/market-activity/stocks/prm,NYSE
PRMB,Primo Brands Corporation Class A Common Stock,$22.82,-0.18,-0.783%,4637126,8268919307.00,United States,2024,Beverages (Production/Distribution),Consumer Staples,/market-activity/stocks/prmb,NYSE
PRS,Prudential Financial Inc. 5.625% Junior Subordinated Notes due 2058,$20.41,-0.28,-1.353%,48480,7184320000.00,United States,2018,Life Insurance,Finance,/market-activity/stocks/prs,NYSE
PRSU,Pursuit Attractions and Hospitality Inc. Common Stock,$48.00,-1.77,-3.556%,203918,1308679440.00,United States,,Services-Misc. Amusement & Recreation,Consumer Discretionary,/market-activity/stocks/prsu,NYSE
PRT,PermRock Royalty Trust Units of Beneficial Interest,$2.21,-0.01,-0.45%,23826,26886268.00,United States,2018,Oil & Gas Production,Energy,/market-activity/stocks/prt,NYSE
PRU,Prudential Financial Inc. Common Stock,$117.60,-2.19,-1.828%,2442174,40572000000.00,United States,2001,Life Insurance,Finance,/market-activity/stocks/pru,NYSE
PS,Pershing Square Inc. Common Stock,$42.92,0.75,1.779%,164824,17168000000.00,,2026,Investment Managers,Finance,/market-activity/stocks/ps,NYSE
PSA,Public Storage Common Stock,$306.99,-6.52,-2.08%,1445530,53913931927.00,United States,,Real Estate Investment Trusts,Real Estate,/market-activity/stocks/psa,NYSE
PSA^F,Public Storage Depositary Shares Each Representing 1/1000 of a 5.15% Cumulative Preferred Share of Beneficial Interest Series F par value $0.01 per share,$19.29,-0.02,-0.104%,33802,,United States,,,,/market-activity/stocks/psa^f,NYSE
PSA^G,Public Storage Depositary Shares Each Representing 1/1000 of a 5.05% Cumulative Preferred Share of Beneficial Interest Series G,$18.74,-0.09,-0.478%,26365,,United States,,,,/market-activity/stocks/psa^g,NYSE
PSA^H,Public Storage Depositary Shares Each Representing 1/1000 of a  5.60% Cumulative Preferred  Share of Beneficial Interest Series H,$20.83,-0.18,-0.857%,22015,,United States,,,,/market-activity/stocks/psa^h,NYSE
PSA^I,Public Storage Depositary Shares Each Representing 1/1000 of a 4.875% Cumulative Preferred Share of Beneficial Interest Series I par value $0.01 per share,$18.20,-0.1301,-0.71%,35783,,United States,,,,/market-activity/stocks/psa^i,NYSE
PSA^J,Public Storage Depositary Shares Each Representing 1/1000 of a 4.700% Cumulative Preferred Share of Beneficial Interest Series J par value $0.01 per share,$17.59,-0.04,-0.227%,20082,,United States,,,,/market-activity/stocks/psa^j,NYSE
PSA^K,Public Storage Depositary Shares Each Representing 1/1000 of a 4.75% Cumulative Preferred Share of Beneficial Interest Series K,$17.67,-0.13,-0.73%,13220,,United States,,,,/market-activity/stocks/psa^k,NYSE
PSA^L,Public Storage Depositary Shares Each Representing 1/1000 of a 4.625% Cumulative Preferred Share of Beneficial Interest Series L par value $0.01 per share,$17.13,-0.15,-0.868%,58803,,United States,,,,/market-activity/stocks/psa^l,NYSE
PSA^M,Public Storage Depositary Shares Each Representing 1/1000 of a 4.125% Cumulative Preferred Share of Beneficial Interest Series M,$15.27,-0.125,-0.812%,14126,,United States,,,,/market-activity/stocks/psa^m,NYSE
PSA^N,Public Storage Depositary Shares Each Representing 1/1000 of a 3.875% Cumulative Preferred Share of Beneficial Interest Series N,$14.61,0.03,0.206%,36210,,United States,,,,/market-activity/stocks/psa^n,NYSE
PSA^O,Public Storage Depositary Shares Each Representing 1/1000 of a 3.900% Cumulative Preferred Share of Beneficial Interest Series O,$14.50,-0.07,-0.48%,46328,,United States,,,,/market-activity/stocks/psa^o,NYSE
PSA^P,Public Storage Depositary Shares Each Representing 1/1000 of a 4.000% Cumulative Preferred Share of Bene cial Interest Series P,$14.79,-0.14,-0.938%,59231,,United States,,,,/market-activity/stocks/psa^p,NYSE
PSA^Q,Public Storage Depositary Shares Each Representing 1/1000 of a 3.950% Cumulative Preferred Share of Beneficial Interest Series Q par value $0.01 per share,$14.57,-0.12,-0.817%,17743,,United States,,,,/market-activity/stocks/psa^q,NYSE
PSA^R,Public Storage Depositary Shares Each Representing 1/1000 of a 4.00% Cumulative Preferred Share of Bene cial Interest Series R,$14.87,-0.06,-0.402%,28685,,United States,,,,/market-activity/stocks/psa^r,NYSE
PSA^S,Public Storage Depositary Shares Each Representing 1/1000 of a 4.100% Cumulative Preferred Share of Beneficial Interest Series S,$15.43,0.01,0.065%,29958,,United States,,,,/market-activity/stocks/psa^s,NYSE
PSA^T,Public Storage 6.000% Cumulative Preferred Shares of beneficial interest Series T,$22.54,-0.085,-0.376%,18372,,United States,,,,/market-activity/stocks/psa^t,NYSE
PSA^U,Public Storage 6.000% Cumulative Preferred Shares of Beneficial Interest Series U,$23.68,0.32,1.37%,4588,,United States,,,,/market-activity/stocks/psa^u,NYSE
PSBD,Palmer Square Capital BDC Inc. Common Stock,$10.45,0.13,1.26%,203766,0.00,,2024,,,/market-activity/stocks/psbd,NYSE
PSEC^A,Prospect Capital Corporation 5.35% Series A Fixed Rate Cumulative Perpetual Preferred Stock,$16.42,0.0699,0.428%,7366,,United States,,,,/market-activity/stocks/psec^a,NYSE
PSF,Cohen & Steers Select Preferred and Income Fund Inc. Common Stock,$19.49,0.05,0.257%,67821,957711860.00,,2010,Investment Managers,Finance,/market-activity/stocks/psf,NYSE
PSFE,Paysafe Limited Common Shares,$6.44,-0.35,-5.155%,384460,336267640.00,United Kingdom,2021,Business Services,Consumer Discretionary,/market-activity/stocks/psfe,NYSE
PSN,Parsons Corporation Common Stock,$48.64,-0.36,-0.735%,1244141,5195014364.00,United States,2019,EDP Services,Technology,/market-activity/stocks/psn,NYSE
PSO,Pearson Plc Common Stock,$16.57,-0.16,-0.956%,229065,10534757583.00,United Kingdom,,Books,Consumer Discretionary,/market-activity/stocks/pso,NYSE
PSQH,PSQ Holdings Inc. Class A Common Stock,$5.46,-0.52,-8.696%,132196,20350337.00,,2021,Advertising,Consumer Discretionary,/market-activity/stocks/psqh,NYSE
PSTL,Postal Realty Trust Inc. Class A Common Stock,$23.45,-0.32,-1.346%,318507,709336072.00,United States,2019,Real Estate Investment Trusts,Real Estate,/market-activity/stocks/pstl,NYSE
PSUS,Pershing Square USA Ltd. Common Shares,$39.40,-0.01,-0.025%,142990,1030310000.00,,2026,,,/market-activity/stocks/psus,NYSE
PSX,Phillips 66 Common Stock,$246.58,2.57,1.053%,4438297,98390577467.00,United States,,Integrated oil Companies,Energy,/market-activity/stocks/psx,NYSE
PTA,Cohen & Steers Tax-Advantaged Preferred Securities and Income Fund Common Shares of Beneficial Interest,$18.47,-0.06,-0.324%,158712,1020900751.00,United States,2020,Trusts Except Educational Religious and Charitable,Finance,/market-activity/stocks/pta,NYSE
PTY,Pimco Corporate & Income Opportunity Fund,$11.77,-0.03,-0.254%,1127874,0.00,United States,2002,Investment Managers,Finance,/market-activity/stocks/pty,NYSE
PUK,Prudential Public Limited Company Common Stock,$27.27,-0.38,-1.374%,728490,34840683247.00,United Kingdom,,Life Insurance,Finance,/market-activity/stocks/puk,NYSE
PUMP,ProPetro Holding Corp. Common Stock,$11.36,0.38,3.461%,4372127,1395279697.00,United States,2017,Oilfield Services/Equipment,Energy,/market-activity/stocks/pump,NYSE
PVH,PVH Corp. Common Stock,$74.16,-1.63,-2.151%,794542,3419376103.00,United States,,Garments and Clothing,Industrials,/market-activity/stocks/pvh,NYSE
PVL,Permianville Royalty Trust Units of Beneficial Interest,$1.88,0.04,2.174%,199279,62040000.00,United States,2011,Oil & Gas Production,Energy,/market-activity/stocks/pvl,NYSE
PWR,Quanta Services Inc. Common Stock,$607.09,4.39,0.728%,1388324,89442435533.00,United States,,Engineering & Construction,Industrials,/market-activity/stocks/pwr,NYSE
PXED,Phoenix Education Partners Inc. Common Stock,$29.11,-0.22,-0.75%,64358,1049339115.00,,2025,Other Consumer Services,Real Estate,/market-activity/stocks/pxed,NYSE
PYT,PPlus Tr GSC-2 Tr Ctf Fltg Rate,$23.47,0.00,0.00%,115,0.00,United States,,Finance: Consumer Services,Finance,/market-activity/stocks/pyt,NYSE
Q,Qnity Electronics Inc. Common Stock,$119.43,-0.83,-0.69%,1946314,24985776290.00,United States,2025,Semiconductors,Technology,/market-activity/stocks/q,NYSE
QGEN,Qiagen N.V. Common Shares,$43.29,0.18,0.418%,1350593,8920976057.00,Netherlands,2026,Biotechnology: Biological Products (No Diagnostic Substances),Health Care,/market-activity/stocks/qgen,NYSE
QLEP,Quantum Leap Acquisition Corp Class A Ordinary Shares,$10.01,0.00,0.00%,45,0.00,,2026,,,/market-activity/stocks/qlep,NYSE
QRED,QuasarEdge Acquisition Corporation Ordinary Shares,$10.05,0.00,0.00%,301,0.00,,2026,Blank Checks,Finance,/market-activity/stocks/qred,NYSE
QSR,Restaurant Brands International Inc. Common Shares,$77.88,-0.38,-0.486%,1683580,35397152587.00,Canada,2014,Restaurants,Consumer Discretionary,/market-activity/stocks/qsr,NYSE
QTWO,Q2 Holdings Inc. Common Stock,$65.04,-0.09,-0.138%,736010,4055549363.00,United States,2014,Computer Software: Prepackaged Software,Technology,/market-activity/stocks/qtwo,NYSE
QUAD,Quad Graphics Inc Class A Common Stock,$10.06,-0.03,-0.297%,419074,517700698.00,United States,,Publishing,Consumer Discretionary,/market-activity/stocks/quad,NYSE
QXO,QXO Inc. Common Stock,$13.28,-0.24,-1.775%,13599061,13777876616.00,United States,,RETAIL: Building Materials,Consumer Discretionary,/market-activity/stocks/qxo,NYSE
QXO^B,QXO Inc.  Depositary Shares each representing a 1/20th interest in a share of 5.50% Series B Mandatory Convertible Preferred Stock,$40.67,-0.55,-1.334%,61168,,United States,,,,/market-activity/stocks/qxo^b,NYSE
R,Ryder System Inc. Common Stock,$244.46,-1.40,-0.569%,239368,9374275351.00,United States,,Rental/Leasing Companies,Consumer Discretionary,/market-activity/stocks/r,NYSE
RA,Brookfield Real Assets Income Fund Inc. Common Stock,$12.55,-0.07,-0.555%,206681,0.00,United States,2016,Investment Managers,Finance,/market-activity/stocks/ra,NYSE
RAC,Rithm Acquisition Corp. Class A Ordinary Shares,$10.54,-0.01,-0.095%,166,0.00,,2025,,,/market-activity/stocks/rac,NYSE
RAC/WS,Rithm Acquisition Corp.,$0.50,0.00,0.00%,1201,,,,,,/market-activity/stocks/rac/ws,NYSE
RACE,Ferrari N.V. Common Shares,$422.60,2.06,0.49%,319227,98864960068.00,Italy,2015,Auto Manufacturing,Industrials,/market-activity/stocks/race,NYSE
RAL,Ralliant Corporation Common Stock,$61.73,0.02,0.032%,1013205,6829807694.00,United States,2025,Industrial Machinery/Components,Industrials,/market-activity/stocks/ral,NYSE
RAMP,LiveRamp Holdings Inc. Common Stock,$37.72,-0.02,-0.053%,1594323,2293186721.00,United States,2018,EDP Services,Technology,/market-activity/stocks/ramp,NYSE
RBA,RB Global Inc. Common Stock,$84.58,-1.48,-1.72%,2187127,15808002000.00,Canada,,Business Services,Consumer Discretionary,/market-activity/stocks/rba,NYSE
RBC,RBC Bearings Incorporated Common Stock,$494.26,-6.36,-1.27%,318244,15647898434.00,United States,2022,Metal Fabrications,Industrials,/market-activity/stocks/rbc,NYSE
RBLX,Roblox Corporation Class A Common Stock,$41.29,2.76,7.163%,19559604,29496582604.00,United States,2021,Computer Software: Prepackaged Software,Technology,/market-activity/stocks/rblx,NYSE
RBRK,Rubrik Inc. Class A Common Stock,$93.04,-0.01,-0.011%,5381313,19150289781.00,United States,2024,Computer Software: Prepackaged Software,Technology,/market-activity/stocks/rbrk,NYSE
RC,Ready Capital Corporation Common Stock,$1.77,-0.06,-3.279%,870342,292388056.00,United States,2013,Real Estate Investment Trusts,Real Estate,/market-activity/stocks/rc,NYSE
RC^C,Ready Capital Corporation 6.25% Series C Cumulative Convertible Preferred Stock,$12.49,-0.0101,-0.081%,1173,,United States,,,,/market-activity/stocks/rc^c,NYSE
RC^E,Ready Capital Corporation 6.50% Series E Cumulative Redeemable Preferred Stock,$13.20,-0.1448,-1.085%,3065,,United States,,,,/market-activity/stocks/rc^e,NYSE
RCD,Ready Capital Corporation 9.00% Senior Notes due 2029,$23.79,-0.21,-0.875%,4791,0.00,United States,2024,Real Estate Investment Trusts,Real Estate,/market-activity/stocks/rcd,NYSE
RCI,Rogers Communication Inc. Common Stock,$36.89,0.30,0.82%,1019229,19928873615.00,Canada,,Cable & Other Pay Television Services,Telecommunications,/market-activity/stocks/rci,NYSE
RCL,Royal Caribbean Cruises Ltd. Common Stock,$268.74,-10.67,-3.819%,2764075,71875073054.00,United States,1993,Marine Transportation,Consumer Discretionary,/market-activity/stocks/rcl,NYSE
RCS,PIMCO Strategic Income Fund Inc.,$5.28,0.02,0.38%,116060,0.00,United States,1994,Investment Managers,Finance,/market-activity/stocks/rcs,NYSE
RCUS,Arcus Biosciences Inc. Common Stock,$29.28,0.07,0.24%,1106379,3728321249.00,United States,2018,Biotechnology: Pharmaceutical Preparations,Health Care,/market-activity/stocks/rcus,NYSE
RDDT,Reddit Inc. Class A Common Stock,$147.81,-5.19,-3.392%,3858387,28438128143.00,United States,2024,EDP Services,Technology,/market-activity/stocks/rddt,NYSE
RDN,Radian Group Inc. Common Stock,$35.86,-0.55,-1.511%,1407269,4744325263.00,United States,,Property-Casualty Insurers,Finance,/market-activity/stocks/rdn,NYSE
RDW,Redwire Corporation Common Stock,$10.70,-0.17,-1.564%,10833399,2674920916.00,United States,2021,Military/Government/Technical,Industrials,/market-activity/stocks/rdw,NYSE
RDY,Dr. Reddy's Laboratories Ltd Common Stock,$12.13,-0.05,-0.411%,2159673,10124389046.00,India,,Biotechnology: Pharmaceutical Preparations,Health Care,/market-activity/stocks/rdy,NYSE
REF,Reformation Inc. Common Stock,$14.31,-0.69,-4.60%,390731,910972983.00,,2026,Apparel,Consumer Discretionary,/market-activity/stocks/ref,NYSE
RELX,RELX PLC PLC American Depositary Shares (Each representing One Ordinary Share),$36.43,-0.11,-0.301%,889815,66447500143.00,United Kingdom,2015,Business Services,Consumer Discretionary,/market-activity/stocks/relx,NYSE
RERE,ATRenew Inc. American Depositary Shares (every three of which representing two Class A ordinary shares),$4.12,0.08,1.98%,902026,903371784.00,Cayman Islands,2021,Other Specialty Stores,Consumer Discretionary,/market-activity/stocks/rere,NYSE
RES,RPC Inc. Common Stock,$6.53,0.13,2.031%,1463889,1447420288.00,United States,,Oilfield Services/Equipment,Energy,/market-activity/stocks/res,NYSE
REX,REX American Resources Corporation,$41.08,-0.27,-0.653%,143700,1353081455.00,United States,,Major Chemicals,Industrials,/market-activity/stocks/rex,NYSE
REXR,Rexford Industrial Realty Inc. Common Stock,$37.04,-0.09,-0.242%,1886771,8259480113.00,United States,2013,Real Estate Investment Trusts,Real Estate,/market-activity/stocks/rexr,NYSE
REXR^B,Rexford Industrial Realty Inc. 5.875% Series B Cumulative Redeemable Preferred Stock,$22.40,0.03,0.134%,1962,,United States,,,,/market-activity/stocks/rexr^b,NYSE
REXR^C,Rexford Industrial Realty Inc. 5.625% Series C Cumulative Redeemable Preferred Stock par value $0.01 per share,$21.40,0.10,0.469%,1898,,United States,,,,/market-activity/stocks/rexr^c,NYSE
REZI,Resideo Technologies Inc. Common Stock ,$19.36,-0.27,-1.375%,1971185,2939765238.00,United States,2018,Wholesale Distributors,Industrials,/market-activity/stocks/rezi,NYSE
RF,Regions Financial Corporation Common Stock,$29.88,-0.45,-1.484%,9284106,25455653639.00,United States,,Major Banks,Finance,/market-activity/stocks/rf,NYSE
RF^C,Regions Financial Corporation Depositary Shares each Representing a 1/40th Interest in a  Share of 5.700% Fixed-to-Floating Rate Non-Cumulative  Perpetual Preferred Stock Series C,$24.50,-0.02,-0.082%,22329,,United States,,,,/market-activity/stocks/rf^c,NYSE
RF^E,Regions Financial Corporation Depositary Shares Each Representing a 1/40th Interest in a Share of 4.45% Non-Cumulative Perpetual Preferred Stock Series E,$16.28,0.07,0.432%,33238,,United States,,,,/market-activity/stocks/rf^e,NYSE
RF^F,Regions Financial Corporation Depositary Shares Each Representing a 1/40th Interest in a Share of Non-Cumulative Perpetual Preferred Stock Series F,$25.46,-0.08,-0.313%,24319,,United States,,,,/market-activity/stocks/rf^f,NYSE
RFI,Cohen & Steers Total Return Realty Fund Inc. Common Stock,$11.33,-0.10,-0.875%,121141,556740655.00,United States,1993,Investment Managers,Finance,/market-activity/stocks/rfi,NYSE
RFL,Rafael Holdings Inc. Class B Common Stock,$2.57,0.01,0.391%,98298,133639990.00,United States,2018,Biotechnology: Pharmaceutical Preparations,Health Care,/market-activity/stocks/rfl,NYSE
RFM,RiverNorth Flexible Municipal Income Fund Inc. Common Stock,$14.43,0.055,0.383%,8639,88204533.00,,2020,Finance/Investors Services,Finance,/market-activity/stocks/rfm,NYSE
RFMZ,RiverNorth Flexible Municipal Income Fund II Inc. Common Stock,$13.06,-0.09,-0.684%,24654,318033933.00,,2021,Finance/Investors Services,Finance,/market-activity/stocks/rfmz,NYSE
RGA,Reinsurance Group of America Incorporated Common Stock,$246.04,0.50,0.204%,317572,16066821657.00,United States,,Life Insurance,Finance,/market-activity/stocks/rga,NYSE
RGR,Sturm Ruger & Company Inc. Common Stock,$37.97,0.71,1.906%,144272,606694380.00,United States,,Ordnance And Accessories,Industrials,/market-activity/stocks/rgr,NYSE
RGT,Royce Global Trust Inc. Common Stock,$15.32,-0.02,-0.13%,30286,96009567.00,,2013,Trusts Except Educational Religious and Charitable,Finance,/market-activity/stocks/rgt,NYSE
RH,RH Common Stock,$149.15,-0.34,-0.227%,538518,2819079526.00,United States,2012,Other Specialty Stores,Consumer Discretionary,/market-activity/stocks/rh,NYSE
RHI,Robert Half Inc. Common Stock,$45.34,0.03,0.066%,2505572,4641085282.00,United States,,Professional Services,Consumer Discretionary,/market-activity/stocks/rhi,NYSE
RHLD,Resolute Holdings Management Common Stock ,$135.52,-0.03,-0.022%,162740,1059711514.00,United States,,Finance: Consumer Services,Finance,/market-activity/stocks/rhld,NYSE
RHP,Ryman Hospitality Properties Inc. (REIT),$126.76,-2.57,-1.987%,627876,8744330080.00,United States,,Real Estate Investment Trusts,Real Estate,/market-activity/stocks/rhp,NYSE
RIG,Transocean Ltd (Switzerland) Common Stock,$5.81,0.01,0.172%,27505461,6489073294.00,Switzerland,,Oil & Gas Production,Energy,/market-activity/stocks/rig,NYSE
RIO,Rio Tinto Plc Common Stock,$102.50,-0.80,-0.774%,1576031,128743954860.00,Australia,2002,Metal Mining,Basic Materials,/market-activity/stocks/rio,NYSE
RITM,Rithm Capital Corp. Common Stock,$10.03,-0.05,-0.496%,4300266,5600822521.00,United States,,Real Estate Investment Trusts,Real Estate,/market-activity/stocks/ritm,NYSE
RITM^A,Rithm Capital Corp. 7.50% Series A Fixed-to-Floating Rate Cumulative Redeemable Preferred Stock,$25.52,-0.03,-0.117%,6881,,United States,,,,/market-activity/stocks/ritm^a,NYSE
RITM^B,Rithm Capital Corp. 7.125% Series B Fixed-to-Floating Rate Cumulative Redeemable Preferred Stock,$25.42,-0.125,-0.489%,20078,,United States,,,,/market-activity/stocks/ritm^b,NYSE
RITM^C,Rithm Capital Corp. 6.375% Series C Fixed-to-Floating Rate Cumulative Redeemable Preferred Stock,$24.84,-0.08,-0.321%,34064,,United States,,,,/market-activity/stocks/ritm^c,NYSE
RITM^D,Rithm Capital Corp. 7.00% Fixed-Rate Reset Series D Cumulative Redeemable Preferred Stock,$25.11,0.0301,0.12%,111480,,United States,,,,/market-activity/stocks/ritm^d,NYSE
RITM^E,Rithm Capital Corp. 8.75% Series E Fixed-Rate Cumulative Redeemable Preferred Stock,$24.64,0.05,0.203%,15400,,United States,,,,/market-activity/stocks/ritm^e,NYSE
RITM^F,Rithm Capital Corp. 8.750% Series F Fixed-Rate Reset Cumulative Redeemable Preferred Stock,$24.92,0.08,0.322%,22072,,United States,,,,/market-activity/stocks/ritm^f,NYSE
RIV,RiverNorth Opportunities Fund Inc. Common Stock,$10.94,-0.14,-1.264%,326009,0.00,United States,2015,Finance Companies,Finance,/market-activity/stocks/riv,NYSE
RIV^A,RiverNorth Opportunities Fund Inc. 6.00% Series A Perpetual Preferred Stock,$21.54,-0.11,-0.508%,2663,,United States,,,,/market-activity/stocks/riv^a,NYSE
RJF,Raymond James Financial Inc. Common Stock,$178.17,-1.19,-0.663%,1266499,34273086049.00,United States,,Investment Bankers/Brokers/Service,Finance,/market-activity/stocks/rjf,NYSE
RKT,Rocket Companies Inc. Class A Common Stock,$13.41,-0.36,-2.614%,24679487,37972324866.00,United States,2020,Finance: Consumer Services,Finance,/market-activity/stocks/rkt,NYSE
RL,Ralph Lauren Corporation Common Stock,$346.90,-7.14,-2.017%,802002,20669078709.00,United States,1997,Garments and Clothing,Industrials,/market-activity/stocks/rl,NYSE
RLI,RLI Corp. Common Stock (DE),$63.47,-0.84,-1.306%,520612,5824830406.00,United States,,Property-Casualty Insurers,Finance,/market-activity/stocks/rli,NYSE
RLJ,RLJ Lodging Trust Common Shares of Beneficial Interest $0.01 par value,$11.04,-0.42,-3.665%,3068111,1682229627.00,United States,2011,Real Estate Investment Trusts,Real Estate,/market-activity/stocks/rlj,NYSE
RLJ^A,RLJ Lodging Trust $1.95 Series A Cumulative Convertible  Preferred Shares,$25.37,0.02,0.079%,12017,,United States,,,,/market-activity/stocks/rlj^a,NYSE
RLTY,Cohen & Steers Real Estate Opportunities and Income Fund Common Shares of Beneficial Interest,$15.49,-0.09,-0.578%,62064,0.00,,2022,Investment Managers,Finance,/market-activity/stocks/rlty,NYSE
RLX,RLX Technology Inc. American Depositary Shares each representing the right to receive one (1) Class A ordinary share,$1.83,0.00,0.00%,3749268,2834560762.00,Cayman Islands,2021, Medicinal Chemicals and Botanical Products ,Health Care,/market-activity/stocks/rlx,NYSE
RM,Regional Management Corp. Common Stock,$32.09,-0.46,-1.413%,72098,296055729.00,United States,2012,Finance: Consumer Services,Finance,/market-activity/stocks/rm,NYSE
RMD,ResMed Inc. Common Stock,$240.10,-0.23,-0.096%,1722127,34634978671.00,United States,,Medical/Dental Instruments,Health Care,/market-activity/stocks/rmd,NYSE
RMI,RiverNorth Opportunistic Municipal Income Fund Inc. Common Stock,$15.19,0.03,0.198%,17181,96809941.00,,2018,Finance/Investors Services,Finance,/market-activity/stocks/rmi,NYSE
RMM,RiverNorth Managed Duration Municipal Income Fund Inc. Common Stock,$14.32,0.06,0.421%,30169,282671473.00,,2019,Trusts Except Educational Religious and Charitable,Finance,/market-activity/stocks/rmm,NYSE
RMMZ,RiverNorth Managed Duration Municipal Income Fund II Inc. Common Stock,$14.90,-0.20,-1.325%,15925,294120457.00,,2022,Investment Managers,Finance,/market-activity/stocks/rmmz,NYSE
RMT,Royce Micro-Cap Trust Inc. Common Stock,$14.00,0.01,0.071%,94717,647767498.00,United States,,Investment Managers,Finance,/market-activity/stocks/rmt,NYSE
RNG,RingCentral Inc. Class A Common Stock,$69.62,0.24,0.346%,1466064,5813698998.00,United States,2013,EDP Services,Technology,/market-activity/stocks/rng,NYSE
RNGR,Ranger Energy Services Inc. Class A Common Stock,$16.70,0.15,0.906%,256109,390813784.00,United States,2017,Oilfield Services/Equipment,Energy,/market-activity/stocks/rngr,NYSE
RNP,Cohen & Steers REIT and Preferred and Income Fund Inc. Common Shares,$20.13,-0.23,-1.13%,183266,989160582.00,United States,2003,Investment Managers,Finance,/market-activity/stocks/rnp,NYSE
RNR,RenaissanceRe Holdings Ltd. Common Stock,$327.64,-3.10,-0.937%,285257,13614062223.00,Bermuda,,Property-Casualty Insurers,Finance,/market-activity/stocks/rnr,NYSE
RNR^F,RenaissanceRe Holdings Ltd. Depositary Shares each Representing a 1/1000th Interest in a 5.750% Series F Preference Share,$20.19,-0.42,-2.038%,31439,,Bermuda,,,,/market-activity/stocks/rnr^f,NYSE
RNR^G,RenaissanceRe Holdings Ltd. Depositary Shares each representing a 1/1000th interest in a share of 4.20% Series G Preference Shares,$14.72,-0.43,-2.838%,60418,,Bermuda,,,,/market-activity/stocks/rnr^g,NYSE
RNST,Renasant Corporation Common Stock,$40.91,-0.18,-0.438%,653077,3739356663.00,United States,2023,Major Banks,Finance,/market-activity/stocks/rnst,NYSE
ROG,Rogers Corporation Common Stock,$125.57,0.05,0.04%,380111,2243726826.00,United States,1960,Major Chemicals,Industrials,/market-activity/stocks/rog,NYSE
ROK,Rockwell Automation Inc. Common Stock,$424.43,-6.43,-1.492%,1039003,47228003872.00,United States,,Industrial Machinery/Components,Industrials,/market-activity/stocks/rok,NYSE
ROL,Rollins Inc. Common Stock,$36.07,-0.31,-0.852%,5060146,17354914722.00,United States,,Diversified Commercial Services,Consumer Discretionary,/market-activity/stocks/rol,NYSE
RPC,Ridgepost Capital Inc. Class A Common Stock,$8.60,-0.06,-0.693%,946518,948050584.00,United States,2021,Investment Managers,Finance,/market-activity/stocks/rpc,NYSE
RPM,RPM International Inc. Common Stock,$104.10,-2.55,-2.391%,11381572,13297880989.00,United States,,Paints/Coatings,Consumer Discretionary,/market-activity/stocks/rpm,NYSE
RPT,Rithm Property Trust Inc. Common stock,$12.70,-0.16,-1.244%,19019,98711563.00,United States,2015,Real Estate Investment Trusts,Real Estate,/market-activity/stocks/rpt,NYSE
RPT^C,Rithm Property Trust Inc. 9.875% Series C Fixed-to-Floating Rate Cumulative Redeemable Preferred Stock,$25.07,0.07,0.28%,370,,United States,,,,/market-activity/stocks/rpt^c,NYSE
RQI,Cohen & Steers Quality Income Realty Fund Inc Common Shares,$12.15,-0.15,-1.22%,728495,1631749957.00,United States,2002,Trusts Except Educational Religious and Charitable,Finance,/market-activity/stocks/rqi,NYSE
RRC,Range Resources Corporation Common Stock,$41.32,-0.14,-0.338%,2406517,9655637560.00,United States,,Oil & Gas Production,Energy,/market-activity/stocks/rrc,NYSE
RRX,Regal Rexnord Corporation Common Stock,$158.45,1.02,0.648%,957940,10551481326.00,United States,1976,Industrial Machinery/Components,Industrials,/market-activity/stocks/rrx,NYSE
RS,Reliance Inc. Common Stock,$384.05,-3.54,-0.913%,527038,19607501848.00,United States,1994,Metal Fabrications,Industrials,/market-activity/stocks/rs,NYSE
RSF,RiverNorth Capital and Income Fund Common Stock,$14.52,0.005,0.034%,11352,48502990.00,,2019,Investment Managers,Finance,/market-activity/stocks/rsf,NYSE
RSG,Republic Services Inc. Common Stock,$220.92,-1.19,-0.536%,1967736,67648571100.00,United States,1998,Environmental Services,Utilities,/market-activity/stocks/rsg,NYSE
RSI,Rush Street Interactive Inc. Class A Common Stock,$25.76,-0.65,-2.461%,2055979,5970481702.00,United States,2020,Services-Misc. Amusement & Recreation,Consumer Discretionary,/market-activity/stocks/rsi,NYSE
RSKD,Riskified Ltd. Class A Ordinary Shares,$6.29,-0.02,-0.317%,2854679,855227448.00,,2021,Business Services,Consumer Discretionary,/market-activity/stocks/rskd,NYSE
RTO,Rentokil Initial plc American Depositary Shares (each representing five (5) Ordinary Shares),$23.79,0.26,1.105%,2053178,11999676000.00,United States,2022,Other Consumer Services,Consumer Discretionary,/market-activity/stocks/rto,NYSE
RTX,RTX Corporation Common Stock,$207.73,-3.98,-1.88%,3961350,279969799253.00,United States,,Aerospace,Industrials,/market-activity/stocks/rtx,NYSE
RVI,Robinhood Ventures Fund I Common Shares of Beneficial Interest,$26.65,-0.49,-1.805%,136438,0.00,,2026,,,/market-activity/stocks/rvi,NYSE
RVII,Robinhood Ventures Fund II Common Shares of Beneficial Interest,$22.62,0.34,1.526%,159650,180960000.00,,2026,,,/market-activity/stocks/rvii,NYSE
RVLV,Revolve Group Inc. Class A Common Stock,$22.22,-0.69,-3.012%,924983,1579518032.00,United States,2019,Catalog/Specialty Distribution,Consumer Discretionary,/market-activity/stocks/rvlv,NYSE
RVT,Royce Small-Cap Trust Inc. Common Stock,$18.57,-0.03,-0.161%,162570,2004756198.00,United States,1986,Trusts Except Educational Religious and Charitable,Finance,/market-activity/stocks/rvt,NYSE
RVTY,Revvity Inc. Common Stock,$128.67,-0.13,-0.101%,1631782,14357822217.00,United States,,Biotechnology: Laboratory Analytical Instruments,Industrials,/market-activity/stocks/rvty,NYSE
RWT,Redwood Trust Inc. Common Stock,$4.62,0.00,0.00%,1446687,580329436.00,United States,1995,Real Estate Investment Trusts,Real Estate,/market-activity/stocks/rwt,NYSE
RWT^A,Redwood Trust Inc. 10.00% Series A Fixed-Rate Reset Cumulative Redeemable Preferred Stock,$24.67,-0.056,-0.226%,1752,,United States,,,,/market-activity/stocks/rwt^a,NYSE
RWTN,Redwood Trust Inc. 9.125% Senior Notes Due 2029,$24.78,-0.12,-0.482%,1810,3202157438.00,United States,2024,Real Estate Investment Trusts,Real Estate,/market-activity/stocks/rwtn,NYSE
RWTO,Redwood Trust Inc. 9.00% Senior Notes Due 2029,$24.41,-0.24,-0.974%,1311,3154344756.00,United States,2024,Real Estate Investment Trusts,Real Estate,/market-activity/stocks/rwto,NYSE
RWTP,Redwood Trust Inc. 9.125% Senior Notes Due 2030,$23.53,-0.255,-1.072%,6351,0.00,United States,2025,Real Estate Investment Trusts,Real Estate,/market-activity/stocks/rwtp,NYSE
RWTQ,Redwood Trust Inc. 9.500% Senior Notes Due 2030,$23.33,-0.04,-0.171%,34587,0.00,United States,2025,Real Estate Investment Trusts,Real Estate,/market-activity/stocks/rwtq,NYSE
RWTS,Redwood Trust Inc. 9.75% Senior Notes Due 2031,$23.50,-0.02,-0.085%,36156,0.00,United States,2026,Real Estate Investment Trusts,Real Estate,/market-activity/stocks/rwts,NYSE
RXO,RXO Inc. Common Stock,$21.25,-0.66,-3.012%,1858586,3504680220.00,United States,2022,Transportation Services,Consumer Discretionary,/market-activity/stocks/rxo,NYSE
RY,Royal Bank Of Canada Common Stock,$204.15,-0.08,-0.039%,1578481,283723033141.00,Canada,,Commercial Banks,Finance,/market-activity/stocks/ry,NYSE
RYAM,Rayonier Advanced Materials Inc. Common Stock,$8.59,-0.01,-0.116%,517741,581063747.00,United States,2014,Paper,Basic Materials,/market-activity/stocks/ryam,NYSE
RYAN,Ryan Specialty Holdings Inc. Class A Common Stock,$42.18,-1.69,-3.852%,2204557,10790267631.00,United States,2021,Specialty Insurers,Finance,/market-activity/stocks/ryan,NYSE
RYN,Rayonier Inc. REIT Common Stock,$20.50,0.12,0.589%,5466184,6100129466.00,United States,,Real Estate Investment Trusts,Real Estate,/market-activity/stocks/ryn,NYSE
RYZ,Ryerson Holding Corporation Common Stock,$25.06,-0.26,-1.027%,533852,1300580244.00,United States,2014,Metal Fabrications,Industrials,/market-activity/stocks/ryz,NYSE
RZC,Reinsurance Group of America Incorporated 7.125% Fixed-Rate Reset Subordinated Debentures due 2052,$25.66,0.06,0.234%,39796,1675640724.00,United States,2022,Life Insurance,Finance,/market-activity/stocks/rzc,NYSE
S,SentinelOne Inc. Class A Common Stock,$22.10,0.56,2.60%,8957382,7575962278.00,United States,2021,Computer Software: Prepackaged Software,Technology,/market-activity/stocks/s,NYSE
SA,Seabridge Gold Inc. Common Shares New,$31.78,-0.61,-1.883%,587172,3428147244.00,Canada,2026,Precious Metals,Basic Materials,/market-activity/stocks/sa,NYSE
SABA,Saba Capital Income & Opportunities Fund II Shares of Beneficial Interest,$8.27,0.00,0.00%,68491,0.00,United States,,,,/market-activity/stocks/saba,NYSE
SAC,Safeguard Acquisition Corp. Class A Ordinary Shares,$10.10,0.00,0.00%,54728,0.00,,2026,Blank Checks,Finance,/market-activity/stocks/sac,NYSE
SAFE,Safehold Inc. New Common Stock ,$15.14,-0.23,-1.496%,414233,1072158479.00,United States,2023,Real Estate Investment Trusts,Real Estate,/market-activity/stocks/safe,NYSE
SAGU,Shreya Acquisition Group Class A Ordinary Shares,$9.99,-0.02,-0.20%,506,0.00,,2026,Blank Checks,Finance,/market-activity/stocks/sagu,NYSE
SAH,Sonic Automotive Inc. Common Stock,$78.65,-1.03,-1.293%,202738,2486504177.00,United States,1997,Retail-Auto Dealers and Gas Stations,Consumer Discretionary,/market-activity/stocks/sah,NYSE
SAJ,Saratoga Investment Corp 8.00% Notes due 2027,$25.11,0.0027,0.011%,2516,393469073.00,United States,2022,Investment Managers,Finance,/market-activity/stocks/saj,NYSE
SAM,Boston Beer Company Inc. (The) Common Stock,$177.81,-5.32,-2.905%,165367,1829963799.00,United States,,Beverages (Production/Distribution),Consumer Staples,/market-activity/stocks/sam,NYSE
SAMO,Samos Energy Acquisition Corporation,$9.82,9.82,,37666,0.00,,,,,/market-activity/stocks/samo,NYSE
SAN,Banco Santander S.A. Sponsored ADR (Spain),$14.56,-0.11,-0.75%,8269405,213876491949.00,Spain,,Commercial Banks,Finance,/market-activity/stocks/san,NYSE
SAP,SAP  SE ADS,$220.89,-0.65,-0.293%,3028846,271364299806.00,Germany,,Computer Software: Prepackaged Software,Technology,/market-activity/stocks/sap,NYSE
SAR,Saratoga Investment Corp New,$18.50,0.26,1.425%,139266,297496946.00,United States,,Investment Managers,Finance,/market-activity/stocks/sar,NYSE
SARO,StandardAero Inc. Common Stock,$24.49,-0.52,-2.079%,4219780,8104216865.00,United States,2024,Aerospace,Industrials,/market-activity/stocks/saro,NYSE
SAT,Saratoga Investment Corp 6.00% Notes due 2027,$25.00,0.00,0.00%,3461,391703275.00,United States,2022,Investment Managers,Finance,/market-activity/stocks/sat,NYSE
SAV,Saratoga Investment Corp 7.50% Notes due 2031,$24.64,-0.04,-0.162%,5893,0.00,United States,2026,Investment Managers,Finance,/market-activity/stocks/sav,NYSE
SAX,Saratoga Investment Corp 8.00% Notes due 2031,$24.79,-0.01,-0.04%,31717,0.00,United States,2026,,,/market-activity/stocks/sax,NYSE
SAY,Saratoga Investment Corp 8.125% Notes due 2027,$25.09,0.01,0.04%,9081,393035066.00,United States,2022,Investment Managers,Finance,/market-activity/stocks/say,NYSE
SAZ,Saratoga Investment Corp 8.50% Notes due 2028,$25.19,-0.005,-0.02%,21736,394601879.00,United States,2023,Investment Managers,Finance,/market-activity/stocks/saz,NYSE
SB,Safe Bulkers Inc Common Stock ($0.001 par value),$8.63,0.11,1.291%,726771,882372469.00,Monaco,2008,Marine Transportation,Consumer Discretionary,/market-activity/stocks/sb,NYSE
SB^C,Safe Bulkers Inc Cumulative Redeemable Perpetual Preferred Series C (Marshall Islands),$26.50,0.00,0.00%,273,,Monaco,,,,/market-activity/stocks/sb^c,NYSE
SB^D,Safe Bulkers Inc Perpetual Preferred Series D (Marshall Islands),$26.11,-0.045,-0.172%,7141,,Monaco,,,,/market-activity/stocks/sb^d,NYSE
SBH,Sally Beauty Holdings Inc. (Name to be changed from Sally Holdings Inc.) Common Stock,$16.38,-0.17,-1.027%,1435107,1533533143.00,United States,,Other Specialty Stores,Consumer Discretionary,/market-activity/stocks/sbh,NYSE
SBI,Western Asset Intermediate Muni Fund Inc Common Stock,$7.61,-0.04,-0.523%,54176,0.00,United States,1992,Finance/Investors Services,Finance,/market-activity/stocks/sbi,NYSE
SBR,Sabine Royalty Trust Common Stock,$75.10,0.25,0.334%,26586,1094908810.00,United States,,Oil & Gas Production,Energy,/market-activity/stocks/sbr,NYSE
SBS,Companhia de saneamento Basico Do Estado De Sao Paulo - Sabesp American Depositary Shares (Each repstg 250 Common Shares),$4.86,-0.01,-0.205%,12627363,17129235362.00,Brazil,2002,Water Supply,Utilities,/market-activity/stocks/sbs,NYSE
SBSI,Southside Bancshares Inc. Common Stock,$31.56,-0.32,-1.004%,90588,940739849.00,United States,,Major Banks,Finance,/market-activity/stocks/sbsi,NYSE
SBSW,D/B/A Sibanye-Stillwater Limited ADS,$11.85,-0.24,-1.985%,3775046,8385555520.00,South Africa,,Precious Metals,Basic Materials,/market-activity/stocks/sbsw,NYSE
SBXD,SilverBox Corp IV Class A Ordinary Shares,$10.84,-0.01,-0.092%,225,0.00,,2024,,,/market-activity/stocks/sbxd,NYSE
SBXE,SilverBox Corp V Class A Ordinary Shares,$10.13,0.04,0.396%,995,0.00,,2026,,,/market-activity/stocks/sbxe,NYSE
SCCO,Southern Copper Corporation Common Stock,$208.87,-0.93,-0.443%,1330052,174266863432.00,United States,,Metal Mining,Basic Materials,/market-activity/stocks/scco,NYSE
SCD,LMP Capital and Income Fund Inc. Common Stock,$15.60,-0.08,-0.51%,86320,0.00,United States,2004,Trusts Except Educational Religious and Charitable,Finance,/market-activity/stocks/scd,NYSE
SCE^G,SCE Trust II Trust Preferred Securities,$16.90,-0.04,-0.236%,67873,,United States,,,,/market-activity/stocks/sce^g,NYSE
SCE^L,SCE TRUST VI,$16.57,-0.11,-0.659%,81360,,United States,,,,/market-activity/stocks/sce^l,NYSE
SCE^M,SCE Trust VII 7.50% Trust Preference Securities,$23.68,-0.49,-2.027%,347966,,United States,,,,/market-activity/stocks/sce^m,NYSE
SCE^N,SCE Trust VIII 6.95% Trust Preference Securities,$22.43,-0.37,-1.623%,70495,,United States,,,,/market-activity/stocks/sce^n,NYSE
SCHW,Charles Schwab Corporation (The) Common Stock,$109.82,-0.34,-0.309%,6160675,189915648111.00,United States,,Investment Bankers/Brokers/Service,Finance,/market-activity/stocks/schw,NYSE
SCHW^D,The Charles Schwab Corporation Depositary Shares each representing 1/40th interest in a share of 5.95% Non-Cumulative Perpetual Preferred Stock Series D,$23.23,-0.13,-0.557%,78063,,United States,,,,/market-activity/stocks/schw^d,NYSE
SCHW^J,The Charles Schwab Corporation Depositary Shares Each Representing a 1/40th Interest in a Share of 4.450% Non-Cumulative Perpetual Preferred Stock Series J,$16.88,-0.07,-0.413%,81455,,United States,,,,/market-activity/stocks/schw^j,NYSE
SCI,Service Corporation International Common Stock,$81.64,-1.72,-2.063%,657066,11153613857.00,United States,,Other Consumer Services,Consumer Discretionary,/market-activity/stocks/sci,NYSE
SCL,Stepan Company Common Stock,$62.61,-0.04,-0.064%,109121,1423284329.00,United States,,Package Goods/Cosmetics,Consumer Discretionary,/market-activity/stocks/scl,NYSE
SCM,Stellus Capital Investment Corporation Common Stock,$8.66,-0.07,-0.802%,264095,246636254.00,United States,2012,Finance/Investors Services,Finance,/market-activity/stocks/scm,NYSE
SD,SandRidge Energy Inc. Common Stock,$14.12,0.16,1.146%,321560,523503180.00,United States,2016,Oil & Gas Production,Energy,/market-activity/stocks/sd,NYSE
SDHC,Smith Douglas Homes Corp. Class A Common Stock,$12.08,-0.26,-2.107%,56703,614006842.00,United States,2024,Homebuilding,Consumer Discretionary,/market-activity/stocks/sdhc,NYSE
SDHY,PGIM Short Duration High Yield Opportunities Fund Common Shares,$16.01,0.04,0.25%,62960,395015627.00,,2020,Finance/Investors Services,Finance,/market-activity/stocks/sdhy,NYSE
SDRL,Seadrill Limited Common Shares,$48.72,1.12,2.353%,403596,3047019103.00,Bermuda,2022,Oil & Gas Production,Energy,/market-activity/stocks/sdrl,NYSE
SE,Sea Limited American Depositary Shares each representing one Class A Ordinary Share,$113.48,-5.88,-4.926%,4535503,69504743557.00,United States,2017,Other Consumer Services,Consumer Discretionary,/market-activity/stocks/se,NYSE
SEAL^A,Seapeak LLC 9.00% Series A Cumulative Redeemable Perpetual Preferred Units,$25.70,-0.0106,-0.041%,4197,,Bermuda,,,,/market-activity/stocks/seal^a,NYSE
SEAL^B,Seapeak LLC 8.50% Series B Fixed-to-Floating Rate Cumulative Redeemable Perpetual Preferred Units,$25.90,0.25,0.975%,21491,,Bermuda,,,,/market-activity/stocks/seal^b,NYSE
SECZ,Securitize Corp. Common Stock,$6.46,0.17,2.703%,1355155,1054696325.00,,2026,Finance: Consumer Services,Finance,/market-activity/stocks/secz,NYSE
SEG,Seaport Entertainment Group Inc. Common Stock,$26.29,-0.50,-1.866%,72466,336762701.00,United States,2024,Services-Misc. Amusement & Recreation,Consumer Discretionary,/market-activity/stocks/seg,NYSE
SEI,Solaris Energy Infrastructure Inc. Class A Common Stock,$50.77,0.88,1.764%,1729126,3887275722.00,United States,2017,Oil and Gas Field Machinery,Consumer Discretionary,/market-activity/stocks/sei,NYSE
SES,SES AI Corporation Class A Common Stock,$0.52,-0.0026,-0.498%,11672032,192958062.00,United States,2021,Industrial Machinery/Components,Miscellaneous,/market-activity/stocks/ses,NYSE
SF,Stifel Financial Corporation Common Stock,$80.78,-0.51,-0.627%,1015684,12197920073.00,United States,,Investment Bankers/Brokers/Service,Finance,/market-activity/stocks/sf,NYSE
SF^B,Stifel Financial Corporation Depositary Shares Each Representing 1/1000th  Interest in a Share of 6.25% Non-Cumulative  Preferred Stock Series B,$22.29,0.28,1.272%,16559,,United States,,,,/market-activity/stocks/sf^b,NYSE
SF^C,Stifel Financial Corporation Depositary Shares Each Representing 1/1000th Interest in a Share of 6.125% Non Cumulative Preferred Stock Series C,$21.66,0.29,1.357%,24474,,United States,,,,/market-activity/stocks/sf^c,NYSE
SF^D,Stifel Financial Corporation Depositary Shares Each Representing 1/1000th Interest in a Share of 4.50% Non-Cumulative Preferred Stock Series D,$15.81,-0.02,-0.126%,22616,,United States,,,,/market-activity/stocks/sf^d,NYSE
SFB,Stifel Financial Corporation 5.20% Senior Notes due 2047,$19.66,-0.05,-0.254%,15551,2008729162.00,United States,2017,Investment Bankers/Brokers/Service,Finance,/market-activity/stocks/sfb,NYSE
SFBS,ServisFirst Bancshares Inc. Common Stock,$43.04,-0.16,-0.37%,456082,2353104830.00,United States,,Major Banks,Finance,/market-activity/stocks/sfbs,NYSE
SFL,SFL Corporation Ltd,$12.45,0.08,0.647%,1236198,1655760161.00,Bermuda,,Marine Transportation,Consumer Discretionary,/market-activity/stocks/sfl,NYSE
SG,Sweetgreen Inc. Class A Common Stock,$6.96,-0.01,-0.143%,5223536,828527552.00,United States,2021,Restaurants,Consumer Discretionary,/market-activity/stocks/sg,NYSE
SGHC,Super Group (SGHC) Limited Ordinary Shares,$13.54,-0.28,-2.026%,2099694,6879359710.00,,2022,Services-Misc. Amusement & Recreation,Consumer Discretionary,/market-activity/stocks/sghc,NYSE
SGI,Somnigroup International Inc. Common Stock,$64.75,0.38,0.59%,4365608,13621165542.00,United States,,Home Furnishings,Consumer Discretionary,/market-activity/stocks/sgi,NYSE
SGU,Star Group L.P. Common Stock,$12.78,0.10,0.789%,62286,419327340.00,United States,,Other Specialty Stores,Consumer Discretionary,/market-activity/stocks/sgu,NYSE
SHAK,Shake Shack Inc. Class A Common Stock,$68.89,-1.00,-1.431%,883556,2948418839.00,United States,2015,Restaurants,Consumer Discretionary,/market-activity/stocks/shak,NYSE
SHEL,Shell PLC American Depositary Shares (each representing two (2) Ordinary Shares),$91.45,0.54,0.594%,6148003,260170296611.00,Netherlands,2022,Oil & Gas Production,Energy,/market-activity/stocks/shel,NYSE
SHG,Shinhan Financial Group Co Ltd American Depositary Shares,$79.17,0.02,0.025%,129016,37578385760.00,South Korea,,Major Banks,Finance,/market-activity/stocks/shg,NYSE
SHO,Sunstone Hotel Investors Inc. Sunstone Hotel Investors Inc. Common Shares,$11.17,-0.16,-1.412%,3323266,2076993821.00,United States,2004,Hotels/Resorts,Consumer Discretionary,/market-activity/stocks/sho,NYSE
SHO^H,Sunstone Hotel Investors Inc. 6.125% Series H Cumulative Redeemable Preferred Stock,$22.59,0.24,1.074%,27798,,United States,,,,/market-activity/stocks/sho^h,NYSE
SHO^I,Sunstone Hotel Investors Inc. 5.70% Series I Cumulative Redeemable Preferred Stock,$21.73,0.06,0.277%,16416,,United States,,,,/market-activity/stocks/sho^i,NYSE
SHW,Sherwin-Williams Company (The) Common Stock,$338.81,-6.05,-1.754%,2134129,82248889140.00,United States,,RETAIL: Building Materials,Consumer Discretionary,/market-activity/stocks/shw,NYSE
SI,Shoulder Innovations Inc. Common Stock,$20.96,-0.20,-0.945%,53204,436365339.00,United States,2025,Medical/Dental Instruments,Health Care,/market-activity/stocks/si,NYSE
SID,Companhia Siderurgica Nacional S.A. Common Stock,$1.04,0.02,1.961%,2009442,1379137705.00,Brazil,,Steel/Iron Ore,Industrials,/market-activity/stocks/sid,NYSE
SIG,Signet Jewelers Limited Common Shares,$82.28,-0.42,-0.508%,581220,3236054545.00,Bermuda,,Consumer Specialties,Consumer Discretionary,/market-activity/stocks/sig,NYSE
SII,Sprott Inc. Common Shares,$131.85,-1.10,-0.827%,144859,3401730000.00,,2020,Finance: Consumer Services,Finance,/market-activity/stocks/sii,NYSE
SIND,Sinda Ltd. Common Stock,$15.61,-0.11,-0.70%,416115,2478725715.00,,2026,Precious Metals,Basic Materials,/market-activity/stocks/sind,NYSE
SITC,SITE Centers Corp. Common Stock,$2.95,-0.04,-1.338%,1455855,154802250.00,United States,,Real Estate Investment Trusts,Real Estate,/market-activity/stocks/sitc,NYSE
SITE,SiteOne Landscape Supply Inc. Common Stock,$98.53,2.14,2.22%,944557,4301365577.00,United States,2016,Professional and commerical equipment,Consumer Discretionary,/market-activity/stocks/site,NYSE
SJM,The J.M. Smucker Company Common Stock,$131.16,-1.18,-0.892%,1246385,14010928682.00,United States,,Packaged Foods,Consumer Staples,/market-activity/stocks/sjm,NYSE
SJT,San Juan Basin Royalty Trust Common Stock,$2.76,0.05,1.845%,123138,128640277.00,United States,,Oil & Gas Production,Energy,/market-activity/stocks/sjt,NYSE
SKE,Skeena Resources Limited Common Shares,$32.63,-0.61,-1.835%,537776,4093848064.00,,2021,Precious Metals,Basic Materials,/market-activity/stocks/ske,NYSE
SKIL,Skillsoft Corp. Class A Common Stock,$6.88,-0.05,-0.722%,75196,61696600.00,United States,2019,Computer Software: Prepackaged Software,Technology,/market-activity/stocks/skil,NYSE
SKM,SK Telecom Co. Ltd. Common Stock,$38.39,-0.95,-2.415%,2139070,14725636200.00,South Korea,,Telecommunications Equipment,Telecommunications,/market-activity/stocks/skm,NYSE
SKT,Tanger Inc. Common Stock,$37.71,-0.02,-0.053%,936698,4332086675.00,United States,1993,Real Estate Investment Trusts,Real Estate,/market-activity/stocks/skt,NYSE
SKY,Champion Homes Inc. Common Stock,$89.27,-0.95,-1.053%,448758,4845587562.00,United States,,Homebuilding,Consumer Discretionary,/market-activity/stocks/sky,NYSE
SKYH,Sky Harbour Group Corporation Class A Common Stock,$10.54,-0.03,-0.284%,201857,860375014.00,United States,2022,Real Estate,Finance,/market-activity/stocks/skyh,NYSE
SLB,SLB Limited Common Shares,$60.10,2.77,4.832%,35189565,89197008183.00,France,,Oilfield Services/Equipment,Energy,/market-activity/stocks/slb,NYSE
SLF,Sun Life Financial Inc. Common Stock,$78.38,-0.38,-0.482%,658133,43647063338.00,Canada,,Life Insurance,Finance,/market-activity/stocks/slf,NYSE
SLG,SL Green Realty Corp Common Stock,$55.98,-1.56,-2.711%,694818,3966177794.00,United States,1997,Real Estate Investment Trusts,Real Estate,/market-activity/stocks/slg,NYSE
SLG^I,SL Green Realty Corporation Preferred Series I,$21.55,0.025,0.116%,8720,,United States,,,,/market-activity/stocks/slg^i,NYSE
SLGN,Silgan Holdings Inc. Common Stock,$41.54,-0.56,-1.33%,1062945,4390031111.00,United States,2022,Containers/Packaging,Industrials,/market-activity/stocks/slgn,NYSE
SLQT,SelectQuote Inc. Common Stock,$0.56,0.04,7.692%,3169129,98880954.00,United States,2020,Specialty Insurers,Finance,/market-activity/stocks/slqt,NYSE
SLVM,Sylvamo Corporation Common Stock,$35.92,-0.45,-1.237%,179898,1428187929.00,United States,2021,Paper,Basic Materials,/market-activity/stocks/slvm,NYSE
SM,SM Energy Company Common Stock,$37.18,0.56,1.529%,5451813,8843414248.00,United States,,Oil & Gas Production,Energy,/market-activity/stocks/sm,NYSE
SMA,SmartStop Self Storage REIT Inc. Common Stock,$32.47,-0.57,-1.725%,782642,1797828280.00,United States,2025,Real Estate Investment Trusts,Real Estate,/market-activity/stocks/sma,NYSE
SMBK,SmartFinancial Inc. Common Stock,$50.55,-0.27,-0.531%,99970,864327810.00,United States,,Major Banks,Finance,/market-activity/stocks/smbk,NYSE
SMC,Summit Midstream Corporation Common Stock,$34.83,0.75,2.201%,66812,707330601.00,United States,2012,Natural Gas Distribution,Utilities,/market-activity/stocks/smc,NYSE
SMFG,Sumitomo Mitsui Financial Group Inc Unsponsored American Depositary Shares (Japan),$25.84,-0.08,-0.309%,1258030,117865280692.00,Japan,,Commercial Banks,Finance,/market-activity/stocks/smfg,NYSE
SMG,Scotts Miracle-Gro Company (The) Common Stock,$59.80,-0.63,-1.043%,1090999,3481572385.00,United States,1992,Agricultural Chemicals,Industrials,/market-activity/stocks/smg,NYSE
SMHI,SEACOR Marine Holdings Inc. Common Stock ,$9.55,0.14,1.488%,113712,259118488.00,United States,2017,Marine Transportation,Consumer Discretionary,/market-activity/stocks/smhi,NYSE
SMP,Standard Motor Products Inc. Common Stock,$37.72,0.71,1.918%,380698,842675852.00,United States,,Auto Parts:O.E.M.,Consumer Discretionary,/market-activity/stocks/smp,NYSE
SMR,NuScale Power Corporation Class A Common Stock,$9.27,-0.02,-0.215%,23171259,3983534731.00,United States,2022,Metal Fabrications,Industrials,/market-activity/stocks/smr,NYSE
SMRT,SmartRent Inc. Class A Common Stock,$1.33,-0.01,-0.746%,832960,254843693.00,United States,,EDP Services,Technology,/market-activity/stocks/smrt,NYSE
SMWB,Similarweb Ltd. Ordinary Shares,$9.29,0.21,2.313%,608504,807918339.00,,2021,Computer Software: Programming Data Processing,Technology,/market-activity/stocks/smwb,NYSE
SN,SharkNinja Inc. Ordinary Shares,$192.49,1.26,0.659%,2065250,27116365044.00,United States,2023,Consumer Electronics/Appliances,Consumer Discretionary,/market-activity/stocks/sn,NYSE
SNA,Snap-On Incorporated Common Stock,$386.31,-5.55,-1.416%,418757,19982705272.00,United States,,Industrial Machinery/Components,Consumer Discretionary,/market-activity/stocks/sna,NYSE
SNAP,Snap Inc. Class A Common Stock,$5.55,0.12,2.21%,42416718,9386147302.00,United States,2017,Computer Software: Programming Data Processing,Technology,/market-activity/stocks/snap,NYSE
SNDA,Sonida Senior Living Inc. Common Stock,$37.50,0.04,0.107%,942282,1801799625.00,United States,,Hospital/Nursing Management,Health Care,/market-activity/stocks/snda,NYSE
SNDR,Schneider National Inc. Common Stock,$34.51,0.07,0.203%,902561,6049634024.00,United States,2017,Trucking Freight/Courier Services,Industrials,/market-activity/stocks/sndr,NYSE
SNN,Smith & Nephew SNATS Inc. Common Stock,$28.76,-0.21,-0.725%,4304391,12219031408.00,United Kingdom,,Industrial Specialties,Health Care,/market-activity/stocks/snn,NYSE
SNOW,Snowflake Inc. Common Stock,$331.43,3.43,1.046%,4392164,114873638000.00,United States,2020,Computer Software: Prepackaged Software,Technology,/market-activity/stocks/snow,NYSE
SNUS^H,Santander Holdings USA Inc. Depositary Shares Each Representing a 1/1000th Interest in a Share of Fixed-Rate Reset Non-Cumulative Perpetual Preferred Stock Series H,$20.95,-1.22,-5.503%,106916,,,,,,/market-activity/stocks/snus^h,NYSE
SNUS^I,Santander Holdings USA Inc. Depositary Shares Each Representing a 1/40th Interest in a Share of Fixed-Rate Reset Non-Cumulative Perpetual Preferred Stock Series I,$23.98,-0.24,-0.991%,60958,,,,,,/market-activity/stocks/snus^i,NYSE
SNX,TD SYNNEX Corporation Common Stock,$252.85,-1.12,-0.441%,535995,20217570443.00,United States,2003,Retail: Computer Software & Peripheral Equipment,Technology,/market-activity/stocks/snx,NYSE
SO,Southern Company (The) Common Stock,$88.00,-0.25,-0.283%,6624628,101231941008.00,United States,,Electric Utilities: Central,Utilities,/market-activity/stocks/so,NYSE
SOBO,South Bow Corporation Common Shares,$37.77,0.34,0.908%,384234,7878241362.00,Canada,2024,Natural Gas Distribution,Energy,/market-activity/stocks/sobo,NYSE
SOC,Sable Offshore Corp. Common Stock,$4.83,0.34,7.572%,6587074,926730033.00,United States,2021,Oil & Gas Production,Energy,/market-activity/stocks/soc,NYSE
SOJC,Southern Company (The) Series 2017B 5.25% Junior Subordinated Notes due December 1 2077,$19.64,-0.38,-1.898%,59177,21604931073.00,United States,2017,Electric Utilities: Central,Utilities,/market-activity/stocks/sojc,NYSE
SOJD,Southern Company (The) Series 2020A 4.95% Junior Subordinated Notes due January 30 2080,$18.25,-0.11,-0.599%,90590,20075865178.00,United States,2020,Electric Utilities: Central,Utilities,/market-activity/stocks/sojd,NYSE
SOJE,Southern Company (The) Series 2020C 4.20% Junior Subordinated Notes due October 15 2060,$15.80,-0.21,-1.312%,70045,17294138645.00,United States,2020,Electric Utilities: Central,Utilities,/market-activity/stocks/soje,NYSE
SOJF,Southern Company (The) Series 2025A 6.50% Junior Subordinated Notes due March 15 2085,$25.04,-0.01,-0.04%,54836,0.00,United States,2025,Electric Utilities: Central,Utilities,/market-activity/stocks/sojf,NYSE
SOLV,Solventum Corporation Common Stock,$91.06,-0.06,-0.066%,926433,15500572763.00,United States,2024,Medical/Dental Instruments,Health Care,/market-activity/stocks/solv,NYSE
SOMN,Southern Company (The) 2025 Series A Corporate Units,$47.85,0.09,0.188%,135545,55044867923.00,United States,,Electric Utilities: Central,Utilities,/market-activity/stocks/somn,NYSE
SON,Sonoco Products Company Common Stock,$55.15,-1.32,-2.338%,1451987,5452956415.00,United States,,Containers/Packaging,Consumer Discretionary,/market-activity/stocks/son,NYSE
SONY,Sony Group Corporation American Depositary Shares ,$24.56,-0.29,-1.167%,5215919,145092270918.00,Japan,,Consumer Electronics/Appliances,Consumer Staples,/market-activity/stocks/sony,NYSE
SOR,Source Capital Inc. Cmn Shs of BI,$47.01,0.01,0.021%,16552,392274146.00,United States,,Investment Managers,Finance,/market-activity/stocks/sor,NYSE
SOS,SOS Limited Class A Ordinary Shares,$0.85,-0.0621,-6.824%,91167,15406614.00,China,,Investment Bankers/Brokers/Service,Finance,/market-activity/stocks/sos,NYSE
SOUL,Soulpower Acquisition Corporation Class A Ordinary Shares,$10.48,0.03,0.287%,1581,0.00,,2025,Publishing,Consumer Discretionary,/market-activity/stocks/soul,NYSE
SPB,Spectrum Brands Holdings Inc. Common Stock,$86.31,-2.37,-2.673%,492231,1984749891.00,United States,,Industrial Machinery/Components,Miscellaneous,/market-activity/stocks/spb,NYSE
SPCE,Virgin Galactic Holdings Inc. Common Stock,$2.92,-0.02,-0.68%,5166412,442660037.00,United States,2017,Transportation Services,Consumer Discretionary,/market-activity/stocks/spce,NYSE
SPE,Special Opportunities Fund Inc Common Stock,$13.59,0.04,0.295%,25178,0.00,United States,,Finance/Investors Services,Finance,/market-activity/stocks/spe,NYSE
SPE^C,Special Opportunities Fund Inc. 2.75% Convertible Preferred Stock Series C,$24.85,0.12,0.485%,1798,,United States,,,,/market-activity/stocks/spe^c,NYSE
SPG,Simon Property Group Inc. Common Stock,$212.32,-2.24,-1.044%,2253617,68696457665.00,United States,,Real Estate Investment Trusts,Real Estate,/market-activity/stocks/spg,NYSE
SPG^J,Simon Property Group Inc. Simon Property Group 8 3/8% Series J Cumulative Redeemable Preferred Stock,$55.78,0.29,0.523%,249,,United States,,,,/market-activity/stocks/spg^j,NYSE
SPGI,S&P Global Inc. Common Stock,$435.84,-7.05,-1.592%,2030866,128485632000.00,United States,,Finance: Consumer Services,Finance,/market-activity/stocks/spgi,NYSE
SPH,Suburban Propane Partners L.P. Common Stock,$17.61,-0.02,-0.113%,218484,1174805135.00,United States,1996,Other Specialty Stores,Consumer Discretionary,/market-activity/stocks/sph,NYSE
SPHR,Sphere Entertainment Co. Class A Common Stock,$136.30,-5.38,-3.797%,1009847,4895024634.00,United States,2020,Services-Misc. Amusement & Recreation,Consumer Discretionary,/market-activity/stocks/sphr,NYSE
SPIR,Spire Global Inc. Class A Common Stock,$13.27,0.10,0.759%,390524,539058863.00,United States,2020,Telecommunications Equipment,Consumer Discretionary,/market-activity/stocks/spir,NYSE
SPMA,Sound Point Meridian Capital Inc. 8.00% Series A Preferred Shares Due 2029,$25.07,-0.0101,-0.04%,7128,0.00,,,,,/market-activity/stocks/spma,NYSE
SPMC,Sound Point Meridian Capital Inc. Common Stock,$9.89,0.37,3.887%,63081,0.00,,2024,,,/market-activity/stocks/spmc,NYSE
SPME,Sound Point Meridian Capital Inc. 7.875% Series B Preferred Shares due 2030,$24.89,-0.01,-0.04%,6023,0.00,,,,,/market-activity/stocks/spme,NYSE
SPNT,SiriusPoint Ltd. Common Shares,$24.19,0.01,0.041%,555322,2810031737.00,Bermuda,2013,Property-Casualty Insurers,Finance,/market-activity/stocks/spnt,NYSE
SPOT,Spotify Technology S.A. Ordinary Shares,$543.62,-3.89,-0.71%,1729595,111894678328.00,Luxembourg,2018,Broadcasting,Consumer Discretionary,/market-activity/stocks/spot,NYSE
SPRU,Spruce Power Holding Corporation Class A Common Stock,$1.86,-0.01,-0.535%,28341,35809066.00,United States,2019,Electric Utilities: Central,Utilities,/market-activity/stocks/spru,NYSE
SPXC,SPX Technologies Inc. Common Stock,$196.75,-1.98,-0.996%,388334,9854392955.00,United States,,Industrial Machinery/Components,Industrials,/market-activity/stocks/spxc,NYSE
SPXX,Nuveen S&P 500 Dynamic Overwrite Fund,$19.25,-0.01,-0.052%,245595,0.00,United States,,Trusts Except Educational Religious and Charitable,Finance,/market-activity/stocks/spxx,NYSE
SQM,Sociedad Quimica y Minera S.A. Common Stock,$79.01,0.38,0.483%,885884,22568243210.00,Chile,1993,Mining & Quarrying of Nonmetallic Minerals (No Fuels),Industrials,/market-activity/stocks/sqm,NYSE
SQNS,Sequans Communications S.A. American Depositary Shares (each representing one hundred (100) Ordinary Shares),$2.90,-0.01,-0.344%,26471,43435229.00,France,,Semiconductors,Technology,/market-activity/stocks/sqns,NYSE
SR,Spire Inc. Common Stock,$81.84,-0.72,-0.872%,533470,4837792125.00,United States,,Oil/Gas Transmission,Utilities,/market-activity/stocks/sr,NYSE
SRE,DBA Sempra Common Stock,$81.70,-2.61,-3.096%,9467013,53423658432.00,United States,,Natural Gas Distribution,Utilities,/market-activity/stocks/sre,NYSE
SREA,DBA Sempra 5.750% Junior Subordinated Notes due 2079,$20.21,-0.24,-1.174%,110648,12795878134.00,United States,2019,Natural Gas Distribution,Utilities,/market-activity/stocks/srea,NYSE
SRFM,Surf Air Mobility Inc. Common Stock,$0.70,-0.0152,-2.118%,973980,86860081.00,United States,2023,Transportation Services,Consumer Discretionary,/market-activity/stocks/srfm,NYSE
SRG,Seritage Growth Properties Class A Common Stock,$2.08,-0.03,-1.422%,159850,117155183.00,United States,2015,Real Estate,Finance,/market-activity/stocks/srg,NYSE
SRG^A,Seritage Growth Properties 7.00% Series A Cumulative Redeemable Preferred Shares of Beneficial Interest,$22.05,-0.0727,-0.329%,3615,,United States,,,,/market-activity/stocks/srg^a,NYSE
SRI,Stoneridge Inc. Common Stock,$6.92,-0.25,-3.487%,140852,197378288.00,United States,1997,Auto Parts:O.E.M.,Consumer Discretionary,/market-activity/stocks/sri,NYSE
SRJN,Spire Inc. 6.375% Junior Subordinated Notes due 2086,$21.95,-0.46,-2.053%,52991,0.00,United States,,Oil/Gas Transmission,Utilities,/market-activity/stocks/srjn,NYSE
SRL,Scully Royalty Ltd.,$5.84,0.00,0.00%,912,88921890.00,Canada,,Precious Metals,Industrials,/market-activity/stocks/srl,NYSE
SRV,NXG Cushing Midstream Energy Fund Common Shares of Beneficial Interest,$44.85,-0.65,-1.429%,71366,0.00,United States,,Finance Companies,Finance,/market-activity/stocks/srv,NYSE
SSB,SouthState Bank Corporation Common Stock,$104.89,-1.09,-1.028%,610046,10171658871.00,United States,,Major Banks,Finance,/market-activity/stocks/ssb,NYSE
SSD,Simpson Manufacturing Company Inc. Common Stock,$182.61,0.54,0.297%,250217,7484212780.00,United States,,Industrial Machinery/Components,Consumer Discretionary,/market-activity/stocks/ssd,NYSE
SSL,Sasol Ltd. American Depositary Shares,$12.02,0.20,1.692%,820703,7805488750.00,South Africa,,Oil & Gas Production,Energy,/market-activity/stocks/ssl,NYSE
SSMR,Sunshine Silver Mining & Refining Company Common Stock,$17.53,-0.62,-3.416%,279511,2519527351.00,,2026,Precious Metals,Basic Materials,/market-activity/stocks/ssmr,NYSE
SST,System1 Inc. Class A Common Stock,$2.24,0.35,18.519%,9100911,23494574.00,United States,2020,Computer Software: Programming Data Processing,Technology,/market-activity/stocks/sst,NYSE
SSTK,Shutterstock Inc. Common Stock,$5.54,-0.43,-7.203%,1719248,204690169.00,United States,2012,EDP Services,Technology,/market-activity/stocks/sstk,NYSE
ST,Sensata Technologies Holding plc Ordinary Shares,$41.03,0.00,0.00%,2038182,5971336418.00,Netherlands,2010,Industrial Machinery/Components,Industrials,/market-activity/stocks/st,NYSE
STAG,Stag Industrial Inc. Common Stock,$37.25,0.07,0.188%,1914205,7182110255.00,United States,2011,Real Estate Investment Trusts,Real Estate,/market-activity/stocks/stag,NYSE
STC,Stewart Information Services Corporation Common Stock,$68.65,-1.26,-1.802%,143995,2095348961.00,United States,,Specialty Insurers,Finance,/market-activity/stocks/stc,NYSE
STDN,Standard Nuclear Inc. Class A Common Stock,$16.11,2.01,14.255%,1854191,2522032663.00,,2026,Major Chemicals,Basic Materials,/market-activity/stocks/stdn,NYSE
STE,STERIS plc (Ireland) Ordinary Shares,$232.64,-1.14,-0.488%,860214,22682425590.00,United States,,Industrial Specialties,Health Care,/market-activity/stocks/ste,NYSE
STEM,Stem Inc. Class A Common Stock,$5.72,0.28,5.147%,86222,55064976.00,United States,2020,EDP Services,Technology,/market-activity/stocks/stem,NYSE
STEW,SRH Total Return Fund Inc. Common Stock,$18.46,-0.05,-0.27%,60494,0.00,United States,,Investment Managers,Finance,/market-activity/stocks/stew,NYSE
STG,Sunlands Technology Group American Depositary Shares representing Class A ordinary shares,$2.94,0.016,0.548%,7145,39321836.00,,2018,Other Consumer Services,Real Estate,/market-activity/stocks/stg,NYSE
STK,Columbia Seligman Premium Technology Growth Fund Inc,$52.29,-0.24,-0.457%,45355,0.00,United States,2009,Investment Managers,Finance,/market-activity/stocks/stk,NYSE
STLA,Stellantis N.V. Common Shares,$5.49,0.07,1.292%,17380408,15907182746.00,United Kingdom,2014,Auto Manufacturing,Industrials,/market-activity/stocks/stla,NYSE
STM,STMicroelectronics N.V. Common Stock,$50.14,0.76,1.539%,7387110,44752216679.00,Switzerland,,Semiconductors,Technology,/market-activity/stocks/stm,NYSE
STN,Stantec Inc Common Stock,$73.00,-1.79,-2.393%,275338,8205178319.00,Canada,,Military/Government/Technical,Consumer Discretionary,/market-activity/stocks/stn,NYSE
STNG,Scorpio Tankers Inc. Common Shares,$78.86,0.83,1.064%,777292,4082013619.00,Monaco,2010,Marine Transportation,Consumer Discretionary,/market-activity/stocks/stng,NYSE
STT,State Street Corporation Common Stock,$191.38,-1.95,-1.009%,1843262,52572423786.00,United States,,Major Banks,Finance,/market-activity/stocks/stt,NYSE
STT^G,State Street Corporation Depositary shares each representing a 1/4000th ownership interest in a share of Fixed-to-Floating Rate Non-Cumulative,$20.63,-0.01,-0.048%,44326,,United States,,,,/market-activity/stocks/stt^g,NYSE
STUB,StubHub Holdings Inc. Class A Common Stock,$6.38,-0.17,-2.595%,9739730,2437733983.00,United States,2025,Services-Misc. Amusement & Recreation,Consumer Discretionary,/market-activity/stocks/stub,NYSE
STVN,Stevanato Group S.p.A. Ordinary Shares,$21.43,0.40,1.902%,335734,5850469162.00,Italy,2021,Medical/Dental Instruments,Health Care,/market-activity/stocks/stvn,NYSE
STWD,STARWOOD PROPERTY TRUST INC. Starwood Property Trust Inc.,$15.70,-0.11,-0.696%,4539024,5811652515.00,United States,2009,Real Estate Investment Trusts,Real Estate,/market-activity/stocks/stwd,NYSE
STZ,Constellation Brands Inc. Common Stock,$130.62,-0.07,-0.054%,3081773,22307079049.00,United States,,Beverages (Production/Distribution),Consumer Staples,/market-activity/stocks/stz,NYSE
SU,Suncor Energy  Inc. Common Stock,$66.82,1.39,2.124%,3537653,78154650674.00,Canada,,Integrated oil Companies,Energy,/market-activity/stocks/su,NYSE
SUI,Sun Communities Inc. Common Stock,$121.42,-1.50,-1.22%,1552933,14789072199.00,United States,1993,Real Estate Investment Trusts,Real Estate,/market-activity/stocks/sui,NYSE
SUN,Sunoco LP Common Units representing limited partner interests,$76.04,1.39,1.862%,567606,15574864789.00,United States,2012,Integrated oil Companies,Energy,/market-activity/stocks/sun,NYSE
SUNB,Sunbelt Rentals Holdings Inc. Common Stock,$72.28,-0.92,-1.257%,28446356,29617495012.00,,2026,Diversified Commercial Services,Consumer Discretionary,/market-activity/stocks/sunb,NYSE
SUNC,SunocoCorp LLC Common Units representing limited liability company interests,$77.70,1.36,1.782%,486701,4002886285.00,,2025,Integrated oil Companies,Energy,/market-activity/stocks/sunc,NYSE
SUPV,Grupo Supervielle S.A. American Depositary Shares each Representing five Class B shares,$8.74,0.43,5.174%,1130451,798350615.00,,2016,Commercial Banks,Finance,/market-activity/stocks/supv,NYSE
SUZ,Suzano S.A. American Depositary Shares (each representing One Ordinary Share),$8.72,-0.18,-2.022%,5319284,11023105603.00,Brazil,2018,Paper,Basic Materials,/market-activity/stocks/suz,NYSE
SVV,Savers Value Village Inc. Common Stock,$10.33,-0.24,-2.271%,1276233,1593465875.00,United States,2023,Other Specialty Stores,Consumer Discretionary,/market-activity/stocks/svv,NYSE
SW,Smurfit WestRock plc Ordinary Shares,$46.90,-1.39,-2.878%,5529460,24600124385.00,Ireland,2024,Containers/Packaging,Consumer Discretionary,/market-activity/stocks/sw,NYSE
SWK,Stanley Black & Decker Inc. Common Stock,$96.37,-1.43,-1.462%,1630082,14553473693.00,United States,,Industrial Machinery/Components,Consumer Discretionary,/market-activity/stocks/swk,NYSE
SWX,Southwest Gas Holdings Inc. Common Stock (DE),$88.33,-0.77,-0.864%,597865,6399142195.00,United States,,Oil & Gas Production,Utilities,/market-activity/stocks/swx,NYSE
SWZ,Total Return Securities Fund Common Stock,$5.99,-0.01,-0.167%,39919,0.00,United States,,Finance Companies,Finance,/market-activity/stocks/swz,NYSE
SXC,SunCoke Energy Inc. Common Stock,$10.33,0.17,1.673%,944409,876757201.00,United States,2011,Steel/Iron Ore,Industrials,/market-activity/stocks/sxc,NYSE
SXI,Standex International Corporation Common Stock,$289.66,-8.78,-2.942%,95237,3510524232.00,United States,,Industrial Machinery/Components,Industrials,/market-activity/stocks/sxi,NYSE
SXT,Sensient Technologies Corporation Common Stock,$134.94,-0.18,-0.133%,309722,5743425716.00,United States,,Major Chemicals,Industrials,/market-activity/stocks/sxt,NYSE
SYF,Synchrony Financial Common Stock,$77.08,-0.97,-1.243%,4489038,28678195800.00,United States,2014,Finance: Consumer Services,Finance,/market-activity/stocks/syf,NYSE
SYF^A,Synchrony Financial Depositary Shares each Representing a 1/40th Interest in a Share of 5.625% Fixed Rate Non-Cumulative Perpetual Preferred Stock Series A,$18.54,-0.04,-0.215%,86968,,United States,,,,/market-activity/stocks/syf^a,NYSE
SYF^B,Synchrony Financial Depositary Shares Each Representing a 1/40th Interest in a Share of 8.250% Fixed Rate Reset Non-Cumulative Perpetual Preferred Stock Series B,$25.90,-0.10,-0.385%,17740,,United States,,,,/market-activity/stocks/syf^b,NYSE
SYK,Stryker Corporation Common Stock,$323.80,-6.89,-2.084%,2040891,124200952295.00,United States,,Medical/Dental Instruments,Health Care,/market-activity/stocks/syk,NYSE
SYY,Sysco Corporation Common Stock,$81.08,-0.86,-1.05%,2760964,38845104977.00,United States,,Food Distributors,Consumer Discretionary,/market-activity/stocks/syy,NYSE
T,AT&T Inc.,$25.89,-0.12,-0.461%,37385642,177408264479.00,United States,,Telecommunications Equipment,Telecommunications,/market-activity/stocks/t,NYSE
T^A,AT&T Inc. Depositary Shares each representing a 1/1000th interest in a share of 5.000% Perpetual Preferred Stock Series A,$17.62,-0.19,-1.067%,308769,,United States,,,,/market-activity/stocks/t^a,NYSE
T^C,AT&T Inc. Depositary Shares each representing a 1/1000th interest in a share of 4.750% Perpetual Preferred Stock Series C,$16.83,-0.07,-0.414%,215382,,United States,,,,/market-activity/stocks/t^c,NYSE
TAC,TransAlta Corporation Ordinary Shares,$12.09,-0.10,-0.82%,967052,3820440000.00,Canada,,Electric Utilities: Central,Utilities,/market-activity/stocks/tac,NYSE
TAK,Takeda Pharmaceutical Company Limited American Depositary Shares (each representing 1/2 of a share of Common Stock),$17.98,-0.05,-0.277%,1779541,56814006052.00,Japan,2018,Biotechnology: Pharmaceutical Preparations,Health Care,/market-activity/stocks/tak,NYSE
TAL,TAL Education Group American Depositary Shares,$11.74,-0.20,-1.675%,11939027,6512192722.00,China,,Other Consumer Services,Real Estate,/market-activity/stocks/tal,NYSE
TALO,Talos Energy Inc. Common Stock,$17.26,0.59,3.539%,1710302,2881823978.00,United States,2018,Oil & Gas Production,Energy,/market-activity/stocks/talo,NYSE
TAP,Molson Coors Beverage Company Class B Common Stock,$39.76,-1.70,-4.10%,4788232,7413408376.00,Canada,,Beverages (Production/Distribution),Consumer Staples,/market-activity/stocks/tap,NYSE
TBB,AT&T Inc. 5.350% Global Notes due 2066,$19.39,-0.03,-0.154%,85178,138645974457.00,United States,2017,Telecommunications Equipment,Telecommunications,/market-activity/stocks/tbb,NYSE
TBBB,BBB Foods Inc. Class A Common Shares,$48.57,-0.42,-0.857%,665841,5724321727.00,Mexico,2024,Food Chains,Consumer Staples,/market-activity/stocks/tbbb,NYSE
TBI,TrueBlue Inc. Common Stock,$10.49,-0.21,-1.963%,180210,319361169.00,United States,,Professional Services,Consumer Discretionary,/market-activity/stocks/tbi,NYSE
TBN,Tamboran Resources Corporation Common stock,$37.88,0.73,1.965%,221008,1320360887.00,,2024,Oil & Gas Production,Energy,/market-activity/stocks/tbn,NYSE
TCBX,Third Coast Bancshares Inc. Common Stock,$44.60,-0.53,-1.174%,69198,742811662.00,United States,,Banks,Finance,/market-activity/stocks/tcbx,NYSE
TCI,Transcontinental Realty Investors Inc. Common Stock,$36.48,0.34,0.941%,41749,320074243.00,United States,,Real Estate Investment Trusts,Real Estate,/market-activity/stocks/tci,NYSE
TCPA,TransCanada PipeLines Limited 6.250% Junior Subordinated Notes due 2085,$21.96,0.00,0.00%,52717,0.00,Canada,2025,Natural Gas Distribution,Utilities,/market-activity/stocks/tcpa,NYSE
TD,Toronto Dominion Bank (The) Common Stock,$120.91,-0.34,-0.28%,1673234,199794102200.00,Canada,,Commercial Banks,Finance,/market-activity/stocks/td,NYSE
TDAY,USA TODAY Co. Inc. Common Stock,$6.29,-0.05,-0.789%,3682122,923484849.00,United States,2014,Newspapers/Magazines,Consumer Discretionary,/market-activity/stocks/tday,NYSE
TDC,Teradata Corporation Common Stock,$29.00,0.23,0.799%,2174137,2697000000.00,United States,,Computer Software: Prepackaged Software,Technology,/market-activity/stocks/tdc,NYSE
TDF,Templeton Dragon Fund Inc. Common Stock,$10.83,-0.06,-0.551%,36339,0.00,United States,,Finance/Investors Services,Finance,/market-activity/stocks/tdf,NYSE
TDG,Transdigm Group Incorporated Common Stock,$1171.74,-14.23,-1.20%,496979,64769715404.00,United States,2006,Military/Government/Technical,Industrials,/market-activity/stocks/tdg,NYSE
TDOC,Teladoc Health Inc. Common Stock,$6.34,-0.16,-2.462%,5132483,1151876693.00,United States,2015,Medical/Nursing Services,Health Care,/market-activity/stocks/tdoc,NYSE
TDS,Telephone and Data Systems Inc. Common Shares,$33.68,0.03,0.089%,1532513,3876568000.00,United States,,Telecommunications Equipment,Telecommunications,/market-activity/stocks/tds,NYSE
TDS^U,Telephone and Data Systems Inc. Depositary Shares Each Representing a 1/1000th Interest in a 6.625% Series UU Cumulative Redeemable Perpetual Preferred Stock,$21.00,0.23,1.107%,40836,,United States,,,,/market-activity/stocks/tds^u,NYSE
TDS^V,Telephone and Data Systems Inc. Depositary Shares Each Representing a 1/1000th Interest in a 6.000% Series VV Cumulative Redeemable Perpetual Preferred Stock,$19.19,0.10,0.524%,46970,,United States,,,,/market-activity/stocks/tds^v,NYSE
TDW,Tidewater Inc. Common Stock,$93.12,0.50,0.54%,434078,4633300231.00,United States,2017,Marine Transportation,Consumer Discretionary,/market-activity/stocks/tdw,NYSE
TDY,Teledyne Technologies Incorporated Common Stock,$612.95,-9.01,-1.449%,329925,28413709765.00,United States,,Industrial Machinery/Components,Industrials,/market-activity/stocks/tdy,NYSE
TE,T1 Energy Inc. Common Stock,$4.45,-0.34,-7.098%,22460002,1310645444.00,Luxembourg,2021,Semiconductors,Technology,/market-activity/stocks/te,NYSE
TECK,Teck Resources Ltd Ordinary Shares,$68.12,-1.22,-1.759%,2656031,33347657580.00,Canada,,Mining & Quarrying of Nonmetallic Minerals (No Fuels),Industrials,/market-activity/stocks/teck,NYSE
TEI,Templeton Emerging Markets Income Fund Inc. Common Stock,$6.76,-0.01,-0.148%,145403,0.00,United States,1993,Finance Companies,Finance,/market-activity/stocks/tei,NYSE
TEL,TE Connectivity plc Ordinary Shares,$205.25,2.59,1.278%,1829846,59422590047.00,Ireland,,Electronic Components,Technology,/market-activity/stocks/tel,NYSE
TEN,Tsakos Energy Navigation Ltd Common Shares,$42.40,-0.12,-0.282%,260493,1277410367.00,Greece,,Marine Transportation,Consumer Discretionary,/market-activity/stocks/ten,NYSE
TEN^E,Tsakos Energy Navigation Ltd Series E Fixed-to-Floating Rate Cumulative Redeemable Perpetual Preferred Shares par value $1.00,$26.01,-0.0707,-0.271%,6298,,Greece,,,,/market-activity/stocks/ten^e,NYSE
TEN^F,Tsakos Energy Navigation Ltd Series F Fixed-to-Floating Rate Cumulative Redeemable Perpetual Preferred Shares par value $1.00,$26.93,-0.06,-0.222%,2871,,Greece,,,,/market-activity/stocks/ten^f,NYSE
TEO,Telecom Argentina SA,$13.28,0.22,1.685%,194970,5720195355.00,Argentina,,Telecommunications Equipment,Telecommunications,/market-activity/stocks/teo,NYSE
TEVA,Teva Pharmaceutical Industries Limited American Depositary Shares,$36.05,-0.39,-1.07%,5778660,42008923828.00,Israel,,Biotechnology: Pharmaceutical Preparations,Health Care,/market-activity/stocks/teva,NYSE
TEX,Terex Corporation Common Stock,$63.51,-0.22,-0.345%,959462,7259193000.00,United States,,Construction/Ag Equipment/Trucks,Industrials,/market-activity/stocks/tex,NYSE
TFC,Truist Financial Corporation Common Stock,$49.58,-0.85,-1.686%,8264146,60568226401.00,United States,,Major Banks,Finance,/market-activity/stocks/tfc,NYSE
TFC^I,Truist Financial Corporation Depositary Shares,$17.69,-0.1601,-0.897%,19157,,United States,,,,/market-activity/stocks/tfc^i,NYSE
TFC^O,Truist Financial Corporation Depositary Shares Each Representing a 1/1000th Interest in a Share of Series O Non-Cumulative Perpetual Preferred Stock,$19.33,-0.04,-0.207%,57652,,United States,,,,/market-activity/stocks/tfc^o,NYSE
TFC^R,Truist Financial Corporation Depositary Shares each representing 1/1000th interest in a share of Series R Non-Cumulative Perpetual Preferred Stock,$17.55,-0.22,-1.238%,67211,,United States,,,,/market-activity/stocks/tfc^r,NYSE
TFII,TFI International Inc. Common Shares,$134.19,0.88,0.66%,168377,11029080260.00,Canada,,Trucking Freight/Courier Services,Industrials,/market-activity/stocks/tfii,NYSE
TFIN,Triumph Financial Inc. Common Stock,$71.25,-0.61,-0.849%,130000,1702485761.00,United States,,Major Banks,Finance,/market-activity/stocks/tfin,NYSE
TFIN^,Triumph Financial Inc. Depositary Shares Each Representing a 1/40th Interest in a Share of 7.125% Series C Fixed-Rate Non-Cumulative Perpetual Preferred Stock,$22.46,-0.04,-0.178%,4575,,United States,,,,/market-activity/stocks/tfin^,NYSE
TFPM,Triple Flag Precious Metals Corp. Common Shares,$33.70,-0.30,-0.882%,1138818,6962551834.00,Canada,2022,Precious Metals,Industrials,/market-activity/stocks/tfpm,NYSE
TFX,Teleflex Incorporated Common Stock,$142.05,2.38,1.704%,653146,6018998994.00,United States,,Medical/Dental Instruments,Health Care,/market-activity/stocks/tfx,NYSE
TG,Tredegar Corporation Common Stock,$7.69,-0.11,-1.41%,120859,268720621.00,United States,,Metal Fabrications,Industrials,/market-activity/stocks/tg,NYSE
TGE,The Generation Essentials Group Class A Ordinary Shares,$0.92,-0.0172,-1.839%,9074,44482416.00,,2025,Newspapers/Magazines,Consumer Discretionary,/market-activity/stocks/tge,NYSE
TGLS,Tecnoglass Holdings Inc. Common Stock,$39.70,-0.31,-0.775%,270575,1761275255.00,Colombia,2022,Electronic Components,Consumer Discretionary,/market-activity/stocks/tgls,NYSE
TGS,Transportadora de Gas del Sur SA TGS Common Stock,$28.90,0.75,2.664%,259783,4350958927.00,Argentina,,Natural Gas Distribution,Utilities,/market-activity/stocks/tgs,NYSE
TGT,Target Corporation Common Stock,$160.88,-2.30,-1.409%,3911359,73070266099.00,United States,,Department/Specialty Retail Stores,Consumer Discretionary,/market-activity/stocks/tgt,NYSE
THC,Tenet Healthcare Corporation Common Stock,$265.91,-0.89,-0.334%,830333,21410807290.00,United States,,Hospital/Nursing Management,Health Care,/market-activity/stocks/thc,NYSE
THG,Hanover Insurance Group Inc,$226.11,-1.56,-0.685%,205760,7873200170.00,United States,,Property-Casualty Insurers,Finance,/market-activity/stocks/thg,NYSE
THO,Thor Industries Inc. Common Stock,$76.00,-1.02,-1.324%,535904,3956360348.00,United States,,Homebuilding,Industrials,/market-activity/stocks/tho,NYSE
THQ,abrdn Healthcare Opportunities Fund Shares of Beneficial Interest,$19.71,0.09,0.459%,187520,0.00,United States,2014,Finance Companies,Finance,/market-activity/stocks/thq,NYSE
THW,abrdn World Healthcare Fund Shares of Beneficial Interest,$14.06,0.11,0.789%,123769,0.00,United States,2015,Finance Companies,Finance,/market-activity/stocks/thw,NYSE
TIC,TIC Solutions Inc. Common Stock,$9.49,-0.07,-0.732%,1192947,2070911178.00,United States,2025,Business Services,Consumer Discretionary,/market-activity/stocks/tic,NYSE
TIMB,TIM S.A. American Depositary Shares (Each representing 5 Common Shares),$17.94,0.29,1.643%,472709,8582947693.00,Brazil,2020,Telecommunications Equipment,Telecommunications,/market-activity/stocks/timb,NYSE
TISI,Team Inc. Common Stock,$24.65,-0.09,-0.364%,10457,112976102.00,United States,,Other Consumer Services,Consumer Discretionary,/market-activity/stocks/tisi,NYSE
TJX,TJX Companies Inc. (The) Common Stock,$133.91,-1.21,-0.896%,11952178,147930972364.00,United States,,Clothing/Shoe/Accessory Stores,Consumer Discretionary,/market-activity/stocks/tjx,NYSE
TK,Teekay Corporation Ltd. Common Stock,$13.16,0.11,0.843%,536231,1142005481.00,Bermuda,,Marine Transportation,Consumer Discretionary,/market-activity/stocks/tk,NYSE
TKC,Turkcell Iletisim Hizmetleri AS Common Stock,$5.03,-0.37,-6.852%,8615208,4426400000.00,Turkey,,Telecommunications Equipment,Telecommunications,/market-activity/stocks/tkc,NYSE
TKO,TKO Group Holdings Inc. Class A Common Stock,$182.61,-2.03,-1.099%,710128,34562542291.00,United States,2023,Services-Misc. Amusement & Recreation,Consumer Discretionary,/market-activity/stocks/tko,NYSE
TKR,Timken Company (The) Common Stock,$120.45,-0.37,-0.306%,1107692,8346804258.00,United States,,Metal Fabrications,Industrials,/market-activity/stocks/tkr,NYSE
TLK,PT Telekomunikasi Indonesia Tbk,$14.58,0.00,0.00%,521007,14443271180.00,Indonesia,,Telecommunications Equipment,Telecommunications,/market-activity/stocks/tlk,NYSE
TLYS,Tilly's Inc. Common Stock,$3.92,-0.04,-1.01%,221570,119514606.00,United States,2012,Clothing/Shoe/Accessory Stores,Consumer Discretionary,/market-activity/stocks/tlys,NYSE
TM,Toyota Motor Corporation Common Stock,$196.54,2.06,1.059%,446173,256168898938.00,Japan,,Auto Manufacturing,Industrials,/market-activity/stocks/tm,NYSE
TME,Tencent Music Entertainment Group American Depositary Shares each representing two Class A Ordinary Shares,$8.27,-0.29,-3.388%,8917856,13016190215.00,United States,2018,Broadcasting,Consumer Discretionary,/market-activity/stocks/tme,NYSE
TMO,Thermo Fisher Scientific Inc Common Stock,$617.10,-5.08,-0.816%,1429088,228171050191.00,United States,,Industrial Machinery/Components,Industrials,/market-activity/stocks/tmo,NYSE
TNC,Tennant Company Common Stock,$69.60,0.02,0.029%,211600,1186631489.00,United States,,Industrial Machinery/Components,Industrials,/market-activity/stocks/tnc,NYSE
TNET,TriNet Group Inc. Common Stock,$70.29,0.02,0.028%,398994,3226644034.00,United States,2014,Business Services,Consumer Discretionary,/market-activity/stocks/tnet,NYSE
TNK,Teekay Tankers Ltd.,$89.64,0.94,1.06%,624270,3105475431.00,Bermuda,2007,Marine Transportation,Consumer Discretionary,/market-activity/stocks/tnk,NYSE
TNL,Travel   Leisure Co. Common  Stock,$68.76,-2.45,-3.441%,696159,4208402992.00,United States,,Hotels/Resorts,Consumer Discretionary,/market-activity/stocks/tnl,NYSE
TOL,Toll Brothers Inc. Common Stock,$143.45,-2.77,-1.894%,704642,13408414950.00,United States,,Homebuilding,Consumer Discretionary,/market-activity/stocks/tol,NYSE
TOST,Toast Inc. Class A Common Stock,$34.09,-1.06,-3.016%,11865164,19704020000.00,United States,2021,EDP Services,Technology,/market-activity/stocks/tost,NYSE
TPB,Turning Point Brands Inc. Common Stock,$80.97,-2.96,-3.527%,324440,1623361214.00,United States,2016,Tobacco,Consumer Discretionary,/market-activity/stocks/tpb,NYSE
TPC,Tutor Perini Corporation Common Stock,$88.52,-0.32,-0.36%,578904,4653418237.00,United States,1970,General Bldg Contractors - Nonresidential Bldgs,Consumer Discretionary,/market-activity/stocks/tpc,NYSE
TPL,Texas Pacific Land Corporation Common Stock,$374.34,9.96,2.733%,390600,25819982834.00,United States,,Oil & Gas Production,Energy,/market-activity/stocks/tpl,NYSE
TPR,Tapestry Inc. Common Stock,$123.39,-2.10,-1.673%,4081729,24602939148.00,United States,,Apparel,Consumer Discretionary,/market-activity/stocks/tpr,NYSE
TPTS,Terra Property Trust Inc. 7.00% Senior Secured Notes due 2029,$15.88,-0.11,-0.688%,638,0.00,,2026,Real Estate Investment Trusts,Real Estate,/market-activity/stocks/tpts,NYSE
TPVG,TriplePoint Venture Growth BDC Corp. Common Stock,$5.48,0.05,0.921%,124527,223089282.00,United States,2014,Other Consumer Services,Consumer Discretionary,/market-activity/stocks/tpvg,NYSE
TR,Tootsie Roll Industries Inc. Common Stock,$40.86,-0.41,-0.993%,131759,3067427537.00,United States,,Specialty Foods,Consumer Staples,/market-activity/stocks/tr,NYSE
TRAD,APEX Tech Acquisition Inc. Ordinary Shares,$10.05,0.00,0.00%,1065,0.00,,2026,Investment Bankers/Brokers/Service,Finance,/market-activity/stocks/trad,NYSE
TRAK,ReposiTrak Inc. Common Stock,$8.01,-0.29,-3.494%,112400,145570256.00,United States,,EDP Services,Technology,/market-activity/stocks/trak,NYSE
TRC,Tejon Ranch Co Common Stock,$16.08,-0.12,-0.741%,199252,434504820.00,United States,2000,Real Estate,Finance,/market-activity/stocks/trc,NYSE
TREX,Trex Company Inc. Common Stock,$45.58,-0.19,-0.415%,1168028,4643015360.00,United States,,Forest Products,Basic Materials,/market-activity/stocks/trex,NYSE
TRGP,Targa Resources Inc. Common Stock,$293.65,5.83,2.026%,1740701,62967669317.00,United States,2010,Natural Gas Distribution,Utilities,/market-activity/stocks/trgp,NYSE
TRIN,Trinity Capital Inc. Common Stock,$18.62,0.06,0.323%,983530,1763194348.00,United States,,Finance: Consumer Services,Finance,/market-activity/stocks/trin,NYSE
TRLV,Trulieve Cannabis Corp. Subordinate Voting Shares,$11.51,-0.31,-2.623%,1600188,2216426626.00,,, Medicinal Chemicals and Botanical Products ,Health Care,/market-activity/stocks/trlv,NYSE
TRN,Trinity Industries Inc. Common Stock,$28.82,-0.45,-1.537%,432424,2296074587.00,United States,,Railroads,Industrials,/market-activity/stocks/trn,NYSE
TRNI,Trinity Capital Inc. 7.875% Notes Due 2029,$25.34,0.00,0.00%,11897,1781760814.00,United States,,Finance: Consumer Services,Finance,/market-activity/stocks/trni,NYSE
TRNO,Terreno Realty Corporation Common Stock,$66.21,-0.38,-0.571%,853577,7214924225.00,United States,2010,Real Estate,Finance,/market-activity/stocks/trno,NYSE
TRNZ,Trinity Capital Inc. 7.875% Notes due 2029,$25.37,-0.03,-0.118%,5889,1783870239.00,United States,,Finance: Consumer Services,Finance,/market-activity/stocks/trnz,NYSE
TROX,Tronox Holdings plc Ordinary Shares (UK),$5.29,-0.11,-2.037%,3428682,844813153.00,United States,,Major Chemicals,Basic Materials,/market-activity/stocks/trox,NYSE
TRP,TC Energy Corporation Common Stock,$62.53,0.67,1.083%,1324588,62530000000.00,Canada,,Natural Gas Distribution,Utilities,/market-activity/stocks/trp,NYSE
TRTN^A,Triton International Limited 8.50% Series A Cumulative Redeemable Perpetual  Preference Shares,$26.37,0.1501,0.572%,20672,,United States,,,,/market-activity/stocks/trtn^a,NYSE
TRTN^B,Triton International Limited 8.00% Series B Cumulative Redeemable Perpetual Preference Shares,$25.40,-0.115,-0.451%,3353,,United States,,,,/market-activity/stocks/trtn^b,NYSE
TRTN^C,Triton International Limited 7.375% Series C Cumulative Redeemable Perpetual Preference Shares,$24.99,0.04,0.16%,10243,,United States,,,,/market-activity/stocks/trtn^c,NYSE
TRTN^D,Triton International Limited 6.875% Series D Cumulative Redeemable Perpetual Preference Shares,$22.98,-0.175,-0.756%,5228,,United States,,,,/market-activity/stocks/trtn^d,NYSE
TRTN^E,Triton International Limited 5.75% Series E Cumulative Redeemable Perpetual Preference Shares,$18.77,-0.05,-0.266%,2281,,United States,,,,/market-activity/stocks/trtn^e,NYSE
TRTN^F,Triton International Limited 7.625% Series F Cumulative Redeemable Perpetual Preference Shares,$24.36,0.04,0.164%,12948,,United States,,,,/market-activity/stocks/trtn^f,NYSE
TRTN^G,Triton International Limited 7.500% Series G Cumulative Redeemable Perpetual Preference Shares,$23.82,0.14,0.591%,19454,,United States,,,,/market-activity/stocks/trtn^g,NYSE
TRTX,TPG RE Finance Trust Inc. Common Stock,$7.73,0.00,0.00%,626117,593424440.00,United States,2017,Real Estate Investment Trusts,Real Estate,/market-activity/stocks/trtx,NYSE
TRTX^C,TPG RE Finance Trust Inc. 6.25% Series C Cumulative Redeemable Preferred Stock $0.001 par value per share,$18.50,-0.075,-0.404%,7831,,United States,,,,/market-activity/stocks/trtx^c,NYSE
TRU,TransUnion Common Stock,$84.91,-0.76,-0.887%,1639450,16268756000.00,United States,2015,Finance: Consumer Services,Finance,/market-activity/stocks/tru,NYSE
TRV,The Travelers Companies Inc. Common Stock,$365.93,-3.97,-1.073%,1878269,76323857800.00,United States,,Property-Casualty Insurers,Finance,/market-activity/stocks/trv,NYSE
TS,Tenaris S.A. American Depositary Shares,$55.87,1.90,3.52%,1402717,29580389993.00,Luxembourg,,Steel/Iron Ore,Industrials,/market-activity/stocks/ts,NYSE
TSI,TCW Strategic Income Fund Inc. Common Stock,$4.38,-0.03,-0.68%,260035,0.00,United States,,Investment Managers,Finance,/market-activity/stocks/tsi,NYSE
TSLX,Sixth Street Specialty Lending Inc. Common Stock,$18.86,0.12,0.64%,341231,1798171602.00,,2014,Investment Managers,Finance,/market-activity/stocks/tslx,NYSE
TSM,Taiwan Semiconductor Manufacturing Company Ltd.,$415.32,-2.20,-0.527%,6725367,2154059216729.00,Taiwan,1997,Semiconductors,Technology,/market-activity/stocks/tsm,NYSE
TSN,Tyson Foods Inc. Common Stock,$55.14,-0.26,-0.469%,3186029,19398335372.00,United States,,Meat/Poultry/Fish,Consumer Staples,/market-activity/stocks/tsn,NYSE
TSQ,Townsquare Media Inc. Class A Common Stock,$5.79,0.01,0.173%,56297,105561190.00,United States,2014,Broadcasting,Consumer Discretionary,/market-activity/stocks/tsq,NYSE
TT,Trane Technologies plc,$444.40,-4.56,-1.016%,1095342,97778299859.00,Ireland,,Auto Parts:O.E.M.,Industrials,/market-activity/stocks/tt,NYSE
TTAM,Titan America SA Common Shares,$14.92,-0.10,-0.666%,219471,2750687978.00,United States,2025,Mining & Quarrying of Nonmetallic Minerals (No Fuels),Industrials,/market-activity/stocks/ttam,NYSE
TTC,Toro Company (The) Common Stock,$97.81,-1.22,-1.232%,1248407,9314400721.00,United States,,Tools/Hardware,Consumer Discretionary,/market-activity/stocks/ttc,NYSE
TTE,TotalEnergies SE Ordinary Shares,$88.31,1.96,2.27%,1135922,192680215911.00,France,,Oil & Gas Production,Energy,/market-activity/stocks/tte,NYSE
TTI,Tetra Technologies Inc. Common Stock,$6.90,0.09,1.322%,2472121,1021702175.00,United States,,Oil & Gas Production,Energy,/market-activity/stocks/tti,NYSE
TU,Telus Corporation Ordinary Shares,$9.68,0.01,0.103%,5429525,15381520000.00,Canada,,Telecommunications Equipment,Telecommunications,/market-activity/stocks/tu,NYSE
TUYA,Tuya Inc. American Depositary Shares each representing one Class A Ordinary Share,$1.88,0.00,0.00%,798637,1152977876.00,China,2021,Computer Software: Prepackaged Software,Technology,/market-activity/stocks/tuya,NYSE
TV,Grupo Televisa S.A.B. Common Stock,$2.75,-0.01,-0.362%,618689,1697199900.00,Mexico,1993,Broadcasting,Industrials,/market-activity/stocks/tv,NYSE
TVC,Tennessee Valley Authority Common Stock,$23.98,-0.095,-0.395%,15063,0.00,United States,,Electric Utilities: Central,Utilities,/market-activity/stocks/tvc,NYSE
TVE,Tennessee Valley Authority,$23.63,0.125,0.532%,9608,0.00,United States,,Electric Utilities: Central,Utilities,/market-activity/stocks/tve,NYSE
TWI,Titan International Inc. (DE) Common Stock,$7.19,0.17,2.422%,853652,464059511.00,United States,,Steel/Iron Ore,Industrials,/market-activity/stocks/twi,NYSE
TWLO,Twilio Inc. Class A Common Stock,$235.63,-2.15,-0.904%,1956669,36186929089.00,United States,2016,Computer Software: Prepackaged Software,Technology,/market-activity/stocks/twlo,NYSE
TWN,Taiwan Fund Inc. (The) Common Stock,$102.06,-0.27,-0.264%,25782,0.00,United States,1986,Trusts Except Educational Religious and Charitable,Finance,/market-activity/stocks/twn,NYSE
TWO^A,Two Harbors Investments Corp 8.125% Series A Fixed-to-Floating Rate Cumulative Redeemable Preferred Stock ($25.00 liquidation preference per share),$25.22,-0.01,-0.04%,430987,,United States,,,,/market-activity/stocks/two^a,NYSE
TWO^B,Two Harbors Investments Corp 7.625% Series B Fixed-to-Floating Rate Cumulative Redeemable Preferred Stock,$25.19,-0.01,-0.04%,885340,,United States,,,,/market-activity/stocks/two^b,NYSE
TWO^C,Two Harbors Investments Corp 7.25% Series C Fixed-to-Floating Rate Cumulative Redeemable Preferred Stock,$25.25,-0.02,-0.079%,1014444,,United States,,,,/market-activity/stocks/two^c,NYSE
TWOD,Two Harbors Investments Corp 9.375% Senior Notes due 2030,$26.01,-0.05,-0.192%,415706,0.00,United States,2025,Real Estate Investment Trusts,Real Estate,/market-activity/stocks/twod,NYSE
TX,Ternium S.A. Ternium S.A. American Depositary Shares (each representing ten shares USD1.00 par value),$54.82,-0.02,-0.036%,268067,10761586908.00,Luxembourg,,Steel/Iron Ore,Industrials,/market-activity/stocks/tx,NYSE
TXNM,TXNM Energy Inc. Common Stock,$57.61,-0.03,-0.052%,1254900,5936486455.00,United States,,Electric Utilities: Central,Utilities,/market-activity/stocks/txnm,NYSE
TXO,TXO Partners L.P. Common Units Representing Limited Partner Interests,$14.48,-0.02,-0.138%,139971,802863973.00,United States,2023,Oil & Gas Production,Energy,/market-activity/stocks/txo,NYSE
TXT,Textron Inc. Common Stock,$80.56,-2.48,-2.987%,1517556,13855266034.00,United States,,Aerospace,Industrials,/market-activity/stocks/txt,NYSE
TY,Tri Continental Corporation Common Stock,$35.57,-0.02,-0.056%,50405,1933262758.00,United States,,Finance Companies,Finance,/market-activity/stocks/ty,NYSE
TY^,Tri Continental Corporation Preferred Stock,$41.87,-0.2209,-0.525%,2826,,United States,,,,/market-activity/stocks/ty^,NYSE
TYG,Tortoise Energy Infrastructure Corporation Common Stock,$43.67,0.19,0.437%,148361,520891524.00,United States,2004,Investment Managers,Finance,/market-activity/stocks/tyg,NYSE
TYL,Tyler Technologies Inc. Common Stock,$372.22,-5.72,-1.513%,4926392,15243255428.00,United States,,Computer Software: Prepackaged Software,Technology,/market-activity/stocks/tyl,NYSE
U,Unity Software Inc. Common Stock,$42.10,-1.21,-2.794%,12886417,18527744079.00,United States,2020,Computer Software: Prepackaged Software,Technology,/market-activity/stocks/u,NYSE
UA,Under Armour Inc. Class C Common Stock,$4.93,-0.01,-0.202%,2488471,2117659517.00,United States,2016,Apparel,Consumer Discretionary,/market-activity/stocks/ua,NYSE
UAA,Under Armour Inc. Class A Common Stock,$5.04,-0.04,-0.787%,5915538,2164909527.00,United States,,Apparel,Consumer Discretionary,/market-activity/stocks/uaa,NYSE
UAMY,United States Antimony Corporation Common Stock,$4.87,0.02,0.412%,9429522,728889900.00,United States,,Metal Fabrications,Industrials,/market-activity/stocks/uamy,NYSE
UAN,CVR Partners LP Common Units representing Limited Partner Interests,$126.40,1.12,0.894%,52238,1336002117.00,United States,2011,Agricultural Chemicals,Industrials,/market-activity/stocks/uan,NYSE
UBER,Uber Technologies Inc. Common Stock,$75.65,-3.17,-4.022%,18476957,154519673154.00,United States,2019,Business Services,Consumer Discretionary,/market-activity/stocks/uber,NYSE
UBS,UBS Group AG Registered Ordinary Shares,$55.72,0.82,1.494%,3449595,172923412631.00,Switzerland,2014,Major Banks,Finance,/market-activity/stocks/ubs,NYSE
UCB,United Community Banks Inc. Common Stock,$34.84,-0.34,-0.966%,555541,4200850525.00,United States,2024,Major Banks,Finance,/market-activity/stocks/ucb,NYSE
UDR,UDR Inc. Common Stock,$36.95,-0.17,-0.458%,2415824,11870713003.00,United States,,Real Estate Investment Trusts,Real Estate,/market-activity/stocks/udr,NYSE
UE,Urban Edge Properties Common Shares of Beneficial Interest,$21.16,-0.23,-1.075%,775358,2671332901.00,United States,2015,Real Estate,Finance,/market-activity/stocks/ue,NYSE
UFI,Unifi Inc. New Common Stock,$7.39,-0.07,-0.938%,92174,137371505.00,United States,,Textiles,Consumer Discretionary,/market-activity/stocks/ufi,NYSE
UGI,UGI Corporation Common Stock,$38.45,0.44,1.158%,2269378,8247331481.00,United States,,Natural Gas Distribution,Utilities,/market-activity/stocks/ugi,NYSE
UGP,Ultrapar Participacoes S.A. (New) American Depositary Shares (Each representing one Common Share),$6.66,0.21,3.256%,3907549,7411315879.00,Brazil,,Oil/Gas Transmission,Utilities,/market-activity/stocks/ugp,NYSE
UHAL,U-Haul Holding Company Common Stock,$67.35,-1.24,-1.808%,131039,13092401888.00,United States,2022,Rental/Leasing Companies,Consumer Discretionary,/market-activity/stocks/uhal,NYSE
UHS,Universal Health Services Inc. Common Stock,$170.33,-1.33,-0.775%,756791,10038656600.00,United States,,Hospital/Nursing Management,Health Care,/market-activity/stocks/uhs,NYSE
UHT,Universal Health Realty Income Trust Common Stock,$40.98,-0.48,-1.158%,85801,569568070.00,United States,,Real Estate Investment Trusts,Real Estate,/market-activity/stocks/uht,NYSE
UI,Ubiquiti Inc. Common Stock,$590.02,-9.33,-1.557%,164148,35712955358.00,United States,,Radio And Television Broadcasting And Communications Equipment,Technology,/market-activity/stocks/ui,NYSE
UIS,Unisys Corporation New Common Stock,$2.70,0.01,0.372%,519985,196873079.00,United States,,EDP Services,Technology,/market-activity/stocks/uis,NYSE
UL,Unilever PLC American Depositary Shares (each representing One Ordinary Share),$64.85,-0.22,-0.338%,4529524,141710560268.00,United Kingdom,2025,Package Goods/Cosmetics,Consumer Discretionary,/market-activity/stocks/ul,NYSE
ULS,UL Solutions Inc. Class A Common Stock,$74.52,0.09,0.121%,648097,15045451852.00,United States,2024,Precision Instruments,Health Care,/market-activity/stocks/uls,NYSE
UMC,United Microelectronics Corporation (NEW) Common Stock,$19.88,0.09,0.455%,8836711,50050509628.00,Taiwan,,Semiconductors,Technology,/market-activity/stocks/umc,NYSE
UMH,UMH Properties Inc. Common Stock,$16.45,-0.03,-0.182%,1080023,1404593120.00,United States,1994,Real Estate Investment Trusts,Real Estate,/market-activity/stocks/umh,NYSE
UMH^D,UMH Properties Inc. 6.375% Series D Cumulative Redeemable Preferred Stock Liquidation Preference $25 per share,$21.57,-0.0298,-0.138%,52029,,United States,,,,/market-activity/stocks/umh^d,NYSE
UNF,Unifirst Corporation Common Stock,$276.60,-5.28,-1.873%,309052,5002082252.00,United States,,Other Consumer Services,Consumer Discretionary,/market-activity/stocks/unf,NYSE
UNFI,United Natural Foods Inc. Common Stock,$43.86,-1.94,-4.236%,967524,2654369480.00,United States,2019,Food Distributors,Consumer Discretionary,/market-activity/stocks/unfi,NYSE
UNH,UnitedHealth Group Incorporated Common Stock (DE),$389.41,-3.54,-0.901%,5747871,349532409370.00,United States,,Medical Specialities,Health Care,/market-activity/stocks/unh,NYSE
UNM,Unum Group Common Stock,$93.22,0.17,0.183%,1462246,14757359710.00,United States,,Accident &Health Insurance,Finance,/market-activity/stocks/unm,NYSE
UNMA,Unum Group 6.250% Junior Subordinated Notes due 2058,$21.41,-0.235,-1.086%,18214,3646406468.00,United States,2018,Accident &Health Insurance,Finance,/market-activity/stocks/unma,NYSE
UNP,Union Pacific Corporation Common Stock,$300.67,-6.74,-2.193%,3705921,178620679984.00,United States,,Railroads,Industrials,/market-activity/stocks/unp,NYSE
UP,Wheels Up Experience Inc. Class A Common Stock,$4.42,-0.47,-9.611%,310017,160339217.00,Singapore,2020,Transportation Services,Consumer Discretionary,/market-activity/stocks/up,NYSE
UPS,United Parcel Service Inc. Common Stock,$104.23,-1.10,-1.044%,5029707,88676964292.00,United States,1999,Trucking Freight/Courier Services,Industrials,/market-activity/stocks/ups,NYSE
URI,United Rentals Inc. Common Stock,$1038.00,7.75,0.752%,443785,64607703582.00,United States,1997,Diversified Commercial Services,Consumer Discretionary,/market-activity/stocks/uri,NYSE
USA,Liberty All-Star Equity Fund Common Stock,$5.99,-0.01,-0.167%,980701,0.00,United States,1986,Finance Companies,Finance,/market-activity/stocks/usa,NYSE
USAC,USA Compression Partners LP Common Units Representing Limited Partner Interests,$27.06,0.13,0.483%,217937,3922166916.00,United States,2013,Natural Gas Distribution,Utilities,/market-activity/stocks/usac,NYSE
USB,U.S. Bancorp Common Stock,$61.58,-0.89,-1.425%,8206497,95944808045.00,United States,,Major Banks,Finance,/market-activity/stocks/usb,NYSE
USB^A,U.S. Bancorp Depositary Shares Each representing a 1/100th interest in a share of Series A Non-CumulativePerpetual Pfd Stock,$767.04,-1.96,-0.255%,324,,United States,,,,/market-activity/stocks/usb^a,NYSE
USB^H,U.S. Bancorp Depositary Shares repstg 1/1000th Pfd Ser B,$18.20,-0.05,-0.274%,82120,,United States,,,,/market-activity/stocks/usb^h,NYSE
USB^P,U.S. Bancorp Depositary Shares each representing a 1/1000th interest in a share of Series K Non-Cumulative Perpetual Preferred Stock,$20.84,-0.1001,-0.478%,62698,,United States,,,,/market-activity/stocks/usb^p,NYSE
USB^Q,U.S. Bancorp Depositary Shares Each Representing a 1/1000th Interest in a Share of Series L Non-Cumulative Perpetual Preferred Stock,$14.06,-0.13,-0.916%,49428,,United States,,,,/market-activity/stocks/usb^q,NYSE
USB^R,U.S. Bancorp Depositary Shares Each Representing a 1/1000th Interest in a Share of Series M Non-Cumulative Perpetual Preferred Stock,$15.01,-0.09,-0.596%,78260,,United States,,,,/market-activity/stocks/usb^r,NYSE
USB^S,U.S. Bancorp Depositary Shares each representing a 1/1000th interest in a share of Series O Non-Cumulative Perpetual Preferred Stock,$16.95,-0.11,-0.645%,26860,,United States,,,,/market-activity/stocks/usb^s,NYSE
USFD,US Foods Holding Corp. Common Stock,$104.84,-2.43,-2.265%,2209976,22680112999.00,United States,2016,Food Distributors,Consumer Discretionary,/market-activity/stocks/usfd,NYSE
USNA,USANA Health Sciences Inc. Common Stock,$14.26,0.22,1.567%,333412,263475375.00,United States,, Medicinal Chemicals and Botanical Products ,Health Care,/market-activity/stocks/usna,NYSE
USPH,U.S. Physical Therapy Inc. Common Stock,$77.74,-0.89,-1.132%,184786,1160090543.00,United States,1992,Medical/Nursing Services,Health Care,/market-activity/stocks/usph,NYSE
UTF,Cohen & Steers Infrastructure Fund Inc Common Stock,$27.12,-0.02,-0.074%,290044,0.00,United States,2004,Finance Companies,Finance,/market-activity/stocks/utf,NYSE
UTI,Universal Technical Institute Inc Common Stock,$21.13,-0.18,-0.845%,1744664,1164162231.00,United States,2003,Other Consumer Services,Real Estate,/market-activity/stocks/uti,NYSE
UTL,UNITIL Corporation Common Stock,$53.54,0.44,0.829%,176900,976391526.00,United States,1985,Power Generation,Utilities,/market-activity/stocks/utl,NYSE
UTZ,Utz Brands Inc Class A Common Stock ,$14.20,0.00,0.00%,1941738,2044263425.00,United States,2018,Packaged Foods,Consumer Staples,/market-activity/stocks/utz,NYSE
UVE,UNIVERSAL INSURANCE HOLDINGS INC Common Stock,$42.98,-0.45,-1.036%,126281,1196148658.00,United States,,Property-Casualty Insurers,Finance,/market-activity/stocks/uve,NYSE
UVV,Universal Corporation Common Stock,$45.50,-0.24,-0.525%,370015,1132916194.00,United States,,Farming/Seeds/Milling,Industrials,/market-activity/stocks/uvv,NYSE
UWMC,UWM Holdings Corporation Class A Common Stock,$1.45,-0.04,-2.685%,10995210,2326107977.00,United States,,Finance: Consumer Services,Finance,/market-activity/stocks/uwmc,NYSE
UZD,Array Digital Infrastructure Inc. 6.250% Senior Notes due 2069,$19.00,0.07,0.37%,24447,1634000000.00,United States,2020,Telecommunications Equipment,Telecommunications,/market-activity/stocks/uzd,NYSE
UZE,Array Digital Infrastructure Inc. 5.500% Senior Notes due 2070,$16.76,-0.29,-1.701%,12480,1441360000.00,United States,2020,Telecommunications Equipment,Telecommunications,/market-activity/stocks/uze,NYSE
UZF,Array Digital Infrastructure Inc. 5.500% Senior Notes due 2070,$16.79,-0.20,-1.177%,18538,1443940000.00,United States,2021,Telecommunications Equipment,Telecommunications,/market-activity/stocks/uzf,NYSE
V,Visa Inc.,$379.37,-2.23,-0.584%,6744762,677841329708.00,United States,,Business Services,Consumer Discretionary,/market-activity/stocks/v,NYSE
VAC,Marriott Vacations Worldwide Corporation Common Stock,$104.26,-5.83,-5.296%,568691,3586056063.00,United States,,Real Estate,Finance,/market-activity/stocks/vac,NYSE
VACI,Viking Acquisition Corp. I Class A Ordinary Shares,$10.51,0.28,2.737%,60960,0.00,,2025,Telecommunications Equipment,Telecommunications,/market-activity/stocks/vaci,NYSE
VAL,Valaris Limited Common Shares,$86.37,0.08,0.093%,858312,5997170651.00,United States,2021,Oil & Gas Production,Energy,/market-activity/stocks/val,NYSE
VALE,VALE S.A.  American Depositary Shares Each Representing one common share,$15.09,0.06,0.399%,22611828,64426971587.00,Brazil,,Metal Mining,Basic Materials,/market-activity/stocks/vale,NYSE
VATE,INNOVATE Corp. Common Stock,$7.44,-0.15,-1.976%,105693,101495483.00,United States,,Metal Fabrications,Industrials,/market-activity/stocks/vate,NYSE
VBF,Invesco Bond Fund Common Stock,$14.66,-0.03,-0.204%,33525,0.00,United States,,Trusts Except Educational Religious and Charitable,Finance,/market-activity/stocks/vbf,NYSE
VCV,Invesco California Value Municipal Income Trust Common Stock,$10.48,-0.02,-0.19%,104236,501892702.00,United States,,Trusts Except Educational Religious and Charitable,Finance,/market-activity/stocks/vcv,NYSE
VCX,Fundrise Innovation Fund LLC Common Shares of Limited Liability Company Interests,$34.97,-4.87,-12.224%,1286379,0.00,,2026,,,/market-activity/stocks/vcx,NYSE
VECA,Vernal Capital Acquisition Corp. Ordinary Shares,$10.02,0.00,0.00%,81,0.00,,2026,Blank Checks,Finance,/market-activity/stocks/veca,NYSE
VEEV,Veeva Systems Inc. Class A Common Stock,$285.69,9.00,3.253%,2844945,46255739357.00,United States,2013,Computer Software: Prepackaged Software,Technology,/market-activity/stocks/veev,NYSE
VEL,Velocity Financial Inc. Common Stock,$17.95,-0.06,-0.333%,141295,708692153.00,United States,2020,Finance: Consumer Services,Finance,/market-activity/stocks/vel,NYSE
VET,Vermilion Energy Inc. Common (Canada),$12.83,0.37,2.97%,1409155,1965556000.00,Canada,,Oil & Gas Production,Energy,/market-activity/stocks/vet,NYSE
VFC,V.F. Corporation Common Stock,$13.44,-0.23,-1.683%,5960503,5283728621.00,United States,,Garments and Clothing,Industrials,/market-activity/stocks/vfc,NYSE
VG,Venture Global Inc. Class A common stock,$14.64,0.46,3.244%,12937577,36601359339.00,United States,2025,Oil/Gas Transmission,Utilities,/market-activity/stocks/vg,NYSE
VGI,Virtus Global Multi-Sector Income Fund Common Shares of Beneficial Interest,$7.35,0.01,0.136%,47704,0.00,United States,2012,Investment Managers,Finance,/market-activity/stocks/vgi,NYSE
VGM,Invesco Trust for Investment Grade Municipals Common Stock (DE),$10.37,-0.02,-0.192%,131327,562385508.00,United States,,Trusts Except Educational Religious and Charitable,Finance,/market-activity/stocks/vgm,NYSE
VGNT,Versigent PLC Ordinary Shares,$47.40,-0.81,-1.68%,630243,3357591561.00,United Kingdom,2026,Auto Parts:O.E.M.,Consumer Discretionary,/market-activity/stocks/vgnt,NYSE
VHI,Valhi Inc. Common Stock,$18.69,0.65,3.603%,16408,529323097.00,United States,,Major Chemicals,Basic Materials,/market-activity/stocks/vhi,NYSE
VIA,Via Transportation Inc. Class A Common Stock,$27.93,-0.64,-2.24%,640832,2276451771.00,United States,2025,Computer Software: Prepackaged Software,Technology,/market-activity/stocks/via,NYSE
VICI,VICI Properties Inc. Common Stock,$25.65,-0.22,-0.85%,9094096,28242639465.00,United States,2018,Real Estate Investment Trusts,Real Estate,/market-activity/stocks/vici,NYSE
VII,Viking Acquisition Corp. II Class A Ordinary Shares,$9.85,0.005,0.051%,104113,0.00,,2026,,,/market-activity/stocks/vii,NYSE
VIK,Viking Holdings Ltd Ordinary Shares,$86.14,-2.36,-2.667%,3166344,38400009399.00,United States,2024,Marine Transportation,Consumer Discretionary,/market-activity/stocks/vik,NYSE
VIPS,Vipshop Holdings Limited American Depositary Shares each representing two ordinary shares,$13.10,-0.40,-2.963%,3622900,6291544074.00,China,2012,Catalog/Specialty Distribution,Consumer Discretionary,/market-activity/stocks/vips,NYSE
VIRT,Virtu Financial Inc. Class A Common Stock,$65.64,-0.75,-1.13%,1070619,10187342900.00,United States,,Investment Bankers/Brokers/Service,Finance,/market-activity/stocks/virt,NYSE
VIST,Vista Energy S.A.B. de C.V. American Depositary Shares each representing one series A share with no par value,$71.46,1.32,1.882%,1002713,7954741547.00,Mexico,2019,Oil & Gas Production,Energy,/market-activity/stocks/vist,NYSE
VIV,Telefonica Brasil S.A. American Depositary Shares (Each representing One Common Share),$11.54,0.15,1.317%,1579046,18438648651.00,Brazil,2020,Telecommunications Equipment,Telecommunications,/market-activity/stocks/viv,NYSE
VKQ,Invesco Municipal Trust Common Stock,$9.71,-0.07,-0.716%,160596,537307851.00,United States,,Trusts Except Educational Religious and Charitable,Finance,/market-activity/stocks/vkq,NYSE
VLN,Valens Semiconductor Ltd. Ordinary Shares,$1.78,-0.02,-1.111%,626203,187421006.00,,,Semiconductors,Technology,/market-activity/stocks/vln,NYSE
VLO,Valero Energy Corporation Common Stock,$358.92,6.56,1.862%,3537248,103342924302.00,United States,,Integrated oil Companies,Energy,/market-activity/stocks/vlo,NYSE
VLRS,Controladora Vuela Compania de Aviacion S.A.B. de C.V. American Depositary Shares each representing ten (10) Ordinary Participation Certificates,$6.54,-0.20,-2.967%,313112,759921323.00,,2013,Air Freight/Delivery Services,Consumer Discretionary,/market-activity/stocks/vlrs,NYSE
VLT,Invesco High Income Trust II,$9.88,-0.02,-0.202%,19784,0.00,United States,1989,Trusts Except Educational Religious and Charitable,Finance,/market-activity/stocks/vlt,NYSE
VLTO,Veralto Corp Common Stock ,$98.57,0.01,0.01%,2760986,24030709918.00,United States,2023,Electrical Products,Industrials,/market-activity/stocks/vlto,NYSE
VMC,Vulcan Materials Company (Holding Company) Common Stock,$269.58,-4.93,-1.796%,996094,34931836460.00,United States,,Mining & Quarrying of Nonmetallic Minerals (No Fuels),Industrials,/market-activity/stocks/vmc,NYSE
VMI,Valmont Industries Inc. Common Stock,$469.66,-6.62,-1.39%,193349,9066719608.00,United States,,Metal Fabrications,Industrials,/market-activity/stocks/vmi,NYSE
VMO,Invesco Municipal Opportunity Trust Common Stock,$9.69,-0.05,-0.513%,210448,653500238.00,United States,,Trusts Except Educational Religious and Charitable,Finance,/market-activity/stocks/vmo,NYSE
VMRK,Vivmark Residential Common Shares of Beneficial Interest,$65.14,-0.40,-0.61%,6279104,51297750000.00,United States,,Real Estate Investment Trusts,Real Estate,/market-activity/stocks/vmrk,NYSE
VNO,Vornado Realty Trust Common Stock,$37.38,-0.82,-2.147%,1141320,6979613449.00,United States,,Real Estate Investment Trusts,Real Estate,/market-activity/stocks/vno,NYSE
VNO^L,Vornado Realty Trust Pfd Ser L %,$17.60,-0.10,-0.565%,38867,,United States,,,,/market-activity/stocks/vno^l,NYSE
VNO^M,Vornado Realty Trust 5.25% Series M Cumulative Redeemable Preferred Shares of Beneficial Interest liquidation preference $25.00 per share no par value per share,$17.60,-0.205,-1.151%,33360,,United States,,,,/market-activity/stocks/vno^m,NYSE
VNO^N,Vornado Realty Trust 5.25% Series N Cumulative Redeemable Preferred Shares of Beneficial Interest liquidation preference $25.00 per share,$17.43,-0.045,-0.258%,14872,,United States,,,,/market-activity/stocks/vno^n,NYSE
VNO^O,Vornado Realty Trust 4.45% Series O Cumulative Redeemable Preferred Shares Liquidation Preference $25.00 Per Share,$14.54,-0.17,-1.156%,12877,,United States,,,,/market-activity/stocks/vno^o,NYSE
VNT,Vontier Corporation Common Stock ,$32.21,-0.55,-1.679%,1285289,4354792000.00,United States,2020,Industrial Machinery/Components,Industrials,/market-activity/stocks/vnt,NYSE
VOC,VOC Energy Trust Units of Beneficial Interest,$3.38,0.09,2.736%,55252,57460000.00,United States,2011,Oil & Gas Production,Energy,/market-activity/stocks/voc,NYSE
VOYA,Voya Financial Inc. Common Stock,$101.32,-1.23,-1.199%,1099062,9179222081.00,United States,2013,Life Insurance,Finance,/market-activity/stocks/voya,NYSE
VOYA^B,Voya Financial Inc. Depositary Shares each representing a 1/40th interest in a share of 5.35% Fixed-Rate Reset Non-Cumulative Preferred Stock Series B,$23.44,-0.02,-0.085%,19217,,United States,,,,/market-activity/stocks/voya^b,NYSE
VOYG,Voyager Technologies Inc. Class A Common Stock,$33.63,-0.66,-1.925%,1636695,2083975702.00,United States,2025,Military/Government/Technical,Industrials,/market-activity/stocks/voyg,NYSE
VPG,Vishay Precision Group Inc. Common Stock,$61.81,-0.74,-1.183%,547594,823335778.00,United States,,Electrical Products,Technology,/market-activity/stocks/vpg,NYSE
VPV,Invesco Pennsylvania Value Municipal Income Trust Common Stock (DE),$11.24,-0.05,-0.443%,53777,267844075.00,United States,,Trusts Except Educational Religious and Charitable,Finance,/market-activity/stocks/vpv,NYSE
VRT,Vertiv Holdings LLC Class A Common Stock,$258.72,1.64,0.638%,4082685,99604140119.00,United States,2018,Industrial Machinery/Components,Technology,/market-activity/stocks/vrt,NYSE
VRTS,Virtus Investment Partners Inc. Common Stock,$165.50,-3.02,-1.792%,109729,1096055195.00,United States,,Investment Managers,Finance,/market-activity/stocks/vrts,NYSE
VSH,Vishay Intertechnology Inc. Common Stock,$30.43,-0.13,-0.425%,6105619,4667328052.00,United States,,Electrical Products,Technology,/market-activity/stocks/vsh,NYSE
VST,Vistra Corp. Common Stock,$137.37,0.28,0.204%,4128946,46106206737.00,United States,,Electric Utilities: Central,Utilities,/market-activity/stocks/vst,NYSE
VSTS,Vestis Corporation Common Stock,$12.51,0.03,0.24%,1491691,1653322914.00,United States,2023,Consumer Specialties,Consumer Discretionary,/market-activity/stocks/vsts,NYSE
VSXY,Victorias Secret & Co. Common Stock ,$85.41,-2.44,-2.777%,2130053,6789387805.00,United States,2021,Clothing/Shoe/Accessory Stores,Consumer Discretionary,/market-activity/stocks/vsxy,NYSE
VTEX,VTEX Class A Common Shares,$3.60,0.00,0.00%,463106,622776524.00,United Kingdom,2021,Computer Software: Prepackaged Software,Technology,/market-activity/stocks/vtex,NYSE
VTMX,Corporacion Inmobiliaria Vesta S.A.B de C.V. American Depositary Shares each representing ten (10) Common Shares,$34.42,0.49,1.444%,49744,3044402326.00,,2023,Real Estate,Finance,/market-activity/stocks/vtmx,NYSE
VTN,Invesco Trust for Investment Grade New York Municipals Common Stock,$10.71,-0.04,-0.372%,30716,208694835.00,United States,,Finance Companies,Finance,/market-activity/stocks/vtn,NYSE
VTOL,Bristow Group Inc. Common Stock,$45.39,1.66,3.796%,327216,1345450380.00,United States,,Transportation Services,Consumer Discretionary,/market-activity/stocks/vtol,NYSE
VTR,Ventas Inc. Common Stock,$91.17,-0.64,-0.697%,4254060,46765319550.00,United States,,Real Estate Investment Trusts,Real Estate,/market-activity/stocks/vtr,NYSE
VTS,Vitesse Energy Inc. Common Stock,$17.49,0.30,1.745%,479969,736404504.00,United States,2023,Oil & Gas Production,Energy,/market-activity/stocks/vts,NYSE
VVR,Invesco Senior Income Trust Common Stock (DE),$2.95,0.02,0.683%,887943,0.00,United States,1998,Trusts Except Educational Religious and Charitable,Finance,/market-activity/stocks/vvr,NYSE
VVV,Valvoline Inc. Common Stock,$32.06,-0.05,-0.156%,1718643,4090420561.00,United States,2016,Major Chemicals,Industrials,/market-activity/stocks/vvv,NYSE
VVX,V2X Inc. Common Stock,$77.16,-0.53,-0.682%,470542,2418607823.00,United States,2014,Diversified Commercial Services,Consumer Discretionary,/market-activity/stocks/vvx,NYSE
VYX,NCR Voyix Corporation Common Stock,$8.38,-0.40,-4.556%,3019190,1157025745.00,United States,,Office Equipment/Supplies/Services,Miscellaneous,/market-activity/stocks/vyx,NYSE
VZ,Verizon Communications Inc. Common Stock,$50.02,-0.08,-0.16%,21402961,207821855604.00,United States,,Telecommunications Equipment,Telecommunications,/market-activity/stocks/vz,NYSE
W,Wayfair Inc. Class A Common Stock,$99.27,-4.49,-4.327%,2559151,13596820309.00,United States,2014,Catalog/Specialty Distribution,Consumer Discretionary,/market-activity/stocks/w,NYSE
WAB,Westinghouse Air Brake Technologies Corporation Common Stock,$285.93,-6.30,-2.156%,1026616,48296679626.00,United States,,Railroads,Industrials,/market-activity/stocks/wab,NYSE
WAL,Western Alliance Bancorporation Common Stock (DE),$78.13,-0.40,-0.509%,1114891,8524050504.00,United States,2005,Major Banks,Finance,/market-activity/stocks/wal,NYSE
WAL^A,Western Alliance Bancorporation Depositary Shares Each Representing a 1/400th Interest in a Share of 4.250% Fixed-Rate Non-Cumulative Perpetual Preferred Stock Series A,$24.83,-0.16,-0.64%,36499,,United States,,,,/market-activity/stocks/wal^a,NYSE
WAT,Waters Corporation Common Stock,$414.63,-0.06,-0.014%,679238,40736614264.00,United States,1995,Biotechnology: Laboratory Analytical Instruments,Industrials,/market-activity/stocks/wat,NYSE
WBI,WaterBridge Infrastructure LLC Class A Shares Representing Limited Liability Company Interests,$31.80,0.36,1.145%,443366,3925907446.00,,2025,Oilfield Services/Equipment,Energy,/market-activity/stocks/wbi,NYSE
WBX,Wallbox N.V. Class A Ordinary Shares,$3.01,-0.03,-0.987%,7301,71912208.00,Spain,,Industrial Specialties,Consumer Discretionary,/market-activity/stocks/wbx,NYSE
WCC,WESCO International Inc. Common Stock,$340.40,3.98,1.183%,325220,16588663502.00,United States,1999,Telecommunications Equipment,Consumer Discretionary,/market-activity/stocks/wcc,NYSE
WCN,Waste Connections Inc. Common Shares,$165.32,-0.61,-0.368%,1074693,42193801629.00,Canada,,Environmental Services,Utilities,/market-activity/stocks/wcn,NYSE
WD,Walker & Dunlop Inc Common Stock,$40.53,-0.82,-1.983%,507263,1391222445.00,United States,2010,Finance: Consumer Services,Finance,/market-activity/stocks/wd,NYSE
WDH,Waterdrop Inc. American Depositary Shares (each representing the right to receive 10 Class A Ordinary Shares),$0.99,-0.0075,-0.756%,175265,353912424.00,Cayman Islands,2021,Specialty Insurers,Finance,/market-activity/stocks/wdh,NYSE
WDI,Western Asset Diversified Income Fund Common Shares of Beneficial Interest,$12.87,0.00,0.00%,250948,0.00,United States,2021,Trusts Except Educational Religious and Charitable,Finance,/market-activity/stocks/wdi,NYSE
WDS,Woodside Energy Group Limited American Depositary Shares each representing one Ordinary Share,$23.28,0.22,0.954%,651457,44257611329.00,Australia,2022,Oil & Gas Production,Energy,/market-activity/stocks/wds,NYSE
WEA,Western Asset Bond Fund Share of Beneficial Interest,$10.48,0.045,0.431%,40360,0.00,United States,2002,Trusts Except Educational Religious and Charitable,Finance,/market-activity/stocks/wea,NYSE
WEAV,Weave Communications Inc. Common Stock,$7.31,0.02,0.274%,1803604,584793560.00,United States,2021,Computer Software: Prepackaged Software,Technology,/market-activity/stocks/weav,NYSE
WEC,WEC Energy Group Inc. Common Stock,$106.17,-0.05,-0.047%,2087877,34595428993.00,United States,,Power Generation,Utilities,/market-activity/stocks/wec,NYSE
WELL,Welltower Inc. Common Stock,$236.24,-1.83,-0.769%,4911276,170268787224.00,United States,,Real Estate Investment Trusts,Real Estate,/market-activity/stocks/well,NYSE
WENC,West Enclave Merger Corp. Ordinary Shares,$10.00,0.015,0.15%,113,0.00,,2026,Blank Checks,Finance,/market-activity/stocks/wenc,NYSE
WES,Western Midstream Partners LP Common Units Representing Limited Partner Interests,$48.10,-0.20,-0.414%,755840,19873697923.00,United States,2012,Natural Gas Distribution,Utilities,/market-activity/stocks/wes,NYSE
WEX,WEX Inc. common stock,$190.58,-6.74,-3.416%,919937,6495273424.00,United States,,Business Services,Consumer Discretionary,/market-activity/stocks/wex,NYSE
WF,Woori Financial Group Inc. American Depositary Shares (each representing three (3) shares of Common Stock),$73.14,-0.19,-0.259%,69358,17822727114.00,South Korea,,Commercial Banks,Finance,/market-activity/stocks/wf,NYSE
WFC,Wells Fargo & Company Common Stock,$86.39,-0.30,-0.346%,19125561,261243302637.00,United States,,Major Banks,Finance,/market-activity/stocks/wfc,NYSE
WFC^A,Wells Fargo & Company Depositary Shares each representing a 1/1000th interest in a share of Non-Cumulative Perpetual Class A Preferred Stock Series AA,$17.56,-0.44,-2.444%,193386,,United States,,,,/market-activity/stocks/wfc^a,NYSE
WFC^C,Wells Fargo & Company Depositary Shares each representing a 1/1000th interest in a share of Non-Cumulative Perpetual Class A Preferred Stock Series CC,$16.39,-0.40,-2.382%,116443,,United States,,,,/market-activity/stocks/wfc^c,NYSE
WFC^D,Wells Fargo & Company Depositary Shares each representing a 1/1000th interest in  a share of Non-Cumulative Perpetual Class A Preferred Stock Series DD,$16.07,-0.34,-2.072%,136291,,United States,,,,/market-activity/stocks/wfc^d,NYSE
WFC^L,Wells Fargo & Company 7.50% Non-Cumulative Perpetual Convertible Class A Preferred Stock Series L,$1144.02,-24.35,-2.084%,14456,,United States,,,,/market-activity/stocks/wfc^l,NYSE
WFC^Y,Wells Fargo & Company Depositary Shares each representing a 1/1000th interest in a share of Non-Cumulative Perpetual Class A Preferred Stock Series Y,$22.22,-0.04,-0.18%,233749,,United States,,,,/market-activity/stocks/wfc^y,NYSE
WFC^Z,Wells Fargo & Company Depositary Shares each representing a 1/1000th interest in a share of Non-Cumulative Perpetual Class A Preferred Stock Series Z,$17.82,-0.46,-2.516%,557227,,United States,,,,/market-activity/stocks/wfc^z,NYSE
WFG,West Fraser Timber Co. Ltd Common stock,$68.16,0.49,0.724%,206808,5337188508.00,Canada,2021,Forest Products,Basic Materials,/market-activity/stocks/wfg,NYSE
WGO,Winnebago Industries Inc. Common Stock,$30.09,-0.51,-1.667%,507917,850610990.00,United States,,Homebuilding,Industrials,/market-activity/stocks/wgo,NYSE
WH,Wyndham Hotels & Resorts Inc. Common Stock ,$73.66,-2.36,-3.104%,836714,5466391247.00,United States,2018,Hotels/Resorts,Consumer Discretionary,/market-activity/stocks/wh,NYSE
WHD,Cactus Inc. Class A Common Stock,$70.32,0.67,0.962%,925915,5638216603.00,United States,2018,Oil and Gas Field Machinery,Consumer Discretionary,/market-activity/stocks/whd,NYSE
WHG,Westwood Holdings Group Inc Common Stock,$19.37,-0.41,-2.073%,21566,184850854.00,United States,,Investment Managers,Finance,/market-activity/stocks/whg,NYSE
WHK,WhiteHawk Minerals Corp Class A Common Stock,$27.44,0.92,3.469%,174947,755847148.00,,2026,Oil & Gas Production,Energy,/market-activity/stocks/whk,NYSE
WHR,Whirlpool Corporation Common Stock,$40.84,-0.31,-0.753%,1812697,2662742598.00,United States,,Consumer Electronics/Appliances,Consumer Discretionary,/market-activity/stocks/whr,NYSE
WHR^A,Whirlpool Corporation Depositary Shares each representing a 1/20th interest in a share of 8.50% Series A Mandatory Convertible Preferred Stock,$34.70,0.04,0.115%,25388,,United States,,,,/market-activity/stocks/whr^a,NYSE
WIA,Western Asset Inflation-Linked Income Fund,$7.90,-0.035,-0.441%,42545,0.00,United States,2003,Trusts Except Educational Religious and Charitable,Finance,/market-activity/stocks/wia,NYSE
WIT,Wipro Limited Common Stock,$1.85,0.03,1.648%,11500080,18321567124.00,India,,EDP Services,Technology,/market-activity/stocks/wit,NYSE
WIW,Western Asset Inflation-Linked Opportunities & Income Fund,$8.30,-0.02,-0.24%,364165,0.00,United States,2004,Finance Companies,Finance,/market-activity/stocks/wiw,NYSE
WK,Workiva Inc. Class A Common Stock,$80.00,0.85,1.074%,852089,4353319040.00,United States,2014,Computer Software: Prepackaged Software,Technology,/market-activity/stocks/wk,NYSE
WKC,World Kinect Corporation Common Stock,$35.75,0.30,0.846%,1289341,1828670415.00,United States,,Oil Refining/Marketing,Energy,/market-activity/stocks/wkc,NYSE
WLK,Westlake Corporation Common Stock,$75.07,-0.64,-0.845%,561716,9593686858.00,United States,2004,Major Chemicals,Industrials,/market-activity/stocks/wlk,NYSE
WLKP,Westlake Chemical Partners LP Common Units representing limited partner interests,$21.64,0.01,0.046%,21410,762720822.00,United States,2014,Major Chemicals,Industrials,/market-activity/stocks/wlkp,NYSE
WLY,John Wiley & Sons Inc. Common Stock,$52.39,-1.32,-2.458%,686336,2659504480.00,United States,,Books,Consumer Discretionary,/market-activity/stocks/wly,NYSE
WLYB,John Wiley & Sons Inc. Common Stock,$54.18,0.00,0.00%,282,2750371306.00,United States,,Books,Consumer Discretionary,/market-activity/stocks/wlyb,NYSE
WM,Waste Management Inc. Common Stock,$218.92,-0.74,-0.337%,2779211,87505648081.00,United States,,Environmental Services,Utilities,/market-activity/stocks/wm,NYSE
WMB,Williams Companies Inc. (The) Common Stock,$75.05,1.32,1.79%,20164267,91798718774.00,United States,,Natural Gas Distribution,Utilities,/market-activity/stocks/wmb,NYSE
WMK,Weis Markets Inc. Common Stock,$71.05,-0.15,-0.211%,178739,1758103617.00,United States,,Food Chains,Consumer Staples,/market-activity/stocks/wmk,NYSE
WMS,Advanced Drainage Systems Inc. Common Stock,$135.73,-1.26,-0.92%,514734,10234767070.00,United States,2014,Containers/Packaging,Consumer Discretionary,/market-activity/stocks/wms,NYSE
WNC,Wabash National Corporation Common Stock,$13.49,0.16,1.20%,888833,549544464.00,United States,1991,Construction/Ag Equipment/Trucks,Industrials,/market-activity/stocks/wnc,NYSE
WOLF,Wolfspeed Inc. Common Stock New,$27.40,1.55,5.996%,2603746,1452073850.00,United States,2025,Semiconductors,Technology,/market-activity/stocks/wolf,NYSE
WOR,Worthington Enterprises Inc. Common Shares,$57.44,0.12,0.209%,203319,2810354473.00,United States,,Steel/Iron Ore,Industrials,/market-activity/stocks/wor,NYSE
WPAC,White Pearl Acquisition Corp. Class A Ordinary Shares,$10.04,0.00,0.00%,7,0.00,,2026,Blank Checks,Finance,/market-activity/stocks/wpac,NYSE
WPC,W. P. Carey Inc. REIT,$69.96,-0.55,-0.78%,2078568,15938068855.00,United States,,Real Estate Investment Trusts,Real Estate,/market-activity/stocks/wpc,NYSE
WPM,Wheaton Precious Metals Corp Common Shares (Canada),$150.83,-2.50,-1.63%,2226534,68500947973.00,Canada,,Precious Metals,Basic Materials,/market-activity/stocks/wpm,NYSE
WPP,WPP plc American Depositary Shares,$25.58,-0.24,-0.93%,171116,5519152874.00,Ireland,,Advertising,Consumer Discretionary,/market-activity/stocks/wpp,NYSE
WRB,W.R. Berkley Corporation Common Stock,$67.56,-0.88,-1.286%,2029206,25080131859.00,United States,,Property-Casualty Insurers,Finance,/market-activity/stocks/wrb,NYSE
WRB^E,W.R. Berkley Corporation 5.70% Subordinated Debentures due 2058,$20.64,0.03,0.146%,25171,,United States,,,,/market-activity/stocks/wrb^e,NYSE
WRB^F,W.R. Berkley Corporation 5.10% Subordinated Debentures due 2059,$18.00,-0.06,-0.332%,44641,,United States,,,,/market-activity/stocks/wrb^f,NYSE
WRB^G,W.R. Berkley Corporation 4.25% Subordinated Debentures due 2060,$15.57,-0.08,-0.511%,11761,,United States,,,,/market-activity/stocks/wrb^g,NYSE
WRB^H,W.R. Berkley Corporation 4.125% Subordinated Debentures due 2061,$15.11,-0.03,-0.198%,42003,,United States,,,,/market-activity/stocks/wrb^h,NYSE
WRBY,Warby Parker Inc. Class A Common Stock,$24.60,-0.40,-1.60%,2304156,3040758128.00,United States,2021,Ophthalmic Goods,Health Care,/market-activity/stocks/wrby,NYSE
WS,Worthington Steel Inc. Common Shares,$34.45,0.39,1.145%,288754,1755111025.00,United States,2023,Steel/Iron Ore,Industrials,/market-activity/stocks/ws,NYSE
WSM,Williams-Sonoma Inc. Common Stock (DE),$228.25,-6.84,-2.91%,1786671,26875663961.00,United States,,Home Furnishings,Consumer Discretionary,/market-activity/stocks/wsm,NYSE
WSO,Watsco Inc. Common Stock,$309.82,-0.94,-0.302%,649174,12780754745.00,United States,,Industrial Machinery/Components,Consumer Discretionary,/market-activity/stocks/wso,NYSE
WSO/B,Watsco Inc.,$316.05,0.00,0.00%,24,,United States,,,,/market-activity/stocks/wso/b,NYSE
WST,West Pharmaceutical Services Inc. Common Stock,$341.11,3.64,1.079%,615601,24005876176.00,United States,,Medical/Dental Instruments,Health Care,/market-activity/stocks/wst,NYSE
WT,WisdomTree Inc. Common Stock,$24.06,-0.37,-1.515%,2813075,3645381391.00,United States,2022,Investment Bankers/Brokers/Service,Finance,/market-activity/stocks/wt,NYSE
WTI,W&T Offshore Inc. Common Stock,$3.71,0.14,3.922%,2587811,559998352.00,United States,2005,Oil & Gas Production,Energy,/market-activity/stocks/wti,NYSE
WTM,White Mountains Insurance Group Ltd. Common Stock,$2102.01,-33.40,-1.564%,21811,5016911409.00,United States,,Property-Casualty Insurers,Finance,/market-activity/stocks/wtm,NYSE
WTRG,Essential Utilities Inc. Common Stock,$41.17,0.07,0.17%,2318818,11683165168.00,United States,,Water Supply,Utilities,/market-activity/stocks/wtrg,NYSE
WTS,Watts Water Technologies Inc. Class A Common Stock,$365.75,-0.59,-0.161%,207680,12209850538.00,United States,1986,Metal Fabrications,Industrials,/market-activity/stocks/wts,NYSE
WTTR,Select Water Solutions Inc. Class A common stock,$19.50,0.22,1.141%,1507652,2700376244.00,United States,2017,Oilfield Services/Equipment,Energy,/market-activity/stocks/wttr,NYSE
WU,Western Union Company (The) Common Stock,$7.16,-0.08,-1.105%,12438668,2233053504.00,United States,,Business Services,Consumer Discretionary,/market-activity/stocks/wu,NYSE
WWW,Wolverine World Wide Inc. Common Stock,$19.73,-0.61,-2.999%,670574,1619168868.00,United States,,Shoe Manufacturing,Consumer Discretionary,/market-activity/stocks/www,NYSE
WY,Weyerhaeuser Company Common Stock,$23.37,-0.27,-1.142%,6834111,16843600320.00,United States,,Real Estate Investment Trusts,Real Estate,/market-activity/stocks/wy,NYSE
XFLH,XFLH Capital Corporation Ordinary Shares,$10.04,0.00,0.00%,621,0.00,,2026,Blank Checks,Finance,/market-activity/stocks/xflh,NYSE
XFLT,XAI Floating Rate & Alternative Income Trust Common Shares of Beneficial Interest,$18.86,-0.41,-2.128%,152003,668936514.00,United States,2017,Investment Managers,Finance,/market-activity/stocks/xflt,NYSE
XHR,Xenia Hotels & Resorts Inc. Common Stock,$18.75,-0.71,-3.649%,1113091,1729609406.00,United States,2015,Hotels/Resorts,Consumer Discretionary,/market-activity/stocks/xhr,NYSE
XIFR,XPLR Infrastructure LP Common Units representing limited partner interests,$12.00,0.28,2.389%,1201776,1131273540.00,United States,2014,Electric Utilities: Central,Utilities,/market-activity/stocks/xifr,NYSE
XOM,ExxonMobil Holdings Corporation Common Stock,$160.95,4.24,2.706%,18363316,661812229962.00,United States,,Integrated oil Companies,Energy,/market-activity/stocks/xom,NYSE
XPER,Xperi Inc. Common Stock ,$5.94,-0.06,-1.00%,472312,289704623.00,United States,2022,Computer Software: Prepackaged Software,Technology,/market-activity/stocks/xper,NYSE
XPEV,XPeng Inc. American depositary shares each representing two Class A ordinary shares,$11.36,-0.17,-1.474%,4589414,10858220848.00,China,2020,Auto Manufacturing,Industrials,/market-activity/stocks/xpev,NYSE
XPO,XPO Inc. Common Stock,$193.99,5.43,2.88%,1310757,22713603345.00,United States,,Transportation Services,Consumer Discretionary,/market-activity/stocks/xpo,NYSE
XPOF,Xponential Fitness Inc. Class A Common Stock,$5.45,0.02,0.368%,534471,268815800.00,United States,2021,Services-Misc. Amusement & Recreation,Consumer Discretionary,/market-activity/stocks/xpof,NYSE
XPRO,Expro Ltd Ordinary Shares,$18.12,0.51,2.896%,819338,2054722528.00,Cayman Islands,,Oilfield Services/Equipment,Energy,/market-activity/stocks/xpro,NYSE
XRN,Chiron Real Estate Inc. Common Stock,$36.50,-0.32,-0.869%,84974,483180795.00,United States,2016,Real Estate Investment Trusts,Real Estate,/market-activity/stocks/xrn,NYSE
XRN^A,Chiron Real Estate Inc. Series A Cumulative Redeemable Preferred Stock,$24.87,-0.23,-0.916%,3132,,United States,,,,/market-activity/stocks/xrn^a,NYSE
XRN^B,Chiron Real Estate Inc. 8.00% Series B Cumulative Redeemable Preferred Stock $0.001 par value per share,$25.50,-0.0236,-0.092%,768,,United States,,,,/market-activity/stocks/xrn^b,NYSE
XXI,Twenty One Capital Inc. Class A Common Stock,$6.12,0.11,1.83%,1045684,3441717999.00,,2025,Finance: Consumer Services,Finance,/market-activity/stocks/xxi,NYSE
XYF,X Financial American Depositary Shares each representing six Class A Ordinary Shares,$5.70,0.16,2.888%,99684,312262188.00,Cayman Islands,2018,Finance: Consumer Services,Finance,/market-activity/stocks/xyf,NYSE
XYL,Xylem Inc. Common Stock New,$110.11,-1.20,-1.078%,2009392,25709232869.00,United States,2011,Fluid Controls,Industrials,/market-activity/stocks/xyl,NYSE
XYZ,Block Inc. Class A Common Stock,$82.02,-1.55,-1.855%,6106323,49277205900.00,United States,2015,Computer Software: Prepackaged Software,Technology,/market-activity/stocks/xyz,NYSE
XZO,Exzeo Group Inc. Common Stock,$16.78,-0.11,-0.651%,178033,1511641704.00,,2025,Computer Software: Prepackaged Software,Technology,/market-activity/stocks/xzo,NYSE
YALA,Yalla Group Limited American Depositary Shares each representing one Class A Ordinary Share,$5.49,-0.02,-0.363%,366379,833541139.00,United Arab Emirates,2020,Computer Software: Programming Data Processing,Technology,/market-activity/stocks/yala,NYSE
YCY,AA Mission Acquisition Corp. II Class A Ordinary Shares,$10.27,0.02,0.195%,204205,0.00,,2025,,,/market-activity/stocks/ycy,NYSE
YELP,Yelp Inc. Common Stock,$22.35,-0.83,-3.581%,1212820,1212791929.00,United States,2012,Other Consumer Services,Consumer Discretionary,/market-activity/stocks/yelp,NYSE
YETI,YETI Holdings Inc. Common Stock,$41.05,-0.52,-1.251%,1257950,2996190076.00,United States,2018,Recreational Games/Products/Toys,Consumer Discretionary,/market-activity/stocks/yeti,NYSE
YEXT,Yext Inc. Common Stock,$6.77,-0.14,-2.026%,1313225,678679745.00,United States,2017,EDP Services,Technology,/market-activity/stocks/yext,NYSE
YMM,Full Truck Alliance Co. Ltd. American Depositary Shares (each representing 20 Class A Ordinary Shares),$8.47,-0.34,-3.859%,13281100,8788000467.00,China,2021,Computer Software: Prepackaged Software,Technology,/market-activity/stocks/ymm,NYSE
YOU,Clear Secure Inc. Class A Common Stock,$44.15,0.72,1.658%,1583740,5972968820.00,United States,2021,Computer Software: Prepackaged Software,Technology,/market-activity/stocks/you,NYSE
YPF,YPF Sociedad Anonima American Depositary Shares,$51.58,1.38,2.749%,1051792,20287073863.00,Argentina,1993,Integrated oil Companies,Energy,/market-activity/stocks/ypf,NYSE
YRD,Yiren Digital Ltd. American Depositary Shares each representing two ordinary shares,$1.01,-0.04,-3.81%,63091,88363346.00,China,2015,Finance: Consumer Services,Finance,/market-activity/stocks/yrd,NYSE
YSG,Yatsen Holding Limited American Depositary Shares each representing twenty (20) Class A Ordinary Shares,$2.75,-0.29,-9.539%,69375,258129856.00,China,,Package Goods/Cosmetics,Consumer Discretionary,/market-activity/stocks/ysg,NYSE
YSS,York Space Systems Inc. Common Stock,$9.09,0.12,1.338%,1909484,1248580629.00,,2026,Military/Government/Technical,Industrials,/market-activity/stocks/yss,NYSE
YUM,Yum! Brands Inc.,$153.31,-0.55,-0.357%,1954482,41838465341.00,United States,,Restaurants,Consumer Discretionary,/market-activity/stocks/yum,NYSE
YUMC,Yum China Holdings Inc. Common Stock,$44.61,-0.41,-0.911%,2241840,15277057447.00,United States,2016,Restaurants,Consumer Discretionary,/market-activity/stocks/yumc,NYSE
ZBH,Zimmer Biomet Holdings Inc. Common Stock,$100.04,-0.87,-0.862%,1304303,19081398408.00,United States,,Industrial Specialties,Health Care,/market-activity/stocks/zbh,NYSE
ZEPP,Zepp Health Corporation American depositary shares each representing sixteen Class A ordinary shares,$4.82,-0.22,-4.365%,53954,70685208.00,China,,Computer Manufacturing,Technology,/market-activity/stocks/zepp,NYSE
ZETA,Zeta Global Holdings Corp. Class A Common Stock,$30.97,0.43,1.408%,12647815,7773891347.00,United States,2021,Computer Software: Prepackaged Software,Technology,/market-activity/stocks/zeta,NYSE
ZGN,Ermenegildo Zegna N.V. Ordinary Shares,$13.58,-0.15,-1.092%,688663,3643677639.00,,2021,Apparel,Consumer Discretionary,/market-activity/stocks/zgn,NYSE
ZH,Zhihu Inc. American Depositary Shares each representing three (3) Class A Ordinary Shares,$2.76,-0.09,-3.158%,604856,245045949.00,China,,Business Services,Consumer Discretionary,/market-activity/stocks/zh,NYSE
ZIM,ZIM Integrated Shipping Services Ltd. Ordinary Shares,$27.40,-0.04,-0.146%,645767,3300765879.00,,2021,Marine Transportation,Consumer Discretionary,/market-activity/stocks/zim,NYSE
ZIP,ZipRecruiter Inc. Class A Common Stock,$4.26,-0.16,-3.62%,1436181,350283454.00,United States,2021,Computer Software: Programming Data Processing,Technology,/market-activity/stocks/zip,NYSE
ZKH,ZKH Group Limited American Depositary Shares each representing thirty-five (35) Class A Ordinary Shares,$2.92,0.00,0.00%,210859,464044406.00,Cayman Islands,2023,RETAIL: Building Materials,Consumer Discretionary,/market-activity/stocks/zkh,NYSE
ZTO,ZTO Express (Cayman) Inc. American Depositary Shares each representing one Class A ordinary share.,$21.17,-0.33,-1.535%,1698088,16298797671.00,China,2016,Trucking Freight/Courier Services,Industrials,/market-activity/stocks/zto,NYSE
ZTR,Virtus Total Return Fund Inc.,$6.77,-0.07,-1.023%,74919,0.00,United States,1988,Investment Managers,Finance,/market-activity/stocks/ztr,NYSE
ZTS,Zoetis Inc. Class A Common Stock,$77.10,-0.24,-0.31%,5798659,31859539714.00,United States,2013,Biotechnology: Pharmaceutical Preparations,Health Care,/market-activity/stocks/zts,NYSE
ZVIA,Zevia PBC Class A Common Stock,$1.41,-0.03,-2.083%,150008,109057015.00,United States,2021,Beverages (Production/Distribution),Consumer Staples,/market-activity/stocks/zvia,NYSE
ZWS,Zurn Elkay Water Solutions Corporation Common Stock,$47.80,-0.25,-0.52%,1063042,7928303837.00,United States,2012,Industrial Machinery/Components,Industrials,/market-activity/stocks/zws,NYSE
